pos_weight,leaf,max_features,seed,n_estimators,threshold_strategy,threshold,fs_accuracy,test_accuracy,test_balanced_accuracy,confusion_matrix
0.35,10,sqrt,28,400,default,0.5,0.6303225806451613,0.8833746898263027,0.888863287250384,"[[887, 198], [37, 893]]"
0.35,8,sqrt,50,400,default,0.5,0.6232258064516129,0.8813895781637717,0.8890937019969278,"[[856, 229], [10, 920]]"
0.35,10,sqrt,64,400,default,0.5,0.6188709677419355,0.8799007444168735,0.885867895545315,"[[877, 208], [34, 896]]"
0.35,10,sqrt,78,400,default,0.5,0.6220967741935484,0.8794044665012407,0.8854070660522273,"[[876, 209], [34, 896]]"
0.35,8,sqrt,9,400,default,0.5,0.625,0.8784119106699751,0.8851766513056836,"[[865, 220], [25, 905]]"
0.35,8,sqrt,78,400,default,0.5,0.6253225806451613,0.8784119106699751,0.8851766513056836,"[[865, 220], [25, 905]]"
0.45,10,sqrt,6,400,default,0.5,0.6238709677419355,0.8774193548387097,0.8857142857142857,"[[844, 241], [6, 924]]"
0.35,8,sqrt,20,400,default,0.5,0.6241935483870967,0.8774193548387097,0.8841781874039938,"[[864, 221], [26, 904]]"
0.35,10,sqrt,29,400,default,0.5,0.6204838709677419,0.8774193548387097,0.8831029185867896,"[[878, 207], [40, 890]]"
0.45,10,sqrt,54,400,default,0.5,0.6253225806451613,0.8769230769230769,0.8855606758832565,"[[839, 246], [2, 928]]"
0.35,8,sqrt,5,400,default,0.5,0.6211290322580645,0.8769230769230769,0.883794162826421,"[[862, 223], [25, 905]]"
0.35,10,sqrt,55,400,default,0.5,0.6264516129032258,0.8769230769230769,0.8828725038402458,"[[874, 211], [37, 893]]"
0.35,10,sqrt,72,400,default,0.5,0.6241935483870967,0.8769230769230769,0.8828725038402458,"[[874, 211], [37, 893]]"
0.45,10,sqrt,43,400,default,0.5,0.6267741935483871,0.8764267990074441,0.8844086021505376,"[[847, 238], [11, 919]]"
0.35,8,sqrt,16,400,default,0.5,0.6256451612903225,0.8764267990074441,0.883563748079877,"[[858, 227], [22, 908]]"
0.35,8,sqrt,69,400,default,0.5,0.6261290322580645,0.8764267990074441,0.8834869431643625,"[[859, 226], [23, 907]]"
0.35,8,sqrt,62,400,default,0.5,0.6243548387096775,0.8764267990074441,0.8833333333333333,"[[861, 224], [25, 905]]"
0.35,8,sqrt,33,400,default,0.5,0.6296774193548387,0.8764267990074441,0.8832565284178188,"[[862, 223], [26, 904]]"
0.35,8,sqrt,28,400,default,0.5,0.6291935483870967,0.8764267990074441,0.8828725038402458,"[[867, 218], [31, 899]]"
0.35,10,sqrt,79,400,default,0.5,0.6232258064516129,0.8764267990074441,0.882258064516129,"[[875, 210], [39, 891]]"
0.35,8,sqrt,14,400,default,0.5,0.6259677419354839,0.8759305210918115,0.8833333333333333,"[[854, 231], [19, 911]]"
0.35,8,sqrt,35,400,default,0.5,0.6288709677419355,0.8759305210918115,0.8833333333333333,"[[854, 231], [19, 911]]"
0.35,8,sqrt,22,400,default,0.5,0.622741935483871,0.8759305210918115,0.8827188940092165,"[[862, 223], [27, 903]]"
0.35,10,sqrt,44,400,default,0.5,0.6232258064516129,0.8759305210918115,0.8817204301075269,"[[875, 210], [40, 890]]"
0.35,10,sqrt,35,400,default,0.5,0.6229032258064516,0.8759305210918115,0.8815668202764977,"[[877, 208], [42, 888]]"
0.35,10,sqrt,13,400,default,0.5,0.6264516129032258,0.8759305210918115,0.881490015360983,"[[878, 207], [43, 887]]"
0.35,8,sqrt,42,400,default,0.5,0.6235483870967742,0.8754342431761787,0.8824884792626728,"[[858, 227], [24, 906]]"
0.35,8,sqrt,74,400,default,0.5,0.6296774193548387,0.8754342431761787,0.8824884792626728,"[[858, 227], [24, 906]]"
0.35,8,sqrt,15,400,default,0.5,0.6224193548387097,0.8754342431761787,0.8824116743471582,"[[859, 226], [25, 905]]"
0.35,8,sqrt,1,400,default,0.5,0.6266129032258064,0.8754342431761787,0.8822580645161291,"[[861, 224], [27, 903]]"
0.35,10,sqrt,21,400,default,0.5,0.6248387096774194,0.8754342431761787,0.8820276497695853,"[[864, 221], [30, 900]]"
0.35,8,sqrt,30,400,default,0.5,0.6309677419354839,0.8754342431761787,0.8820276497695853,"[[864, 221], [30, 900]]"
0.35,8,sqrt,44,400,default,0.5,0.6241935483870967,0.8754342431761787,0.881720430107527,"[[868, 217], [34, 896]]"
0.35,10,sqrt,8,400,default,0.5,0.6258064516129033,0.8754342431761787,0.8815668202764977,"[[870, 215], [36, 894]]"
0.35,10,sqrt,66,400,default,0.5,0.6214516129032258,0.8754342431761787,0.8811827956989247,"[[875, 210], [41, 889]]"
0.45,10,sqrt,66,400,default,0.5,0.6253225806451613,0.8749379652605459,0.8833333333333333,"[[840, 245], [7, 923]]"
0.35,8,sqrt,73,400,default,0.5,0.6251612903225806,0.8749379652605459,0.8821044546850998,"[[856, 229], [23, 907]]"
0.35,8,sqrt,45,400,default,0.5,0.6214516129032258,0.8749379652605459,0.8817204301075269,"[[861, 224], [28, 902]]"
0.45,8,sqrt,53,400,default,0.5,0.6274193548387097,0.8744416873449131,0.8830261136712749,"[[837, 248], [5, 925]]"
0.45,10,sqrt,51,400,default,0.5,0.6261290322580645,0.8744416873449131,0.8827956989247312,"[[840, 245], [8, 922]]"
0.45,10,sqrt,26,400,default,0.5,0.6243548387096775,0.8744416873449131,0.882642089093702,"[[842, 243], [10, 920]]"
0.45,10,sqrt,0,400,default,0.5,0.6233870967741936,0.8744416873449131,0.8825652841781875,"[[843, 242], [11, 919]]"
0.45,10,sqrt,22,400,default,0.5,0.6190322580645161,0.8744416873449131,0.8825652841781875,"[[843, 242], [11, 919]]"
0.45,10,sqrt,36,400,default,0.5,0.6237096774193548,0.8744416873449131,0.8822580645161291,"[[847, 238], [15, 915]]"
0.35,8,sqrt,34,400,default,0.5,0.6251612903225806,0.8744416873449131,0.881490015360983,"[[857, 228], [25, 905]]"
0.35,8,sqrt,26,400,default,0.5,0.6222580645161291,0.8744416873449131,0.881336405529954,"[[859, 226], [27, 903]]"
0.35,8,sqrt,24,400,default,0.5,0.6259677419354839,0.8744416873449131,0.8809523809523809,"[[864, 221], [32, 898]]"
0.35,8,sqrt,36,400,default,0.5,0.6241935483870967,0.8744416873449131,0.8808755760368663,"[[865, 220], [33, 897]]"
0.35,8,sqrt,55,400,default,0.5,0.6253225806451613,0.8744416873449131,0.8807987711213519,"[[866, 219], [34, 896]]"
0.35,10,sqrt,11,400,default,0.5,0.6253225806451613,0.8744416873449131,0.8807219662058372,"[[867, 218], [35, 895]]"
0.35,10,sqrt,76,400,default,0.5,0.6233870967741936,0.8744416873449131,0.8807219662058372,"[[867, 218], [35, 895]]"
0.35,10,sqrt,7,400,default,0.5,0.6270967741935484,0.8744416873449131,0.8806451612903226,"[[868, 217], [36, 894]]"
0.35,10,sqrt,63,400,default,0.5,0.6222580645161291,0.8744416873449131,0.8806451612903226,"[[868, 217], [36, 894]]"
0.35,10,sqrt,71,400,default,0.5,0.6232258064516129,0.8744416873449131,0.8804915514592934,"[[870, 215], [38, 892]]"
0.35,10,sqrt,26,400,default,0.5,0.6246774193548387,0.8744416873449131,0.8801843317972351,"[[874, 211], [42, 888]]"
0.35,10,sqrt,6,400,default,0.5,0.6235483870967742,0.8744416873449131,0.8800307219662058,"[[876, 209], [44, 886]]"
0.35,10,sqrt,20,400,default,0.5,0.6253225806451613,0.8744416873449131,0.8800307219662058,"[[876, 209], [44, 886]]"
0.45,8,sqrt,19,400,default,0.5,0.6262903225806452,0.8739454094292805,0.8825652841781875,"[[836, 249], [5, 925]]"
0.45,10,sqrt,72,400,default,0.5,0.6262903225806452,0.8739454094292805,0.8824116743471582,"[[838, 247], [7, 923]]"
0.45,10,sqrt,55,400,default,0.5,0.6243548387096775,0.8739454094292805,0.8818740399385561,"[[845, 240], [14, 916]]"
0.45,10,sqrt,32,400,default,0.5,0.6233870967741936,0.8739454094292805,0.8816436251920123,"[[848, 237], [17, 913]]"
0.35,8,sqrt,77,400,default,0.5,0.6208064516129033,0.8739454094292805,0.8812596006144393,"[[853, 232], [22, 908]]"
0.35,8,sqrt,61,400,default,0.5,0.6280645161290322,0.8739454094292805,0.8810291858678956,"[[856, 229], [25, 905]]"
0.35,8,sqrt,21,400,default,0.5,0.6333870967741936,0.8739454094292805,0.8807987711213517,"[[859, 226], [28, 902]]"
0.35,8,sqrt,49,400,default,0.5,0.6248387096774194,0.8739454094292805,0.8807987711213517,"[[859, 226], [28, 902]]"
0.35,10,sqrt,56,400,default,0.5,0.6267741935483871,0.8739454094292805,0.8803379416282642,"[[865, 220], [34, 896]]"
0.35,10,sqrt,9,400,default,0.5,0.6217741935483871,0.8739454094292805,0.8800307219662058,"[[869, 216], [38, 892]]"
0.35,10,sqrt,38,400,default,0.5,0.6161290322580645,0.8739454094292805,0.8800307219662058,"[[869, 216], [38, 892]]"
0.35,10,sqrt,4,400,default,0.5,0.6225806451612903,0.8739454094292805,0.8798003072196621,"[[872, 213], [41, 889]]"
0.35,10,sqrt,75,400,default,0.5,0.6211290322580645,0.8739454094292805,0.8797235023041474,"[[873, 212], [42, 888]]"
0.35,10,sqrt,1,400,default,0.5,0.6217741935483871,0.8739454094292805,0.879416282642089,"[[877, 208], [46, 884]]"
0.35,10,sqrt,73,400,default,0.5,0.625,0.8739454094292805,0.8793394777265745,"[[878, 207], [47, 883]]"
0.35,10,sqrt,47,400,default,0.5,0.6216129032258064,0.8739454094292805,0.87926267281106,"[[879, 206], [48, 882]]"
0.45,10,sqrt,20,400,default,0.5,0.6262903225806452,0.8734491315136477,0.881490015360983,"[[843, 242], [13, 917]]"
0.45,10,sqrt,42,400,default,0.5,0.6241935483870967,0.8734491315136477,0.8811059907834101,"[[848, 237], [18, 912]]"
0.35,8,sqrt,11,400,default,0.5,0.6270967741935484,0.8734491315136477,0.8809523809523809,"[[850, 235], [20, 910]]"
0.35,8,sqrt,37,400,default,0.5,0.6241935483870967,0.8734491315136477,0.8806451612903226,"[[854, 231], [24, 906]]"
0.35,8,sqrt,48,400,default,0.5,0.6224193548387097,0.8734491315136477,0.8806451612903226,"[[854, 231], [24, 906]]"
0.35,8,sqrt,72,400,default,0.5,0.6306451612903226,0.8734491315136477,0.880568356374808,"[[855, 230], [25, 905]]"
0.35,8,sqrt,47,400,default,0.5,0.6240322580645161,0.8734491315136477,0.8804147465437788,"[[857, 228], [27, 903]]"
0.35,8,sqrt,46,400,default,0.5,0.6209677419354839,0.8734491315136477,0.8801075268817204,"[[861, 224], [31, 899]]"
0.35,8,sqrt,3,400,default,0.5,0.622741935483871,0.8734491315136477,0.8800307219662058,"[[862, 223], [32, 898]]"
0.35,8,sqrt,54,400,default,0.5,0.6269354838709678,0.8734491315136477,0.8797235023041474,"[[866, 219], [36, 894]]"
0.35,10,sqrt,51,400,default,0.5,0.6245161290322581,0.8734491315136477,0.8796466973886329,"[[867, 218], [37, 893]]"
0.35,10,sqrt,27,400,default,0.5,0.6188709677419355,0.8734491315136477,0.87926267281106,"[[872, 213], [42, 888]]"
0.35,10,sqrt,57,400,default,0.5,0.6219354838709678,0.8734491315136477,0.87926267281106,"[[872, 213], [42, 888]]"
0.35,10,sqrt,74,400,default,0.5,0.6258064516129033,0.8734491315136477,0.87926267281106,"[[872, 213], [42, 888]]"
0.35,10,sqrt,5,400,default,0.5,0.6214516129032258,0.8734491315136477,0.8791858678955453,"[[873, 212], [43, 887]]"
0.45,8,sqrt,28,400,default,0.5,0.6285483870967742,0.8729528535980149,0.8811059907834101,"[[841, 244], [12, 918]]"
0.45,10,sqrt,21,400,default,0.5,0.6304838709677419,0.8729528535980149,0.8807987711213517,"[[845, 240], [16, 914]]"
0.35,8,sqrt,8,400,default,0.5,0.6288709677419355,0.8729528535980149,0.8802611367127495,"[[852, 233], [23, 907]]"
0.35,8,sqrt,71,400,default,0.5,0.6243548387096775,0.8729528535980149,0.8802611367127495,"[[852, 233], [23, 907]]"
0.35,8,sqrt,12,400,default,0.5,0.6270967741935484,0.8729528535980149,0.8800307219662058,"[[855, 230], [26, 904]]"
0.35,8,sqrt,10,400,default,0.5,0.6238709677419355,0.8729528535980149,0.8798003072196621,"[[858, 227], [29, 901]]"
0.35,8,sqrt,60,400,default,0.5,0.6238709677419355,0.8729528535980149,0.8797235023041474,"[[859, 226], [30, 900]]"
0.35,10,sqrt,14,400,default,0.5,0.6220967741935484,0.8729528535980149,0.87926267281106,"[[865, 220], [36, 894]]"
0.35,10,sqrt,60,400,default,0.5,0.6232258064516129,0.8729528535980149,0.8791090629800307,"[[867, 218], [38, 892]]"
0.35,10,sqrt,0,400,default,0.5,0.6274193548387097,0.8729528535980149,0.8784178187403994,"[[876, 209], [47, 883]]"
0.45,8,sqrt,5,400,default,0.5,0.6267741935483871,0.8724565756823821,0.8809523809523809,"[[836, 249], [8, 922]]"
0.45,10,sqrt,23,400,default,0.5,0.627258064516129,0.8724565756823821,0.8804915514592935,"[[842, 243], [14, 916]]"
0.35,10,sqrt,70,400,default,0.5,0.6190322580645161,0.8724565756823821,0.8788018433179723,"[[864, 221], [36, 894]]"
0.35,10,sqrt,16,400,default,0.5,0.6225806451612903,0.8724565756823821,0.8787250384024577,"[[865, 220], [37, 893]]"
0.35,10,sqrt,2,400,default,0.5,0.6209677419354839,0.8724565756823821,0.8781874039938555,"[[872, 213], [44, 886]]"
0.35,10,sqrt,62,400,default,0.5,0.6264516129032258,0.8724565756823821,0.8781874039938555,"[[872, 213], [44, 886]]"
0.35,10,sqrt,58,400,default,0.5,0.6232258064516129,0.8724565756823821,0.8776497695852534,"[[879, 206], [51, 879]]"
0.45,10,sqrt,37,400,default,0.5,0.6209677419354839,0.8719602977667493,0.8802611367127496,"[[838, 247], [11, 919]]"
0.45,10,sqrt,69,400,default,0.5,0.6201612903225806,0.8719602977667493,0.8802611367127496,"[[838, 247], [11, 919]]"
0.45,10,sqrt,56,400,default,0.5,0.6296774193548387,0.8719602977667493,0.880184331797235,"[[839, 246], [12, 918]]"
0.45,10,sqrt,63,400,default,0.5,0.6238709677419355,0.8719602977667493,0.880184331797235,"[[839, 246], [12, 918]]"
0.45,10,sqrt,57,400,default,0.5,0.6283870967741936,0.8719602977667493,0.8800307219662058,"[[841, 244], [14, 916]]"
0.45,10,sqrt,79,400,default,0.5,0.6266129032258064,0.8719602977667493,0.8800307219662058,"[[841, 244], [14, 916]]"
0.45,10,sqrt,24,400,default,0.5,0.6253225806451613,0.8719602977667493,0.8798771121351767,"[[843, 242], [16, 914]]"
0.35,8,sqrt,13,400,default,0.5,0.6248387096774194,0.8719602977667493,0.87926267281106,"[[851, 234], [24, 906]]"
0.35,8,sqrt,66,400,default,0.5,0.6270967741935484,0.8719602977667493,0.8791858678955453,"[[852, 233], [25, 905]]"
0.35,8,sqrt,41,400,default,0.5,0.6298387096774194,0.8719602977667493,0.8787250384024577,"[[858, 227], [31, 899]]"
0.35,8,sqrt,18,400,default,0.5,0.6280645161290322,0.8719602977667493,0.8786482334869432,"[[859, 226], [32, 898]]"
0.35,8,sqrt,31,400,default,0.5,0.6251612903225806,0.8719602977667493,0.8786482334869432,"[[859, 226], [32, 898]]"
0.35,10,sqrt,39,400,default,0.5,0.6238709677419355,0.8719602977667493,0.8777265745007681,"[[871, 214], [44, 886]]"
0.35,10,sqrt,69,400,default,0.5,0.6238709677419355,0.8719602977667493,0.8777265745007681,"[[871, 214], [44, 886]]"
0.35,10,sqrt,45,400,default,0.5,0.6193548387096774,0.8719602977667493,0.8776497695852534,"[[872, 213], [45, 885]]"
0.45,8,sqrt,8,400,default,0.5,0.6253225806451613,0.8714640198511167,0.8802611367127496,"[[831, 254], [5, 925]]"
0.45,8,sqrt,65,400,default,0.5,0.6280645161290322,0.8714640198511167,0.8798771121351767,"[[836, 249], [10, 920]]"
0.45,10,sqrt,48,400,default,0.5,0.6269354838709678,0.8714640198511167,0.8796466973886328,"[[839, 246], [13, 917]]"
0.45,10,sqrt,46,400,default,0.5,0.6220967741935484,0.8714640198511167,0.879416282642089,"[[842, 243], [16, 914]]"
0.45,10,sqrt,25,400,default,0.5,0.6206451612903225,0.8714640198511167,0.87926267281106,"[[844, 241], [18, 912]]"
0.35,8,sqrt,2,400,default,0.5,0.6229032258064516,0.8714640198511167,0.8786482334869432,"[[852, 233], [26, 904]]"
0.35,8,sqrt,51,400,default,0.5,0.6275806451612903,0.8714640198511167,0.8786482334869432,"[[852, 233], [26, 904]]"
0.35,8,sqrt,29,400,default,0.5,0.6246774193548387,0.8714640198511167,0.8784178187403995,"[[855, 230], [29, 901]]"
0.35,10,sqrt,48,400,default,0.5,0.6212903225806452,0.8714640198511167,0.8774193548387097,"[[868, 217], [42, 888]]"
0.45,8,sqrt,37,400,default,0.5,0.6303225806451613,0.8709677419354839,0.8798771121351767,"[[829, 256], [4, 926]]"
0.45,8,sqrt,32,400,default,0.5,0.6267741935483871,0.8709677419354839,0.8798003072196621,"[[830, 255], [5, 925]]"
0.35,5,sqrt,0,400,default,0.5,0.63,0.8709677419354839,0.8797235023041474,"[[831, 254], [6, 924]]"
0.45,8,sqrt,29,400,default,0.5,0.6225806451612903,0.8709677419354839,0.8796466973886329,"[[832, 253], [7, 923]]"
0.45,10,sqrt,44,400,default,0.5,0.6230645161290322,0.8709677419354839,0.879416282642089,"[[835, 250], [10, 920]]"
0.45,10,sqrt,1,400,default,0.5,0.6222580645161291,0.8709677419354839,0.87926267281106,"[[837, 248], [12, 918]]"
0.45,10,sqrt,73,400,default,0.5,0.6279032258064516,0.8709677419354839,0.87926267281106,"[[837, 248], [12, 918]]"
0.45,10,sqrt,49,400,default,0.5,0.6285483870967742,0.8709677419354839,0.8791858678955453,"[[838, 247], [13, 917]]"
0.45,10,sqrt,47,400,default,0.5,0.6253225806451613,0.8709677419354839,0.8790322580645161,"[[840, 245], [15, 915]]"
0.45,10,sqrt,52,400,default,0.5,0.6240322580645161,0.8709677419354839,0.8787250384024579,"[[844, 241], [19, 911]]"
0.35,8,sqrt,7,400,default,0.5,0.6269354838709678,0.8709677419354839,0.8780337941628265,"[[853, 232], [28, 902]]"
0.35,8,sqrt,27,400,default,0.5,0.6269354838709678,0.8709677419354839,0.8780337941628265,"[[853, 232], [28, 902]]"
0.35,8,sqrt,75,400,default,0.5,0.622741935483871,0.8709677419354839,0.8779569892473118,"[[854, 231], [29, 901]]"
0.35,8,sqrt,58,400,default,0.5,0.6261290322580645,0.8709677419354839,0.8778801843317973,"[[855, 230], [30, 900]]"
0.35,8,sqrt,57,400,default,0.5,0.632258064516129,0.8709677419354839,0.8778033794162827,"[[856, 229], [31, 899]]"
0.35,8,sqrt,56,400,default,0.5,0.6217741935483871,0.8709677419354839,0.8777265745007681,"[[857, 228], [32, 898]]"
0.35,8,sqrt,25,400,default,0.5,0.6229032258064516,0.8709677419354839,0.8774961597542243,"[[860, 225], [35, 895]]"
0.35,10,sqrt,43,400,default,0.5,0.6229032258064516,0.8709677419354839,0.8769585253456221,"[[867, 218], [42, 888]]"
0.35,10,sqrt,42,400,default,0.5,0.6243548387096775,0.8709677419354839,0.8768049155145929,"[[869, 216], [44, 886]]"
0.35,10,sqrt,54,400,default,0.5,0.6267741935483871,0.8709677419354839,0.8767281105990783,"[[870, 215], [45, 885]]"
0.35,10,sqrt,77,400,default,0.5,0.6232258064516129,0.8709677419354839,0.8767281105990783,"[[870, 215], [45, 885]]"
0.35,5,sqrt,31,400,default,0.5,0.6285483870967742,0.8704714640198511,0.87926267281106,"[[830, 255], [6, 924]]"
0.45,8,sqrt,11,400,default,0.5,0.6243548387096775,0.8704714640198511,0.8791858678955453,"[[831, 254], [7, 923]]"
0.45,8,sqrt,61,400,default,0.5,0.6269354838709678,0.8704714640198511,0.8791090629800308,"[[832, 253], [8, 922]]"
0.45,10,sqrt,9,400,default,0.5,0.6254838709677419,0.8704714640198511,0.8790322580645161,"[[833, 252], [9, 921]]"
0.45,10,sqrt,76,400,default,0.5,0.6264516129032258,0.8704714640198511,0.8790322580645161,"[[833, 252], [9, 921]]"
0.45,8,sqrt,21,400,default,0.5,0.6291935483870967,0.8704714640198511,0.8790322580645161,"[[833, 252], [9, 921]]"
0.35,5,sqrt,58,400,default,0.5,0.6258064516129033,0.8704714640198511,0.8789554531490016,"[[834, 251], [10, 920]]"
0.45,10,sqrt,41,400,default,0.5,0.6261290322580645,0.8704714640198511,0.8788018433179723,"[[836, 249], [12, 918]]"
0.45,10,sqrt,67,400,default,0.5,0.6303225806451613,0.8704714640198511,0.8788018433179723,"[[836, 249], [12, 918]]"
0.45,10,sqrt,53,400,default,0.5,0.6266129032258064,0.8704714640198511,0.8785714285714286,"[[839, 246], [15, 915]]"
0.45,10,sqrt,33,400,default,0.5,0.6237096774193548,0.8704714640198511,0.8784178187403994,"[[841, 244], [17, 913]]"
0.45,10,sqrt,13,400,default,0.5,0.6290322580645161,0.8704714640198511,0.8782642089093702,"[[843, 242], [19, 911]]"
0.35,8,sqrt,79,400,default,0.5,0.6230645161290322,0.8704714640198511,0.8777265745007681,"[[850, 235], [26, 904]]"
0.35,8,sqrt,23,400,default,0.5,0.6230645161290322,0.8704714640198511,0.8774193548387097,"[[854, 231], [30, 900]]"
0.35,8,sqrt,53,400,default,0.5,0.6248387096774194,0.8704714640198511,0.8771889400921659,"[[857, 228], [33, 897]]"
0.35,8,sqrt,63,400,default,0.5,0.6224193548387097,0.8704714640198511,0.8771889400921659,"[[857, 228], [33, 897]]"
0.35,8,sqrt,70,400,default,0.5,0.6232258064516129,0.8704714640198511,0.8771121351766513,"[[858, 227], [34, 896]]"
0.35,10,sqrt,22,400,default,0.5,0.6243548387096775,0.8704714640198511,0.8763440860215054,"[[868, 217], [44, 886]]"
0.35,10,sqrt,53,400,default,0.5,0.6195161290322581,0.8704714640198511,0.8761136712749615,"[[871, 214], [47, 883]]"
0.35,10,sqrt,3,400,default,0.5,0.6217741935483871,0.8704714640198511,0.8757296466973886,"[[876, 209], [52, 878]]"
0.35,10,sqrt,33,400,default,0.5,0.6243548387096775,0.8704714640198511,0.8756528417818741,"[[877, 208], [53, 877]]"
0.45,8,sqrt,26,400,default,0.5,0.6262903225806452,0.8699751861042183,0.8788786482334869,"[[828, 257], [5, 925]]"
0.45,8,sqrt,40,400,default,0.5,0.63,0.8699751861042183,0.8786482334869432,"[[831, 254], [8, 922]]"
0.45,10,sqrt,65,400,default,0.5,0.6285483870967742,0.8699751861042183,0.8784946236559139,"[[833, 252], [10, 920]]"
0.45,10,sqrt,30,400,default,0.5,0.6275806451612903,0.8699751861042183,0.8784178187403994,"[[834, 251], [11, 919]]"
0.35,5,sqrt,64,400,default,0.5,0.6308064516129033,0.8699751861042183,0.8783410138248848,"[[835, 250], [12, 918]]"
0.45,10,sqrt,74,400,default,0.5,0.6254838709677419,0.8699751861042183,0.8779569892473118,"[[840, 245], [17, 913]]"
0.45,10,sqrt,70,400,default,0.5,0.6285483870967742,0.8699751861042183,0.8778801843317972,"[[841, 244], [18, 912]]"
0.35,8,sqrt,6,400,default,0.5,0.627258064516129,0.8699751861042183,0.8771121351766513,"[[851, 234], [28, 902]]"
0.35,8,sqrt,40,400,default,0.5,0.6211290322580645,0.8699751861042183,0.8769585253456221,"[[853, 232], [30, 900]]"
0.35,10,sqrt,61,400,default,0.5,0.6259677419354839,0.8699751861042183,0.8762672811059908,"[[862, 223], [39, 891]]"
0.35,10,sqrt,12,400,default,0.5,0.6206451612903225,0.8699751861042183,0.875268817204301,"[[875, 210], [52, 878]]"
0.45,8,sqrt,10,400,default,0.5,0.625,0.8694789081885856,0.8785714285714286,"[[825, 260], [3, 927]]"
0.45,8,sqrt,45,400,default,0.5,0.6241935483870967,0.8694789081885856,0.8782642089093702,"[[829, 256], [7, 923]]"
0.45,8,sqrt,46,400,default,0.5,0.6285483870967742,0.8694789081885856,0.8782642089093702,"[[829, 256], [7, 923]]"
0.45,10,sqrt,35,400,default,0.5,0.6245161290322581,0.8694789081885856,0.8781105990783411,"[[831, 254], [9, 921]]"
0.45,8,sqrt,56,400,default,0.5,0.6296774193548387,0.8694789081885856,0.8781105990783411,"[[831, 254], [9, 921]]"
0.45,8,sqrt,58,400,default,0.5,0.627258064516129,0.8694789081885856,0.8780337941628265,"[[832, 253], [10, 920]]"
0.35,5,sqrt,48,400,default,0.5,0.6256451612903225,0.8694789081885856,0.8780337941628265,"[[832, 253], [10, 920]]"
0.45,10,sqrt,14,400,default,0.5,0.6230645161290322,0.8694789081885856,0.8778801843317972,"[[834, 251], [12, 918]]"
0.45,10,sqrt,62,400,default,0.5,0.6220967741935484,0.8694789081885856,0.8778801843317972,"[[834, 251], [12, 918]]"
0.35,8,sqrt,68,400,default,0.5,0.6261290322580645,0.8694789081885856,0.8761904761904762,"[[856, 229], [34, 896]]"
0.35,10,sqrt,32,400,default,0.5,0.6238709677419355,0.8694789081885856,0.8756528417818741,"[[863, 222], [41, 889]]"
0.35,10,sqrt,34,400,default,0.5,0.625,0.8694789081885856,0.8750384024577573,"[[871, 214], [49, 881]]"
0.35,10,sqrt,68,400,default,0.5,0.6232258064516129,0.8694789081885856,0.8748847926267281,"[[873, 212], [51, 879]]"
0.45,8,sqrt,42,400,default,0.5,0.6295161290322581,0.8689826302729529,0.8778801843317972,"[[827, 258], [6, 924]]"
0.45,8,sqrt,48,400,default,0.5,0.6280645161290322,0.8689826302729529,0.8778801843317972,"[[827, 258], [6, 924]]"
0.45,8,sqrt,41,400,default,0.5,0.6280645161290322,0.8689826302729529,0.8777265745007681,"[[829, 256], [8, 922]]"
0.35,5,sqrt,24,400,default,0.5,0.6251612903225806,0.8689826302729529,0.8777265745007681,"[[829, 256], [8, 922]]"
0.35,5,sqrt,73,400,default,0.5,0.632258064516129,0.8689826302729529,0.8777265745007681,"[[829, 256], [8, 922]]"
0.45,10,sqrt,28,400,default,0.5,0.6253225806451613,0.8689826302729529,0.8775729646697389,"[[831, 254], [10, 920]]"
0.35,5,sqrt,45,400,default,0.5,0.6285483870967742,0.8689826302729529,0.8774961597542243,"[[832, 253], [11, 919]]"
0.45,10,sqrt,50,400,default,0.5,0.6254838709677419,0.8689826302729529,0.877188940092166,"[[836, 249], [15, 915]]"
0.45,10,sqrt,12,400,default,0.5,0.6275806451612903,0.8689826302729529,0.8771121351766513,"[[837, 248], [16, 914]]"
0.45,10,sqrt,3,400,default,0.5,0.6264516129032258,0.8689826302729529,0.8768049155145929,"[[841, 244], [20, 910]]"
0.45,10,sqrt,68,400,default,0.5,0.6224193548387097,0.8689826302729529,0.8768049155145929,"[[841, 244], [20, 910]]"
0.45,10,sqrt,78,400,default,0.5,0.6274193548387097,0.8689826302729529,0.8768049155145929,"[[841, 244], [20, 910]]"
0.35,8,sqrt,32,400,default,0.5,0.6259677419354839,0.8689826302729529,0.876036866359447,"[[851, 234], [30, 900]]"
0.35,8,sqrt,38,400,default,0.5,0.6230645161290322,0.8689826302729529,0.8759600614439325,"[[852, 233], [31, 899]]"
0.35,8,sqrt,43,400,default,0.5,0.627258064516129,0.8689826302729529,0.8758064516129032,"[[854, 231], [33, 897]]"
0.35,8,sqrt,64,400,default,0.5,0.6274193548387097,0.8689826302729529,0.8757296466973887,"[[855, 230], [34, 896]]"
0.35,10,sqrt,15,400,default,0.5,0.6166129032258064,0.8689826302729529,0.875268817204301,"[[861, 224], [40, 890]]"
0.35,10,sqrt,36,400,default,0.5,0.6235483870967742,0.8689826302729529,0.8750384024577573,"[[864, 221], [43, 887]]"
0.35,10,sqrt,67,400,default,0.5,0.6245161290322581,0.8689826302729529,0.8748079877112136,"[[867, 218], [46, 884]]"
0.35,10,sqrt,40,400,default,0.5,0.6280645161290322,0.8689826302729529,0.8744239631336406,"[[872, 213], [51, 879]]"
0.55,10,sqrt,67,400,default,0.5,0.6235483870967742,0.8684863523573201,0.8777265745007681,"[[822, 263], [2, 928]]"
0.55,10,sqrt,62,400,default,0.5,0.6261290322580645,0.8684863523573201,0.8776497695852534,"[[823, 262], [3, 927]]"
0.45,8,sqrt,6,400,default,0.5,0.6258064516129033,0.8684863523573201,0.8774961597542243,"[[825, 260], [5, 925]]"
0.45,8,sqrt,23,400,default,0.5,0.6274193548387097,0.8684863523573201,0.8774193548387097,"[[826, 259], [6, 924]]"
0.35,5,sqrt,69,400,default,0.5,0.6296774193548387,0.8684863523573201,0.8774193548387097,"[[826, 259], [6, 924]]"
0.45,8,sqrt,51,400,default,0.5,0.6279032258064516,0.8684863523573201,0.877342549923195,"[[827, 258], [7, 923]]"
0.35,5,sqrt,29,400,default,0.5,0.6285483870967742,0.8684863523573201,0.877342549923195,"[[827, 258], [7, 923]]"
0.45,8,sqrt,3,400,default,0.5,0.6258064516129033,0.8684863523573201,0.8771121351766513,"[[830, 255], [10, 920]]"
0.45,8,sqrt,67,400,default,0.5,0.6203225806451613,0.8684863523573201,0.8771121351766513,"[[830, 255], [10, 920]]"
0.45,8,sqrt,27,400,default,0.5,0.6379032258064516,0.8684863523573201,0.8769585253456221,"[[832, 253], [12, 918]]"
0.45,8,sqrt,31,400,default,0.5,0.6264516129032258,0.8684863523573201,0.8769585253456221,"[[832, 253], [12, 918]]"
0.45,8,sqrt,68,400,default,0.5,0.6232258064516129,0.8684863523573201,0.8769585253456221,"[[832, 253], [12, 918]]"
0.45,10,sqrt,11,400,default,0.5,0.6269354838709678,0.8684863523573201,0.8768049155145929,"[[834, 251], [14, 916]]"
0.45,10,sqrt,29,400,default,0.5,0.6261290322580645,0.8684863523573201,0.8768049155145929,"[[834, 251], [14, 916]]"
0.45,10,sqrt,39,400,default,0.5,0.6254838709677419,0.8684863523573201,0.8767281105990783,"[[835, 250], [15, 915]]"
0.45,10,sqrt,40,400,default,0.5,0.6245161290322581,0.8684863523573201,0.8764208909370199,"[[839, 246], [19, 911]]"
0.45,10,sqrt,7,400,default,0.5,0.6243548387096775,0.8684863523573201,0.8762672811059908,"[[841, 244], [21, 909]]"
0.35,5,sqrt,18,400,fs_acc,0.5165712462636942,0.635,0.8684863523573201,0.8760368663594471,"[[844, 241], [24, 906]]"
0.35,8,sqrt,17,400,default,0.5,0.6264516129032258,0.8684863523573201,0.8758064516129032,"[[847, 238], [27, 903]]"
0.35,8,sqrt,67,400,default,0.5,0.6262903225806452,0.8684863523573201,0.8755760368663594,"[[850, 235], [30, 900]]"
0.35,8,sqrt,52,400,default,0.5,0.6212903225806452,0.8684863523573201,0.875268817204301,"[[854, 231], [34, 896]]"
0.35,10,sqrt,10,400,default,0.5,0.6248387096774194,0.8684863523573201,0.8742703533026114,"[[867, 218], [47, 883]]"
0.35,10,sqrt,59,400,default,0.5,0.6237096774193548,0.8684863523573201,0.8737327188940092,"[[874, 211], [54, 876]]"
0.35,10,sqrt,17,400,default,0.5,0.6233870967741936,0.8684863523573201,0.8736559139784946,"[[875, 210], [55, 875]]"
0.45,8,sqrt,0,400,default,0.5,0.6341935483870967,0.8679900744416873,0.8771121351766513,"[[823, 262], [4, 926]]"
0.45,8,sqrt,75,400,default,0.5,0.6256451612903225,0.8679900744416873,0.8771121351766513,"[[823, 262], [4, 926]]"
0.45,8,sqrt,74,400,default,0.5,0.6267741935483871,0.8679900744416873,0.8768817204301075,"[[826, 259], [7, 923]]"
0.45,8,sqrt,73,400,default,0.5,0.6262903225806452,0.8679900744416873,0.8767281105990783,"[[828, 257], [9, 921]]"
0.45,10,sqrt,34,400,default,0.5,0.6259677419354839,0.8679900744416873,0.8764208909370199,"[[832, 253], [13, 917]]"
0.45,10,sqrt,60,400,default,0.5,0.6264516129032258,0.8679900744416873,0.8763440860215054,"[[833, 252], [14, 916]]"
0.45,10,sqrt,10,400,default,0.5,0.6233870967741936,0.8679900744416873,0.8762672811059908,"[[834, 251], [15, 915]]"
0.35,8,sqrt,65,400,default,0.5,0.6237096774193548,0.8679900744416873,0.8748079877112136,"[[853, 232], [34, 896]]"
0.35,10,sqrt,31,400,default,0.5,0.62,0.8679900744416873,0.8743471582181259,"[[859, 226], [40, 890]]"
0.35,10,sqrt,46,400,default,0.5,0.6201612903225806,0.8679900744416873,0.8741935483870968,"[[861, 224], [42, 888]]"
0.35,10,sqrt,18,400,default,0.5,0.6261290322580645,0.8679900744416873,0.8740399385560675,"[[863, 222], [44, 886]]"
0.35,10,sqrt,23,400,default,0.5,0.6241935483870967,0.8679900744416873,0.8738095238095238,"[[866, 219], [47, 883]]"
0.35,10,sqrt,30,400,default,0.5,0.6209677419354839,0.8679900744416873,0.8736559139784946,"[[868, 217], [49, 881]]"
0.45,8,sqrt,1,400,default,0.5,0.6264516129032258,0.8674937965260546,0.8764208909370199,"[[825, 260], [7, 923]]"
0.45,8,sqrt,14,400,default,0.5,0.6224193548387097,0.8674937965260546,0.8764208909370199,"[[825, 260], [7, 923]]"
0.35,5,sqrt,6,400,default,0.5,0.6296774193548387,0.8674937965260546,0.8763440860215054,"[[826, 259], [8, 922]]"
0.35,5,sqrt,16,400,default,0.5,0.6293548387096775,0.8674937965260546,0.8763440860215054,"[[826, 259], [8, 922]]"
0.45,10,sqrt,19,400,default,0.5,0.6229032258064516,0.8674937965260546,0.8762672811059908,"[[827, 258], [9, 921]]"
0.45,10,sqrt,38,400,default,0.5,0.6269354838709678,0.8674937965260546,0.8758832565284178,"[[832, 253], [14, 916]]"
0.45,10,sqrt,58,400,default,0.5,0.6243548387096775,0.8674937965260546,0.8758064516129032,"[[833, 252], [15, 915]]"
0.45,8,sqrt,4,400,default,0.5,0.6238709677419355,0.8674937965260546,0.8758064516129032,"[[833, 252], [15, 915]]"
0.45,10,sqrt,75,400,default,0.5,0.6220967741935484,0.8674937965260546,0.8754992319508449,"[[837, 248], [19, 911]]"
0.45,10,sqrt,64,400,default,0.5,0.6240322580645161,0.8674937965260546,0.8750384024577573,"[[843, 242], [25, 905]]"
0.55,10,sqrt,27,400,default,0.5,0.6314516129032258,0.8669975186104218,0.8764208909370199,"[[818, 267], [1, 929]]"
0.45,8,sqrt,72,400,default,0.5,0.6287096774193548,0.8669975186104218,0.8761136712749615,"[[822, 263], [5, 925]]"
0.45,8,sqrt,50,400,default,0.5,0.6259677419354839,0.8669975186104218,0.876036866359447,"[[823, 262], [6, 924]]"
0.35,5,sqrt,41,400,default,0.5,0.6298387096774194,0.8669975186104218,0.8759600614439325,"[[824, 261], [7, 923]]"
0.45,8,sqrt,49,400,default,0.5,0.6217741935483871,0.8669975186104218,0.8758064516129032,"[[826, 259], [9, 921]]"
0.35,5,sqrt,75,400,default,0.5,0.6269354838709678,0.8669975186104218,0.8758064516129032,"[[826, 259], [9, 921]]"
0.45,8,sqrt,15,400,default,0.5,0.6222580645161291,0.8669975186104218,0.8757296466973886,"[[827, 258], [10, 920]]"
0.45,8,sqrt,18,400,default,0.5,0.6303225806451613,0.8669975186104218,0.8757296466973886,"[[827, 258], [10, 920]]"
0.35,5,sqrt,5,400,default,0.5,0.6335483870967742,0.8669975186104218,0.8757296466973886,"[[827, 258], [10, 920]]"
0.35,5,sqrt,26,400,default,0.5,0.63,0.8669975186104218,0.8756528417818741,"[[828, 257], [11, 919]]"
0.45,8,sqrt,44,400,default,0.5,0.6266129032258064,0.8669975186104218,0.8755760368663594,"[[829, 256], [12, 918]]"
0.45,10,sqrt,77,400,default,0.5,0.6237096774193548,0.8669975186104218,0.8751152073732719,"[[835, 250], [18, 912]]"
0.35,8,sqrt,0,400,default,0.5,0.627258064516129,0.8669975186104218,0.8741935483870968,"[[847, 238], [30, 900]]"
0.35,8,sqrt,4,400,default,0.5,0.6259677419354839,0.8669975186104218,0.8741935483870968,"[[847, 238], [30, 900]]"
0.35,10,sqrt,37,400,default,0.5,0.6224193548387097,0.8669975186104218,0.872811059907834,"[[865, 220], [48, 882]]"
0.35,10,sqrt,41,400,default,0.5,0.6267741935483871,0.8669975186104218,0.8727342549923195,"[[866, 219], [49, 881]]"
0.55,10,sqrt,72,400,default,0.5,0.6306451612903226,0.8665012406947891,0.8758064516129033,"[[819, 266], [3, 927]]"
0.35,5,sqrt,3,400,default,0.5,0.627258064516129,0.8665012406947891,0.8756528417818741,"[[821, 264], [5, 925]]"
0.45,8,sqrt,20,400,default,0.5,0.6293548387096775,0.8665012406947891,0.8755760368663594,"[[822, 263], [6, 924]]"
0.45,8,sqrt,30,400,default,0.5,0.6256451612903225,0.8665012406947891,0.8754224270353304,"[[824, 261], [8, 922]]"
0.45,8,sqrt,57,400,default,0.5,0.632258064516129,0.8665012406947891,0.8754224270353304,"[[824, 261], [8, 922]]"
0.45,8,sqrt,70,400,default,0.5,0.6261290322580645,0.8665012406947891,0.8754224270353304,"[[824, 261], [8, 922]]"
0.45,8,sqrt,64,400,default,0.5,0.6248387096774194,0.8665012406947891,0.875268817204301,"[[826, 259], [10, 920]]"
0.35,5,sqrt,38,400,default,0.5,0.6306451612903226,0.8665012406947891,0.8749615975422427,"[[830, 255], [14, 916]]"
0.45,10,sqrt,15,400,default,0.5,0.622741935483871,0.8665012406947891,0.8748847926267281,"[[831, 254], [15, 915]]"
0.45,10,sqrt,31,400,default,0.5,0.6238709677419355,0.8665012406947891,0.8748079877112136,"[[832, 253], [16, 914]]"
0.45,10,sqrt,5,400,default,0.5,0.6238709677419355,0.8665012406947891,0.8745775729646698,"[[835, 250], [19, 911]]"
0.45,10,sqrt,18,400,default,0.5,0.6280645161290322,0.8665012406947891,0.8745775729646698,"[[835, 250], [19, 911]]"
0.45,10,sqrt,27,400,default,0.5,0.625,0.8665012406947891,0.8745775729646698,"[[835, 250], [19, 911]]"
0.55,10,sqrt,64,400,default,0.5,0.6270967741935484,0.8660049627791563,0.8755760368663594,"[[815, 270], [0, 930]]"
0.55,8,sqrt,77,400,default,0.5,0.6241935483870967,0.8660049627791563,0.8754224270353302,"[[817, 268], [2, 928]]"
0.55,10,sqrt,38,400,default,0.5,0.625,0.8660049627791563,0.8753456221198157,"[[818, 267], [3, 927]]"
0.35,5,sqrt,34,400,default,0.5,0.6309677419354839,0.8660049627791563,0.8751920122887864,"[[820, 265], [5, 925]]"
0.45,8,sqrt,47,400,default,0.5,0.6261290322580645,0.8660049627791563,0.8751152073732719,"[[821, 264], [6, 924]]"
0.35,5,sqrt,39,400,default,0.5,0.6295161290322581,0.8660049627791563,0.8751152073732719,"[[821, 264], [6, 924]]"
0.45,8,sqrt,59,400,default,0.5,0.6279032258064516,0.8660049627791563,0.8750384024577573,"[[822, 263], [7, 923]]"
0.45,8,sqrt,12,400,default,0.5,0.625,0.8660049627791563,0.8749615975422427,"[[823, 262], [8, 922]]"
0.45,8,sqrt,34,400,default,0.5,0.6235483870967742,0.8660049627791563,0.8749615975422427,"[[823, 262], [8, 922]]"
0.35,5,sqrt,30,400,default,0.5,0.6319354838709678,0.8660049627791563,0.8749615975422427,"[[823, 262], [8, 922]]"
0.35,5,sqrt,51,400,default,0.5,0.6335483870967742,0.8660049627791563,0.8749615975422427,"[[823, 262], [8, 922]]"
0.35,5,sqrt,54,400,default,0.5,0.6287096774193548,0.8660049627791563,0.8749615975422427,"[[823, 262], [8, 922]]"
0.45,8,sqrt,35,400,default,0.5,0.6279032258064516,0.8660049627791563,0.8748847926267281,"[[824, 261], [9, 921]]"
0.45,8,sqrt,69,400,default,0.5,0.6316129032258064,0.8660049627791563,0.8748847926267281,"[[824, 261], [9, 921]]"
0.45,8,sqrt,78,400,default,0.5,0.6230645161290322,0.8660049627791563,0.8748847926267281,"[[824, 261], [9, 921]]"
0.45,8,sqrt,13,400,default,0.5,0.6261290322580645,0.8660049627791563,0.8748079877112136,"[[825, 260], [10, 920]]"
0.45,8,sqrt,36,400,default,0.5,0.6246774193548387,0.8660049627791563,0.8746543778801843,"[[827, 258], [12, 918]]"
0.45,8,sqrt,43,400,default,0.5,0.6312903225806452,0.8660049627791563,0.8746543778801843,"[[827, 258], [12, 918]]"
0.45,8,sqrt,9,400,default,0.5,0.6277419354838709,0.8660049627791563,0.8745007680491552,"[[829, 256], [14, 916]]"
0.45,10,sqrt,2,400,default,0.5,0.6259677419354839,0.8660049627791563,0.8743471582181259,"[[831, 254], [16, 914]]"
0.45,10,sqrt,4,400,default,0.5,0.622741935483871,0.8660049627791563,0.8743471582181259,"[[831, 254], [16, 914]]"
0.45,10,sqrt,59,400,default,0.5,0.6290322580645161,0.8660049627791563,0.8741935483870967,"[[833, 252], [18, 912]]"
0.35,8,sqrt,39,400,default,0.5,0.6229032258064516,0.8660049627791563,0.8734254992319508,"[[843, 242], [28, 902]]"
0.35,8,sqrt,59,400,default,0.5,0.6230645161290322,0.8660049627791563,0.8729646697388633,"[[849, 236], [34, 896]]"
0.35,10,sqrt,49,400,default,0.5,0.6235483870967742,0.8660049627791563,0.8714285714285714,"[[869, 216], [54, 876]]"
0.55,10,sqrt,2,400,default,0.5,0.6274193548387097,0.8655086848635236,0.8748847926267281,"[[817, 268], [3, 927]]"
0.55,10,sqrt,68,400,default,0.5,0.6296774193548387,0.8655086848635236,0.8748847926267281,"[[817, 268], [3, 927]]"
0.55,10,sqrt,43,400,default,0.5,0.631774193548387,0.8655086848635236,0.8748079877112136,"[[818, 267], [4, 926]]"
0.45,8,sqrt,63,400,default,0.5,0.6254838709677419,0.8655086848635236,0.8746543778801843,"[[820, 265], [6, 924]]"
0.45,8,sqrt,24,400,default,0.5,0.6270967741935484,0.8655086848635236,0.8745775729646696,"[[821, 264], [7, 923]]"
0.35,5,sqrt,21,400,default,0.5,0.6240322580645161,0.8655086848635236,0.8745007680491552,"[[822, 263], [8, 922]]"
0.35,5,sqrt,44,400,default,0.5,0.6269354838709678,0.8655086848635236,0.8744239631336406,"[[823, 262], [9, 921]]"
0.35,5,sqrt,57,400,default,0.5,0.6338709677419355,0.8655086848635236,0.8744239631336406,"[[823, 262], [9, 921]]"
0.35,5,sqrt,63,400,default,0.5,0.6253225806451613,0.8655086848635236,0.8744239631336406,"[[823, 262], [9, 921]]"
0.45,8,sqrt,77,400,default,0.5,0.6254838709677419,0.8655086848635236,0.8742703533026114,"[[825, 260], [11, 919]]"
0.35,8,sqrt,76,400,default,0.5,0.6275806451612903,0.8655086848635236,0.8728110599078341,"[[844, 241], [30, 900]]"
0.35,10,sqrt,65,400,default,0.5,0.6203225806451613,0.8655086848635236,0.8716589861751152,"[[859, 226], [45, 885]]"
0.35,10,sqrt,52,400,default,0.5,0.627258064516129,0.8655086848635236,0.8714285714285714,"[[862, 223], [48, 882]]"
0.35,10,sqrt,25,400,default,0.5,0.6211290322580645,0.8655086848635236,0.8710445468509984,"[[867, 218], [53, 877]]"
0.55,8,sqrt,61,400,default,0.5,0.6248387096774194,0.8650124069478908,0.8745775729646696,"[[814, 271], [1, 929]]"
0.55,10,sqrt,47,400,default,0.5,0.6288709677419355,0.8650124069478908,0.8745007680491551,"[[815, 270], [2, 928]]"
0.55,10,sqrt,14,400,default,0.5,0.6224193548387097,0.8650124069478908,0.8742703533026114,"[[818, 267], [5, 925]]"
0.35,5,sqrt,35,400,default,0.5,0.6283870967741936,0.8650124069478908,0.8741935483870968,"[[819, 266], [6, 924]]"
0.45,8,sqrt,38,400,default,0.5,0.6256451612903225,0.8650124069478908,0.8741167434715822,"[[820, 265], [7, 923]]"
0.35,5,sqrt,46,400,default,0.5,0.6288709677419355,0.8650124069478908,0.8741167434715822,"[[820, 265], [7, 923]]"
0.45,8,sqrt,22,400,default,0.5,0.6220967741935484,0.8650124069478908,0.8740399385560675,"[[821, 264], [8, 922]]"
0.35,5,sqrt,7,400,default,0.5,0.6241935483870967,0.8650124069478908,0.8738863287250385,"[[823, 262], [10, 920]]"
0.45,8,sqrt,2,400,default,0.5,0.6248387096774194,0.8650124069478908,0.8735791090629801,"[[827, 258], [14, 916]]"
0.45,10,sqrt,71,400,default,0.5,0.627258064516129,0.8650124069478908,0.8735023041474654,"[[828, 257], [15, 915]]"
0.35,10,sqrt,24,400,default,0.5,0.6224193548387097,0.8650124069478908,0.8709677419354839,"[[861, 224], [48, 882]]"
0.35,10,sqrt,50,400,default,0.5,0.6232258064516129,0.8650124069478908,0.8701996927803379,"[[871, 214], [58, 872]]"
0.55,8,sqrt,67,400,default,0.5,0.6264516129032258,0.864516129032258,0.8741167434715822,"[[813, 272], [1, 929]]"
0.55,10,sqrt,48,400,default,0.5,0.6224193548387097,0.864516129032258,0.8741167434715822,"[[813, 272], [1, 929]]"
0.55,8,sqrt,48,400,default,0.5,0.6280645161290322,0.864516129032258,0.8740399385560675,"[[814, 271], [2, 928]]"
0.45,8,sqrt,69,400,fs_acc,0.49031677079598357,0.6335483870967742,0.864516129032258,0.8738095238095238,"[[817, 268], [5, 925]]"
0.45,8,sqrt,7,400,default,0.5,0.6285483870967742,0.864516129032258,0.8735791090629801,"[[820, 265], [8, 922]]"
0.35,5,sqrt,74,400,default,0.5,0.632258064516129,0.864516129032258,0.8735023041474654,"[[821, 264], [9, 921]]"
0.35,5,sqrt,27,400,default,0.5,0.6258064516129033,0.864516129032258,0.8734254992319508,"[[822, 263], [10, 920]]"
0.45,8,sqrt,39,400,default,0.5,0.6251612903225806,0.864516129032258,0.8733486943164362,"[[823, 262], [11, 919]]"
0.45,8,sqrt,62,400,default,0.5,0.6320967741935484,0.864516129032258,0.8733486943164362,"[[823, 262], [11, 919]]"
0.35,5,sqrt,77,400,default,0.5,0.6298387096774194,0.864516129032258,0.8733486943164362,"[[823, 262], [11, 919]]"
0.35,5,sqrt,42,400,default,0.5,0.632258064516129,0.864516129032258,0.8732718894009217,"[[824, 261], [12, 918]]"
0.45,8,sqrt,60,400,default,0.5,0.6246774193548387,0.864516129032258,0.8731950844854071,"[[825, 260], [13, 917]]"
0.35,5,sqrt,12,400,default,0.5,0.6329032258064516,0.864516129032258,0.8731950844854071,"[[825, 260], [13, 917]]"
0.45,8,sqrt,76,400,default,0.5,0.6301612903225806,0.864516129032258,0.8729646697388633,"[[828, 257], [16, 914]]"
0.55,8,sqrt,32,400,default,0.5,0.6266129032258064,0.8640198511166253,0.8737327188940092,"[[811, 274], [0, 930]]"
0.55,10,sqrt,57,400,default,0.5,0.6274193548387097,0.8640198511166253,0.8737327188940092,"[[811, 274], [0, 930]]"
0.55,10,sqrt,1,400,default,0.5,0.6254838709677419,0.8640198511166253,0.8736559139784946,"[[812, 273], [1, 929]]"
0.45,5,sqrt,38,400,default,0.5,0.6269354838709678,0.8640198511166253,0.8736559139784946,"[[812, 273], [1, 929]]"
0.55,10,sqrt,10,400,default,0.5,0.6303225806451613,0.8640198511166253,0.8735791090629801,"[[813, 272], [2, 928]]"
0.45,5,sqrt,45,400,default,0.5,0.632258064516129,0.8640198511166253,0.8735791090629801,"[[813, 272], [2, 928]]"
0.55,10,sqrt,20,400,default,0.5,0.6333870967741936,0.8640198511166253,0.8735023041474654,"[[814, 271], [3, 927]]"
0.55,10,sqrt,59,400,default,0.5,0.6240322580645161,0.8640198511166253,0.8735023041474654,"[[814, 271], [3, 927]]"
0.45,8,sqrt,52,400,default,0.5,0.6269354838709678,0.8640198511166253,0.8732718894009217,"[[817, 268], [6, 924]]"
0.45,8,sqrt,66,400,default,0.5,0.6224193548387097,0.8640198511166253,0.8732718894009217,"[[817, 268], [6, 924]]"
0.45,8,sqrt,71,400,default,0.5,0.6308064516129033,0.8640198511166253,0.8732718894009217,"[[817, 268], [6, 924]]"
0.35,5,sqrt,76,400,default,0.5,0.6324193548387097,0.8640198511166253,0.8731950844854071,"[[818, 267], [7, 923]]"
0.35,5,sqrt,15,400,default,0.5,0.6283870967741936,0.8640198511166253,0.8730414746543779,"[[820, 265], [9, 921]]"
0.35,5,sqrt,78,400,default,0.5,0.627258064516129,0.8640198511166253,0.8730414746543779,"[[820, 265], [9, 921]]"
0.35,5,sqrt,17,400,default,0.5,0.6285483870967742,0.8640198511166253,0.8729646697388633,"[[821, 264], [10, 920]]"
0.35,5,sqrt,23,400,default,0.5,0.6296774193548387,0.8640198511166253,0.8729646697388633,"[[821, 264], [10, 920]]"
0.35,5,sqrt,68,400,default,0.5,0.6304838709677419,0.8640198511166253,0.8728878648233487,"[[822, 263], [11, 919]]"
0.45,8,sqrt,79,400,default,0.5,0.6245161290322581,0.8640198511166253,0.872811059907834,"[[823, 262], [12, 918]]"
0.45,8,sqrt,25,400,default,0.5,0.6275806451612903,0.8640198511166253,0.8727342549923195,"[[824, 261], [13, 917]]"
0.45,10,sqrt,45,400,default,0.5,0.6258064516129033,0.8640198511166253,0.8722734254992319,"[[830, 255], [19, 911]]"
0.35,8,sqrt,19,400,default,0.5,0.6266129032258064,0.8640198511166253,0.8711213517665131,"[[845, 240], [34, 896]]"
0.55,10,sqrt,24,400,default,0.5,0.6238709677419355,0.8635235732009926,0.8731182795698924,"[[812, 273], [2, 928]]"
0.55,10,sqrt,58,400,default,0.5,0.6254838709677419,0.8635235732009926,0.8731182795698924,"[[812, 273], [2, 928]]"
0.55,10,sqrt,70,400,default,0.5,0.627258064516129,0.8635235732009926,0.8731182795698924,"[[812, 273], [2, 928]]"
0.55,10,sqrt,44,400,default,0.5,0.6266129032258064,0.8635235732009926,0.873041474654378,"[[813, 272], [3, 927]]"
0.55,10,sqrt,79,400,default,0.5,0.625,0.8635235732009926,0.873041474654378,"[[813, 272], [3, 927]]"
0.55,10,sqrt,52,400,default,0.5,0.6285483870967742,0.8635235732009926,0.8728878648233487,"[[815, 270], [5, 925]]"
0.55,10,sqrt,16,400,default,0.5,0.6287096774193548,0.8635235732009926,0.872811059907834,"[[816, 269], [6, 924]]"
0.55,10,sqrt,41,400,default,0.5,0.6304838709677419,0.8635235732009926,0.872811059907834,"[[816, 269], [6, 924]]"
0.35,5,sqrt,56,400,default,0.5,0.6356451612903226,0.8635235732009926,0.8725038402457757,"[[820, 265], [10, 920]]"
0.35,5,sqrt,60,400,default,0.5,0.6296774193548387,0.8635235732009926,0.8724270353302611,"[[821, 264], [11, 919]]"
0.35,5,sqrt,18,400,default,0.5,0.6311290322580645,0.8635235732009926,0.8722734254992319,"[[823, 262], [13, 917]]"
0.45,8,sqrt,33,400,default,0.5,0.6291935483870967,0.8635235732009926,0.8721966205837174,"[[824, 261], [14, 916]]"
0.35,5,sqrt,62,400,default,0.5,0.6301612903225806,0.8635235732009926,0.8721198156682028,"[[825, 260], [15, 915]]"
0.35,5,sqrt,22,400,default,0.5,0.6288709677419355,0.8635235732009926,0.8720430107526882,"[[826, 259], [16, 914]]"
0.45,10,sqrt,16,400,default,0.5,0.6188709677419355,0.8635235732009926,0.8718894009216589,"[[828, 257], [18, 912]]"
0.45,10,sqrt,61,400,default,0.5,0.6222580645161291,0.8635235732009926,0.8718894009216589,"[[828, 257], [18, 912]]"
0.45,10,sqrt,17,400,default,0.5,0.6196774193548387,0.8635235732009926,0.8717357910906298,"[[830, 255], [20, 910]]"
0.55,10,sqrt,17,400,default,0.5,0.6195161290322581,0.8630272952853598,0.8727342549923195,"[[810, 275], [1, 929]]"
0.55,10,sqrt,8,400,default,0.5,0.6267741935483871,0.8630272952853598,0.872657450076805,"[[811, 274], [2, 928]]"
0.55,10,sqrt,35,400,default,0.5,0.6283870967741936,0.8630272952853598,0.872657450076805,"[[811, 274], [2, 928]]"
0.55,10,sqrt,45,400,default,0.5,0.6280645161290322,0.8630272952853598,0.872657450076805,"[[811, 274], [2, 928]]"
0.55,10,sqrt,19,400,default,0.5,0.6251612903225806,0.8630272952853598,0.8725806451612903,"[[812, 273], [3, 927]]"
0.55,10,sqrt,26,400,default,0.5,0.6279032258064516,0.8630272952853598,0.8725806451612903,"[[812, 273], [3, 927]]"
0.55,10,sqrt,42,400,default,0.5,0.627258064516129,0.8630272952853598,0.8725806451612903,"[[812, 273], [3, 927]]"
0.45,5,sqrt,7,400,default,0.5,0.6291935483870967,0.8630272952853598,0.8725806451612903,"[[812, 273], [3, 927]]"
0.55,10,sqrt,29,400,default,0.5,0.627258064516129,0.8630272952853598,0.8725038402457758,"[[813, 272], [4, 926]]"
0.55,10,sqrt,65,400,default,0.5,0.6253225806451613,0.8630272952853598,0.8724270353302611,"[[814, 271], [5, 925]]"
0.35,5,sqrt,50,400,default,0.5,0.6285483870967742,0.8630272952853598,0.8722734254992319,"[[816, 269], [7, 923]]"
0.35,5,sqrt,61,400,default,0.5,0.6314516129032258,0.8630272952853598,0.8722734254992319,"[[816, 269], [7, 923]]"
0.55,10,sqrt,11,400,default,0.5,0.6283870967741936,0.8630272952853598,0.8721198156682028,"[[818, 267], [9, 921]]"
0.35,5,sqrt,14,400,default,0.5,0.6308064516129033,0.8630272952853598,0.8720430107526882,"[[819, 266], [10, 920]]"
0.35,5,sqrt,36,400,default,0.5,0.627258064516129,0.8630272952853598,0.8720430107526882,"[[819, 266], [10, 920]]"
0.45,8,sqrt,17,400,default,0.5,0.6293548387096775,0.8630272952853598,0.8718125960061444,"[[822, 263], [13, 917]]"
0.45,10,sqrt,8,400,default,0.5,0.6274193548387097,0.8630272952853598,0.8711981566820277,"[[830, 255], [21, 909]]"
0.35,10,sqrt,19,400,default,0.5,0.6259677419354839,0.8630272952853598,0.8682795698924731,"[[868, 217], [59, 871]]"
0.55,8,sqrt,59,400,default,0.5,0.63,0.862531017369727,0.8722734254992319,"[[809, 276], [1, 929]]"
0.55,8,sqrt,70,400,default,0.5,0.6314516129032258,0.862531017369727,0.8722734254992319,"[[809, 276], [1, 929]]"
0.55,10,sqrt,46,400,default,0.5,0.6277419354838709,0.862531017369727,0.8722734254992319,"[[809, 276], [1, 929]]"
0.55,10,sqrt,49,400,default,0.5,0.6314516129032258,0.862531017369727,0.8721966205837173,"[[810, 275], [2, 928]]"
0.55,8,sqrt,0,400,default,0.5,0.6296774193548387,0.862531017369727,0.8721198156682028,"[[811, 274], [3, 927]]"
0.55,10,sqrt,34,400,default,0.5,0.6217741935483871,0.862531017369727,0.8721198156682028,"[[811, 274], [3, 927]]"
0.55,10,sqrt,36,400,default,0.5,0.6290322580645161,0.862531017369727,0.8721198156682028,"[[811, 274], [3, 927]]"
0.55,10,sqrt,37,400,default,0.5,0.6287096774193548,0.862531017369727,0.8721198156682028,"[[811, 274], [3, 927]]"
0.55,10,sqrt,55,400,default,0.5,0.6283870967741936,0.862531017369727,0.8721198156682028,"[[811, 274], [3, 927]]"
0.55,10,sqrt,50,400,default,0.5,0.6267741935483871,0.862531017369727,0.8720430107526882,"[[812, 273], [4, 926]]"
0.55,10,sqrt,3,400,default,0.5,0.6309677419354839,0.862531017369727,0.8718125960061444,"[[815, 270], [7, 923]]"
0.45,5,sqrt,37,400,default,0.5,0.6332258064516129,0.862531017369727,0.8718125960061444,"[[815, 270], [7, 923]]"
0.35,5,sqrt,19,400,default,0.5,0.6309677419354839,0.862531017369727,0.8717357910906298,"[[816, 269], [8, 922]]"
0.35,5,sqrt,40,400,default,0.5,0.6230645161290322,0.862531017369727,0.8716589861751152,"[[817, 268], [9, 921]]"
0.35,5,sqrt,43,400,default,0.5,0.6319354838709678,0.862531017369727,0.8711981566820277,"[[823, 262], [15, 915]]"
0.45,8,sqrt,54,400,default,0.5,0.627258064516129,0.862531017369727,0.8708909370199693,"[[827, 258], [19, 911]]"
0.45,5,sqrt,79,400,default,0.5,0.6333870967741936,0.8620347394540943,0.871889400921659,"[[807, 278], [0, 930]]"
0.55,8,sqrt,1,400,default,0.5,0.6303225806451613,0.8620347394540943,0.8718125960061444,"[[808, 277], [1, 929]]"
0.55,8,sqrt,20,400,default,0.5,0.6296774193548387,0.8620347394540943,0.8718125960061444,"[[808, 277], [1, 929]]"
0.55,8,sqrt,57,400,default,0.5,0.6314516129032258,0.8620347394540943,0.8718125960061444,"[[808, 277], [1, 929]]"
0.55,8,sqrt,3,400,default,0.5,0.6280645161290322,0.8620347394540943,0.8716589861751152,"[[810, 275], [3, 927]]"
0.55,8,sqrt,16,400,default,0.5,0.6258064516129033,0.8620347394540943,0.8716589861751152,"[[810, 275], [3, 927]]"
0.55,10,sqrt,23,400,default,0.5,0.632258064516129,0.8620347394540943,0.8716589861751152,"[[810, 275], [3, 927]]"
0.55,8,sqrt,5,400,default,0.5,0.6311290322580645,0.8620347394540943,0.8715821812596006,"[[811, 274], [4, 926]]"
0.55,10,sqrt,28,400,default,0.5,0.6291935483870967,0.8620347394540943,0.8715821812596006,"[[811, 274], [4, 926]]"
0.55,10,sqrt,32,400,default,0.5,0.6303225806451613,0.8620347394540943,0.8715821812596006,"[[811, 274], [4, 926]]"
0.55,10,sqrt,63,400,default,0.5,0.6275806451612903,0.8620347394540943,0.8715821812596006,"[[811, 274], [4, 926]]"
0.45,5,sqrt,30,400,default,0.5,0.6333870967741936,0.8620347394540943,0.8715821812596006,"[[811, 274], [4, 926]]"
0.55,10,sqrt,30,400,default,0.5,0.632258064516129,0.8620347394540943,0.8715053763440861,"[[812, 273], [5, 925]]"
0.55,10,sqrt,77,400,default,0.5,0.6264516129032258,0.8620347394540943,0.8714285714285714,"[[813, 272], [6, 924]]"
0.35,5,sqrt,1,400,default,0.5,0.6348387096774194,0.8620347394540943,0.8712749615975423,"[[815, 270], [8, 922]]"
0.45,8,sqrt,16,400,default,0.5,0.625,0.8620347394540943,0.8711981566820277,"[[816, 269], [9, 921]]"
0.35,5,sqrt,4,400,default,0.5,0.6267741935483871,0.8620347394540943,0.8711981566820277,"[[816, 269], [9, 921]]"
0.45,8,sqrt,55,400,default,0.5,0.6238709677419355,0.8620347394540943,0.8711213517665131,"[[817, 268], [10, 920]]"
0.35,5,sqrt,32,400,default,0.5,0.6309677419354839,0.8620347394540943,0.8711213517665131,"[[817, 268], [10, 920]]"
0.35,5,sqrt,8,400,default,0.5,0.6288709677419355,0.8620347394540943,0.8710445468509984,"[[818, 267], [11, 919]]"
0.35,5,sqrt,9,400,default,0.5,0.6296774193548387,0.8620347394540943,0.870583717357911,"[[824, 261], [17, 913]]"
0.35,5,sqrt,65,400,default,0.5,0.6269354838709678,0.8620347394540943,0.8705069124423963,"[[825, 260], [18, 912]]"
0.55,8,sqrt,73,400,default,0.5,0.6280645161290322,0.8615384615384616,0.8714285714285714,"[[806, 279], [0, 930]]"
0.55,10,sqrt,60,400,default,0.5,0.6290322580645161,0.8615384615384616,0.8714285714285714,"[[806, 279], [0, 930]]"
0.55,10,sqrt,56,400,default,0.5,0.6306451612903226,0.8615384615384616,0.8713517665130568,"[[807, 278], [1, 929]]"
0.55,10,sqrt,61,400,default,0.5,0.6269354838709678,0.8615384615384616,0.8713517665130568,"[[807, 278], [1, 929]]"
0.55,8,sqrt,13,400,default,0.5,0.6267741935483871,0.8615384615384616,0.8712749615975421,"[[808, 277], [2, 928]]"
0.55,10,sqrt,21,400,default,0.5,0.6295161290322581,0.8615384615384616,0.8712749615975421,"[[808, 277], [2, 928]]"
0.45,5,sqrt,6,400,default,0.5,0.6309677419354839,0.8615384615384616,0.8712749615975421,"[[808, 277], [2, 928]]"
0.55,10,sqrt,9,400,default,0.5,0.6308064516129033,0.8615384615384616,0.8711981566820277,"[[809, 276], [3, 927]]"
0.55,10,sqrt,40,400,default,0.5,0.6277419354838709,0.8615384615384616,0.8711981566820277,"[[809, 276], [3, 927]]"
0.55,10,sqrt,54,400,default,0.5,0.6295161290322581,0.8615384615384616,0.8711981566820277,"[[809, 276], [3, 927]]"
0.45,5,sqrt,59,400,default,0.5,0.6319354838709678,0.8615384615384616,0.8711981566820277,"[[809, 276], [3, 927]]"
0.35,5,sqrt,2,400,default,0.5,0.6275806451612903,0.8615384615384616,0.8709677419354839,"[[812, 273], [6, 924]]"
0.35,5,sqrt,10,400,default,0.5,0.6329032258064516,0.8615384615384616,0.8708141321044547,"[[814, 271], [8, 922]]"
0.35,5,sqrt,13,400,default,0.5,0.6320967741935484,0.8615384615384616,0.8708141321044547,"[[814, 271], [8, 922]]"
0.35,5,sqrt,66,400,default,0.5,0.6277419354838709,0.8615384615384616,0.870583717357911,"[[817, 268], [11, 919]]"
0.35,5,sqrt,70,400,default,0.5,0.6246774193548387,0.8615384615384616,0.8705069124423963,"[[818, 267], [12, 918]]"
0.35,5,sqrt,72,400,default,0.5,0.6287096774193548,0.8615384615384616,0.8703533026113671,"[[820, 265], [14, 916]]"
0.55,8,sqrt,26,400,default,0.5,0.6280645161290322,0.8610421836228288,0.8709677419354839,"[[805, 280], [0, 930]]"
0.45,5,sqrt,63,400,default,0.5,0.631774193548387,0.8610421836228288,0.8709677419354839,"[[805, 280], [0, 930]]"
0.55,8,sqrt,8,400,default,0.5,0.6287096774193548,0.8610421836228288,0.8708909370199693,"[[806, 279], [1, 929]]"
0.55,8,sqrt,63,400,default,0.5,0.6259677419354839,0.8610421836228288,0.8708909370199693,"[[806, 279], [1, 929]]"
0.45,5,sqrt,33,400,default,0.5,0.6309677419354839,0.8610421836228288,0.8708909370199693,"[[806, 279], [1, 929]]"
0.55,8,sqrt,30,400,default,0.5,0.6301612903225806,0.8610421836228288,0.8708141321044547,"[[807, 278], [2, 928]]"
0.55,8,sqrt,14,400,default,0.5,0.63,0.8610421836228288,0.87073732718894,"[[808, 277], [3, 927]]"
0.55,8,sqrt,54,400,default,0.5,0.6303225806451613,0.8610421836228288,0.87073732718894,"[[808, 277], [3, 927]]"
0.55,10,sqrt,13,400,default,0.5,0.6303225806451613,0.8610421836228288,0.87073732718894,"[[808, 277], [3, 927]]"
0.45,5,sqrt,46,400,default,0.5,0.6341935483870967,0.8610421836228288,0.8706605222734255,"[[809, 276], [4, 926]]"
0.45,5,sqrt,65,400,default,0.5,0.6298387096774194,0.8610421836228288,0.8706605222734255,"[[809, 276], [4, 926]]"
0.35,5,sqrt,37,400,default,0.5,0.6309677419354839,0.8610421836228288,0.8704301075268817,"[[812, 273], [7, 923]]"
0.45,5,sqrt,25,400,default,0.5,0.63,0.8610421836228288,0.8704301075268817,"[[812, 273], [7, 923]]"
0.35,5,sqrt,52,400,default,0.5,0.6291935483870967,0.8610421836228288,0.8702764976958526,"[[814, 271], [9, 921]]"
0.35,5,sqrt,28,400,default,0.5,0.6304838709677419,0.8610421836228288,0.8701996927803379,"[[815, 270], [10, 920]]"
0.35,5,sqrt,67,400,default,0.5,0.6280645161290322,0.8610421836228288,0.8701996927803379,"[[815, 270], [10, 920]]"
0.35,5,sqrt,55,400,default,0.5,0.6288709677419355,0.8610421836228288,0.8701228878648233,"[[816, 269], [11, 919]]"
0.45,10,sqrt,37,400,fs_acc,0.459029691097467,0.6308064516129033,0.860545905707196,0.8705069124423963,"[[804, 281], [0, 930]]"
0.45,10,sqrt,43,400,fs_acc,0.46063387948071094,0.631774193548387,0.860545905707196,0.8705069124423963,"[[804, 281], [0, 930]]"
0.55,10,sqrt,51,400,default,0.5,0.6254838709677419,0.860545905707196,0.8705069124423963,"[[804, 281], [0, 930]]"
0.55,8,sqrt,29,400,default,0.5,0.6319354838709678,0.860545905707196,0.8704301075268817,"[[805, 280], [1, 929]]"
0.45,5,sqrt,58,400,default,0.5,0.6262903225806452,0.860545905707196,0.8704301075268817,"[[805, 280], [1, 929]]"
0.55,8,sqrt,21,400,default,0.5,0.6293548387096775,0.860545905707196,0.8703533026113671,"[[806, 279], [2, 928]]"
0.55,8,sqrt,66,400,default,0.5,0.6345161290322581,0.860545905707196,0.8703533026113671,"[[806, 279], [2, 928]]"
0.55,8,sqrt,75,400,default,0.5,0.6288709677419355,0.860545905707196,0.8703533026113671,"[[806, 279], [2, 928]]"
0.55,10,sqrt,69,400,default,0.5,0.6335483870967742,0.860545905707196,0.8703533026113671,"[[806, 279], [2, 928]]"
0.55,8,sqrt,24,400,default,0.5,0.6288709677419355,0.860545905707196,0.8702764976958526,"[[807, 278], [3, 927]]"
0.55,8,sqrt,38,400,default,0.5,0.6280645161290322,0.860545905707196,0.8702764976958526,"[[807, 278], [3, 927]]"
0.55,8,sqrt,65,400,default,0.5,0.6330645161290323,0.860545905707196,0.8702764976958526,"[[807, 278], [3, 927]]"
0.45,5,sqrt,21,400,default,0.5,0.63,0.860545905707196,0.8701996927803379,"[[808, 277], [4, 926]]"
0.45,5,sqrt,49,400,default,0.5,0.6340322580645161,0.860545905707196,0.8701996927803379,"[[808, 277], [4, 926]]"
0.55,10,sqrt,78,400,default,0.5,0.6254838709677419,0.860545905707196,0.8701228878648233,"[[809, 276], [5, 925]]"
0.55,10,sqrt,18,400,default,0.5,0.627258064516129,0.860545905707196,0.8698924731182796,"[[812, 273], [8, 922]]"
0.35,5,sqrt,59,400,default,0.5,0.6261290322580645,0.860545905707196,0.869815668202765,"[[813, 272], [9, 921]]"
0.35,5,sqrt,53,400,default,0.5,0.6248387096774194,0.860545905707196,0.8696620583717358,"[[815, 270], [11, 919]]"
0.35,5,sqrt,47,400,default,0.5,0.6245161290322581,0.860545905707196,0.8695852534562212,"[[816, 269], [12, 918]]"
0.55,8,sqrt,28,400,default,0.5,0.6283870967741936,0.8600496277915632,0.8699692780337942,"[[804, 281], [1, 929]]"
0.55,8,sqrt,60,400,default,0.5,0.6282258064516129,0.8600496277915632,0.8699692780337942,"[[804, 281], [1, 929]]"
0.45,5,sqrt,19,400,default,0.5,0.631774193548387,0.8600496277915632,0.8699692780337942,"[[804, 281], [1, 929]]"
0.55,8,sqrt,4,400,default,0.5,0.6261290322580645,0.8600496277915632,0.8698924731182796,"[[805, 280], [2, 928]]"
0.55,8,sqrt,53,400,default,0.5,0.6327419354838709,0.8600496277915632,0.8698924731182796,"[[805, 280], [2, 928]]"
0.55,10,sqrt,76,400,default,0.5,0.6337096774193548,0.8600496277915632,0.8698924731182796,"[[805, 280], [2, 928]]"
0.55,10,sqrt,6,400,default,0.5,0.6274193548387097,0.8600496277915632,0.8697388632872505,"[[807, 278], [4, 926]]"
0.55,10,sqrt,0,400,default,0.5,0.6296774193548387,0.8600496277915632,0.8696620583717358,"[[808, 277], [5, 925]]"
0.45,5,sqrt,9,400,default,0.5,0.6346774193548387,0.8600496277915632,0.8696620583717358,"[[808, 277], [5, 925]]"
0.55,10,sqrt,4,400,default,0.5,0.6267741935483871,0.8600496277915632,0.8695852534562212,"[[809, 276], [6, 924]]"
0.55,8,sqrt,7,400,default,0.5,0.6308064516129033,0.8600496277915632,0.8695084485407065,"[[810, 275], [7, 923]]"
0.55,10,sqrt,31,400,default,0.5,0.632258064516129,0.8600496277915632,0.8695084485407065,"[[810, 275], [7, 923]]"
0.55,8,sqrt,10,400,default,0.5,0.6293548387096775,0.8595533498759306,0.8695852534562212,"[[802, 283], [0, 930]]"
0.55,8,sqrt,43,400,default,0.5,0.6311290322580645,0.8595533498759306,0.8695852534562212,"[[802, 283], [0, 930]]"
0.35,8,sqrt,66,400,fs_acc,0.4481884307281429,0.6382258064516129,0.8595533498759306,0.8695084485407065,"[[803, 282], [1, 929]]"
0.55,8,sqrt,62,400,default,0.5,0.6303225806451613,0.8595533498759306,0.8695084485407065,"[[803, 282], [1, 929]]"
0.55,8,sqrt,71,400,default,0.5,0.6306451612903226,0.8595533498759306,0.8695084485407065,"[[803, 282], [1, 929]]"
0.45,5,sqrt,62,400,default,0.5,0.6330645161290323,0.8595533498759306,0.8695084485407065,"[[803, 282], [1, 929]]"
0.55,8,sqrt,11,400,default,0.5,0.6316129032258064,0.8595533498759306,0.869431643625192,"[[804, 281], [2, 928]]"
0.55,8,sqrt,17,400,default,0.5,0.6304838709677419,0.8595533498759306,0.869431643625192,"[[804, 281], [2, 928]]"
0.55,10,sqrt,71,400,default,0.5,0.6279032258064516,0.8595533498759306,0.869431643625192,"[[804, 281], [2, 928]]"
0.45,5,sqrt,50,400,default,0.5,0.6301612903225806,0.8595533498759306,0.869431643625192,"[[804, 281], [2, 928]]"
0.35,8,sqrt,30,400,fs_acc,0.44982185613312287,0.6359677419354839,0.8595533498759306,0.8693548387096774,"[[805, 280], [3, 927]]"
0.55,8,sqrt,12,400,default,0.5,0.6264516129032258,0.8595533498759306,0.8693548387096774,"[[805, 280], [3, 927]]"
0.45,5,sqrt,23,400,default,0.5,0.6319354838709678,0.8595533498759306,0.8693548387096774,"[[805, 280], [3, 927]]"
0.55,8,sqrt,55,400,default,0.5,0.6293548387096775,0.8595533498759306,0.8692780337941628,"[[806, 279], [4, 926]]"
0.55,10,sqrt,39,400,default,0.5,0.6225806451612903,0.8595533498759306,0.8692780337941628,"[[806, 279], [4, 926]]"
0.45,5,sqrt,70,400,default,0.5,0.6290322580645161,0.8595533498759306,0.8692780337941628,"[[806, 279], [4, 926]]"
0.45,5,sqrt,16,400,default,0.5,0.6325806451612903,0.8595533498759306,0.8691244239631336,"[[808, 277], [6, 924]]"
0.55,10,sqrt,53,400,default,0.5,0.6319354838709678,0.8595533498759306,0.8690476190476191,"[[809, 276], [7, 923]]"
0.35,5,sqrt,49,400,default,0.5,0.6266129032258064,0.8595533498759306,0.8685867895545314,"[[815, 270], [13, 917]]"
0.55,8,sqrt,2,400,default,0.5,0.632258064516129,0.8590570719602978,0.8691244239631337,"[[801, 284], [0, 930]]"
0.55,8,sqrt,45,400,default,0.5,0.6283870967741936,0.8590570719602978,0.8691244239631337,"[[801, 284], [0, 930]]"
0.55,8,sqrt,6,400,default,0.5,0.6311290322580645,0.8590570719602978,0.8689708141321044,"[[803, 282], [2, 928]]"
0.55,8,sqrt,39,400,default,0.5,0.6288709677419355,0.8590570719602978,0.8689708141321044,"[[803, 282], [2, 928]]"
0.55,8,sqrt,56,400,default,0.5,0.632258064516129,0.8590570719602978,0.8689708141321044,"[[803, 282], [2, 928]]"
0.55,10,sqrt,33,400,default,0.5,0.6320967741935484,0.8590570719602978,0.8689708141321044,"[[803, 282], [2, 928]]"
0.45,5,sqrt,22,400,default,0.5,0.6287096774193548,0.8590570719602978,0.8688940092165899,"[[804, 281], [3, 927]]"
0.45,5,sqrt,39,400,default,0.5,0.6330645161290323,0.8590570719602978,0.8688940092165899,"[[804, 281], [3, 927]]"
0.45,5,sqrt,60,400,default,0.5,0.635483870967742,0.8590570719602978,0.8688940092165899,"[[804, 281], [3, 927]]"
0.45,5,sqrt,75,400,default,0.5,0.6343548387096775,0.8590570719602978,0.8688940092165899,"[[804, 281], [3, 927]]"
0.55,10,sqrt,73,400,default,0.5,0.6306451612903226,0.8590570719602978,0.8688172043010753,"[[805, 280], [4, 926]]"
0.45,5,sqrt,12,400,fs_acc,0.5050996617206833,0.6356451612903226,0.8590570719602978,0.8688172043010753,"[[805, 280], [4, 926]]"
0.55,10,sqrt,25,400,default,0.5,0.6298387096774194,0.8590570719602978,0.8685867895545314,"[[808, 277], [7, 923]]"
0.35,5,sqrt,79,400,default,0.5,0.6283870967741936,0.8590570719602978,0.8685867895545314,"[[808, 277], [7, 923]]"
0.35,5,sqrt,71,400,default,0.5,0.6312903225806452,0.8590570719602978,0.8682795698924731,"[[812, 273], [11, 919]]"
0.35,5,sqrt,20,400,default,0.5,0.6325806451612903,0.8590570719602978,0.8682027649769586,"[[813, 272], [12, 918]]"
0.55,8,sqrt,35,400,default,0.5,0.6320967741935484,0.858560794044665,0.868663594470046,"[[800, 285], [0, 930]]"
0.55,8,sqrt,43,400,fs_acc,0.4962038561983181,0.6314516129032258,0.858560794044665,0.868663594470046,"[[800, 285], [0, 930]]"
0.55,8,sqrt,23,400,default,0.5,0.6277419354838709,0.858560794044665,0.8685099846390169,"[[802, 283], [2, 928]]"
0.55,8,sqrt,69,400,default,0.5,0.6332258064516129,0.858560794044665,0.8685099846390169,"[[802, 283], [2, 928]]"
0.45,5,sqrt,12,400,default,0.5,0.6348387096774194,0.858560794044665,0.8685099846390169,"[[802, 283], [2, 928]]"
0.45,5,sqrt,48,400,default,0.5,0.6316129032258064,0.858560794044665,0.8685099846390169,"[[802, 283], [2, 928]]"
0.55,8,sqrt,36,400,default,0.5,0.6298387096774194,0.858560794044665,0.8684331797235023,"[[803, 282], [3, 927]]"
0.55,8,sqrt,47,400,default,0.5,0.6298387096774194,0.858560794044665,0.8684331797235023,"[[803, 282], [3, 927]]"
0.45,5,sqrt,55,400,default,0.5,0.6387096774193548,0.858560794044665,0.8684331797235023,"[[803, 282], [3, 927]]"
0.45,5,sqrt,55,400,fs_acc,0.5002529853284708,0.6391935483870967,0.858560794044665,0.8684331797235023,"[[803, 282], [3, 927]]"
0.55,8,sqrt,64,400,default,0.5,0.6275806451612903,0.858560794044665,0.8683563748079877,"[[804, 281], [4, 926]]"
0.55,10,sqrt,5,400,default,0.5,0.6275806451612903,0.858560794044665,0.8683563748079877,"[[804, 281], [4, 926]]"
0.55,10,sqrt,66,400,default,0.5,0.6285483870967742,0.858560794044665,0.8682795698924731,"[[805, 280], [5, 925]]"
0.55,10,sqrt,12,400,default,0.5,0.63,0.858560794044665,0.8682027649769586,"[[806, 279], [6, 924]]"
0.35,5,sqrt,11,400,default,0.5,0.6291935483870967,0.858560794044665,0.8671274961597542,"[[820, 265], [20, 910]]"
0.45,8,sqrt,42,400,fs_acc,0.4737101840986857,0.6311290322580645,0.8580645161290322,0.8682027649769586,"[[799, 286], [0, 930]]"
0.45,5,sqrt,34,400,default,0.5,0.631774193548387,0.8580645161290322,0.8682027649769586,"[[799, 286], [0, 930]]"
0.55,8,sqrt,44,400,default,0.5,0.6279032258064516,0.8580645161290322,0.8681259600614439,"[[800, 285], [1, 929]]"
0.45,5,sqrt,31,400,default,0.5,0.6325806451612903,0.8580645161290322,0.8681259600614439,"[[800, 285], [1, 929]]"
0.45,5,sqrt,24,400,default,0.5,0.6312903225806452,0.8580645161290322,0.8679723502304147,"[[802, 283], [3, 927]]"
0.55,10,sqrt,15,400,default,0.5,0.6282258064516129,0.8580645161290322,0.8678955453149002,"[[803, 282], [4, 926]]"
0.45,5,sqrt,3,400,default,0.5,0.6256451612903225,0.8580645161290322,0.8677419354838709,"[[805, 280], [6, 924]]"
0.35,5,sqrt,33,400,default,0.5,0.6245161290322581,0.8580645161290322,0.8674347158218125,"[[809, 276], [10, 920]]"
0.35,5,sqrt,25,400,default,0.5,0.63,0.8580645161290322,0.8670506912442396,"[[814, 271], [15, 915]]"
0.55,8,sqrt,37,400,default,0.5,0.6293548387096775,0.8575682382133996,0.8676651305683564,"[[799, 286], [1, 929]]"
0.55,8,sqrt,40,400,default,0.5,0.6264516129032258,0.8575682382133996,0.8676651305683564,"[[799, 286], [1, 929]]"
0.55,8,sqrt,72,400,default,0.5,0.6275806451612903,0.8575682382133996,0.8676651305683564,"[[799, 286], [1, 929]]"
0.35,5,sqrt,64,400,fs_acc,0.4669353334315299,0.6380645161290323,0.8575682382133996,0.8676651305683564,"[[799, 286], [1, 929]]"
0.45,5,sqrt,8,400,default,0.5,0.6338709677419355,0.8575682382133996,0.8676651305683564,"[[799, 286], [1, 929]]"
0.45,5,sqrt,74,400,default,0.5,0.6327419354838709,0.8575682382133996,0.8676651305683564,"[[799, 286], [1, 929]]"
0.55,8,sqrt,18,400,default,0.5,0.6312903225806452,0.8575682382133996,0.8675883256528418,"[[800, 285], [2, 928]]"
0.55,8,sqrt,68,400,default,0.5,0.6348387096774194,0.8575682382133996,0.8675883256528418,"[[800, 285], [2, 928]]"
0.45,5,sqrt,53,400,default,0.5,0.6333870967741936,0.8575682382133996,0.8675883256528418,"[[800, 285], [2, 928]]"
0.45,8,sqrt,56,400,fs_acc,0.47644191705946015,0.635,0.8575682382133996,0.8674347158218125,"[[802, 283], [4, 926]]"
0.45,5,sqrt,13,400,default,0.5,0.6337096774193548,0.8575682382133996,0.8674347158218125,"[[802, 283], [4, 926]]"
0.55,10,sqrt,7,400,default,0.5,0.6282258064516129,0.8575682382133996,0.867357910906298,"[[803, 282], [5, 925]]"
0.45,5,sqrt,20,400,default,0.5,0.631774193548387,0.8575682382133996,0.867357910906298,"[[803, 282], [5, 925]]"
0.45,5,sqrt,42,400,default,0.5,0.6356451612903226,0.8575682382133996,0.867357910906298,"[[803, 282], [5, 925]]"
0.55,8,sqrt,46,400,default,0.5,0.6314516129032258,0.8575682382133996,0.8672043010752688,"[[805, 280], [7, 923]]"
0.55,10,sqrt,47,400,fs_acc,0.47577337027604627,0.6325806451612903,0.8570719602977668,0.8672811059907835,"[[797, 288], [0, 930]]"
0.45,5,sqrt,47,400,default,0.5,0.6353225806451613,0.8570719602977668,0.8672811059907835,"[[797, 288], [0, 930]]"
0.55,8,sqrt,79,400,default,0.5,0.6253225806451613,0.8570719602977668,0.8672043010752688,"[[798, 287], [1, 929]]"
0.55,10,sqrt,21,400,fs_acc,0.48857594291070117,0.6308064516129033,0.8570719602977668,0.8672043010752688,"[[798, 287], [1, 929]]"
0.55,8,sqrt,27,400,default,0.5,0.6319354838709678,0.8570719602977668,0.8671274961597542,"[[799, 286], [2, 928]]"
0.45,5,sqrt,32,400,default,0.5,0.6314516129032258,0.8570719602977668,0.8671274961597542,"[[799, 286], [2, 928]]"
0.55,8,sqrt,31,400,default,0.5,0.6303225806451613,0.8570719602977668,0.8670506912442397,"[[800, 285], [3, 927]]"
0.55,8,sqrt,41,400,default,0.5,0.6348387096774194,0.8570719602977668,0.8670506912442397,"[[800, 285], [3, 927]]"
0.45,5,sqrt,15,400,default,0.5,0.6288709677419355,0.8570719602977668,0.8670506912442397,"[[800, 285], [3, 927]]"
0.55,8,sqrt,49,400,default,0.5,0.6261290322580645,0.8570719602977668,0.8669738863287251,"[[801, 284], [4, 926]]"
0.45,5,sqrt,44,400,default,0.5,0.6324193548387097,0.8570719602977668,0.8669738863287251,"[[801, 284], [4, 926]]"
0.55,8,sqrt,15,400,default,0.5,0.6290322580645161,0.8570719602977668,0.8668970814132104,"[[802, 283], [5, 925]]"
0.45,5,sqrt,29,400,default,0.5,0.6332258064516129,0.8570719602977668,0.8668202764976958,"[[803, 282], [6, 924]]"
0.55,8,sqrt,22,400,default,0.5,0.6314516129032258,0.8570719602977668,0.8666666666666667,"[[805, 280], [8, 922]]"
0.55,10,sqrt,22,400,default,0.5,0.63,0.8570719602977668,0.8666666666666667,"[[805, 280], [8, 922]]"
0.55,10,sqrt,41,400,fs_acc,0.4809740256839167,0.6338709677419355,0.856575682382134,0.8668202764976958,"[[796, 289], [0, 930]]"
0.55,8,sqrt,33,400,default,0.5,0.6303225806451613,0.856575682382134,0.8666666666666667,"[[798, 287], [2, 928]]"
0.55,8,sqrt,74,400,default,0.5,0.6301612903225806,0.856575682382134,0.8666666666666667,"[[798, 287], [2, 928]]"
0.55,10,sqrt,33,400,fs_acc,0.4952721253711165,0.6327419354838709,0.856575682382134,0.8666666666666667,"[[798, 287], [2, 928]]"
0.45,5,sqrt,10,400,default,0.5,0.6332258064516129,0.856575682382134,0.8666666666666667,"[[798, 287], [2, 928]]"
0.55,8,sqrt,78,400,default,0.5,0.6296774193548387,0.856575682382134,0.866589861751152,"[[799, 286], [3, 927]]"
0.45,5,sqrt,78,400,default,0.5,0.6314516129032258,0.856575682382134,0.866589861751152,"[[799, 286], [3, 927]]"
0.55,8,sqrt,25,400,default,0.5,0.6293548387096775,0.856575682382134,0.866436251920123,"[[801, 284], [5, 925]]"
0.45,5,sqrt,36,400,default,0.5,0.6290322580645161,0.856575682382134,0.866436251920123,"[[801, 284], [5, 925]]"
0.45,5,sqrt,68,400,default,0.5,0.631774193548387,0.856575682382134,0.8663594470046083,"[[802, 283], [6, 924]]"
0.45,5,sqrt,4,400,default,0.5,0.6288709677419355,0.856575682382134,0.8662826420890937,"[[803, 282], [7, 923]]"
0.45,5,sqrt,51,400,default,0.5,0.632258064516129,0.856575682382134,0.8662826420890937,"[[803, 282], [7, 923]]"
0.45,5,sqrt,40,400,default,0.5,0.6275806451612903,0.856575682382134,0.8662058371735791,"[[804, 281], [8, 922]]"
0.45,5,sqrt,76,400,default,0.5,0.6291935483870967,0.856575682382134,0.8661290322580646,"[[805, 280], [9, 921]]"
0.55,8,sqrt,53,400,fs_acc,0.4827177058680308,0.6361290322580645,0.8560794044665012,0.8663594470046083,"[[795, 290], [0, 930]]"
0.55,8,sqrt,76,400,default,0.5,0.6301612903225806,0.8560794044665012,0.8662826420890937,"[[796, 289], [1, 929]]"
0.45,5,sqrt,18,400,default,0.5,0.6296774193548387,0.8560794044665012,0.8661290322580646,"[[798, 287], [3, 927]]"
0.45,5,sqrt,66,400,default,0.5,0.6312903225806452,0.8560794044665012,0.8659754224270353,"[[800, 285], [5, 925]]"
0.45,5,sqrt,73,400,default,0.5,0.6327419354838709,0.8560794044665012,0.8658218125960061,"[[802, 283], [7, 923]]"
0.45,10,sqrt,32,400,fs_acc,0.451091725460108,0.6380645161290323,0.8555831265508684,0.8658986175115208,"[[794, 291], [0, 930]]"
0.55,8,sqrt,11,400,fs_acc,0.48650516267010163,0.6335483870967742,0.8555831265508684,0.8658986175115208,"[[794, 291], [0, 930]]"
0.45,5,sqrt,11,400,default,0.5,0.6285483870967742,0.8555831265508684,0.8658218125960062,"[[795, 290], [1, 929]]"
0.55,8,sqrt,52,400,default,0.5,0.6314516129032258,0.8555831265508684,0.8657450076804916,"[[796, 289], [2, 928]]"
0.45,5,sqrt,26,400,default,0.5,0.63,0.8555831265508684,0.8657450076804916,"[[796, 289], [2, 928]]"
0.45,5,sqrt,75,400,fs_acc,0.4894344557129582,0.6370967741935484,0.8555831265508684,0.8657450076804916,"[[796, 289], [2, 928]]"
0.35,10,sqrt,34,400,fs_acc,0.4403141003170027,0.6330645161290323,0.8555831265508684,0.8656682027649769,"[[797, 288], [3, 927]]"
0.45,5,sqrt,28,400,default,0.5,0.6319354838709678,0.8555831265508684,0.8655913978494624,"[[798, 287], [4, 926]]"
0.45,5,sqrt,61,400,default,0.5,0.6296774193548387,0.8555831265508684,0.8655913978494624,"[[798, 287], [4, 926]]"
0.45,5,sqrt,69,400,default,0.5,0.6295161290322581,0.8555831265508684,0.8655913978494624,"[[798, 287], [4, 926]]"
0.55,10,sqrt,74,400,default,0.5,0.6291935483870967,0.8555831265508684,0.8655145929339478,"[[799, 286], [5, 925]]"
0.45,5,sqrt,72,400,default,0.5,0.6290322580645161,0.8555831265508684,0.8655145929339478,"[[799, 286], [5, 925]]"
0.45,5,sqrt,43,400,default,0.5,0.6346774193548387,0.8555831265508684,0.865284178187404,"[[802, 283], [8, 922]]"
0.45,5,sqrt,43,400,fs_acc,0.4987191429368546,0.635,0.8555831265508684,0.865284178187404,"[[802, 283], [8, 922]]"
0.35,10,sqrt,20,400,fs_acc,0.4263341589152606,0.6393548387096775,0.8550868486352358,0.8654377880184332,"[[793, 292], [0, 930]]"
0.35,8,sqrt,3,400,fs_acc,0.4368304626891575,0.6338709677419355,0.8550868486352358,0.8654377880184332,"[[793, 292], [0, 930]]"
0.55,8,sqrt,58,400,default,0.5,0.6254838709677419,0.8550868486352358,0.8653609831029185,"[[794, 291], [1, 929]]"
0.55,8,sqrt,19,400,default,0.5,0.6270967741935484,0.8550868486352358,0.8652073732718895,"[[796, 289], [3, 927]]"
0.55,8,sqrt,9,400,default,0.5,0.6280645161290322,0.8550868486352358,0.8651305683563748,"[[797, 288], [4, 926]]"
0.45,5,sqrt,14,400,default,0.5,0.6295161290322581,0.8550868486352358,0.8651305683563748,"[[797, 288], [4, 926]]"
0.45,5,sqrt,64,400,default,0.5,0.6337096774193548,0.8550868486352358,0.8651305683563748,"[[797, 288], [4, 926]]"
0.55,10,sqrt,75,400,default,0.5,0.63,0.8550868486352358,0.8650537634408602,"[[798, 287], [5, 925]]"
0.45,5,sqrt,0,400,default,0.5,0.6312903225806452,0.8550868486352358,0.8650537634408602,"[[798, 287], [5, 925]]"
0.45,5,sqrt,67,400,default,0.5,0.6270967741935484,0.8550868486352358,0.8650537634408602,"[[798, 287], [5, 925]]"
0.45,5,sqrt,27,400,default,0.5,0.6346774193548387,0.8550868486352358,0.8649769585253456,"[[799, 286], [6, 924]]"
0.45,5,sqrt,35,400,default,0.5,0.6333870967741936,0.8550868486352358,0.8649001536098311,"[[800, 285], [7, 923]]"
0.45,8,sqrt,0,400,fs_acc,0.4680520296751142,0.6364516129032258,0.854590570719603,0.8649769585253456,"[[792, 293], [0, 930]]"
0.35,10,sqrt,7,400,fs_acc,0.4336456991454206,0.6353225806451613,0.854590570719603,0.8649001536098311,"[[793, 292], [1, 929]]"
0.55,8,sqrt,54,400,fs_acc,0.48467657900332395,0.635483870967742,0.854590570719603,0.8649001536098311,"[[793, 292], [1, 929]]"
0.55,8,sqrt,34,400,default,0.5,0.6262903225806452,0.854590570719603,0.8648233486943164,"[[794, 291], [2, 928]]"
0.45,8,sqrt,27,400,fs_acc,0.4760340563854726,0.6382258064516129,0.854590570719603,0.8647465437788019,"[[795, 290], [3, 927]]"
0.45,5,sqrt,52,400,default,0.5,0.6325806451612903,0.854590570719603,0.8647465437788019,"[[795, 290], [3, 927]]"
0.45,5,sqrt,71,400,default,0.5,0.632258064516129,0.854590570719603,0.8646697388632872,"[[796, 289], [4, 926]]"
0.45,5,sqrt,1,400,default,0.5,0.6314516129032258,0.854590570719603,0.8645929339477727,"[[797, 288], [5, 925]]"
0.55,8,sqrt,57,400,fs_acc,0.4853257744032011,0.6335483870967742,0.8540942928039702,0.864516129032258,"[[791, 294], [0, 930]]"
0.45,8,sqrt,18,400,fs_acc,0.4657710766953542,0.6370967741935484,0.8540942928039702,0.8644393241167434,"[[792, 293], [1, 929]]"
0.55,8,sqrt,6,400,fs_acc,0.48866625826444576,0.6329032258064516,0.8540942928039702,0.8644393241167434,"[[792, 293], [1, 929]]"
0.45,5,sqrt,56,400,default,0.5,0.6259677419354839,0.8540942928039702,0.8644393241167434,"[[792, 293], [1, 929]]"
0.45,5,sqrt,17,400,default,0.5,0.6311290322580645,0.8540942928039702,0.8642857142857143,"[[794, 291], [3, 927]]"
0.45,5,sqrt,54,400,default,0.5,0.6314516129032258,0.8540942928039702,0.8637480798771122,"[[801, 284], [10, 920]]"
0.35,10,sqrt,69,400,fs_acc,0.42310595098931664,0.635483870967742,0.8535980148883374,0.8640552995391705,"[[790, 295], [0, 930]]"
0.35,5,sqrt,56,400,fs_acc,0.46800798154311624,0.6383870967741936,0.8535980148883374,0.863978494623656,"[[791, 294], [1, 929]]"
0.55,8,sqrt,51,400,default,0.5,0.627258064516129,0.8535980148883374,0.8639016897081413,"[[792, 293], [2, 928]]"
0.45,5,sqrt,57,400,default,0.5,0.6351612903225806,0.8535980148883374,0.8638248847926268,"[[793, 292], [3, 927]]"
0.55,10,sqrt,11,400,fs_acc,0.47764079349937666,0.6332258064516129,0.8531017369727047,0.8635944700460829,"[[789, 296], [0, 930]]"
0.45,5,sqrt,49,400,fs_acc,0.48279157338568346,0.6358064516129033,0.8531017369727047,0.8635944700460829,"[[789, 296], [0, 930]]"
0.45,5,sqrt,53,400,fs_acc,0.48843696709005563,0.635483870967742,0.8531017369727047,0.8635944700460829,"[[789, 296], [0, 930]]"
0.45,8,sqrt,62,400,fs_acc,0.46450020004838466,0.6370967741935484,0.8531017369727047,0.8635176651305683,"[[790, 295], [1, 929]]"
0.55,8,sqrt,52,400,fs_acc,0.4925953391536394,0.6337096774193548,0.8531017369727047,0.8635176651305683,"[[790, 295], [1, 929]]"
0.55,8,sqrt,65,400,fs_acc,0.48631969724253077,0.6348387096774194,0.8531017369727047,0.8635176651305683,"[[790, 295], [1, 929]]"
0.45,5,sqrt,0,400,fs_acc,0.48642576618185984,0.6316129032258064,0.8531017369727047,0.8634408602150537,"[[791, 294], [2, 928]]"
0.55,8,sqrt,50,400,default,0.5,0.6275806451612903,0.8531017369727047,0.8633640552995392,"[[792, 293], [3, 927]]"
0.45,10,sqrt,4,400,fs_acc,0.4457943966017154,0.6304838709677419,0.852605459057072,0.8631336405529955,"[[788, 297], [0, 930]]"
0.35,8,sqrt,4,400,fs_acc,0.42760145009064604,0.6362903225806451,0.852605459057072,0.8631336405529955,"[[788, 297], [0, 930]]"
0.55,8,sqrt,42,400,default,0.5,0.6303225806451613,0.852605459057072,0.8631336405529955,"[[788, 297], [0, 930]]"
0.55,10,sqrt,69,400,fs_acc,0.4766265309701013,0.6383870967741936,0.852605459057072,0.8631336405529955,"[[788, 297], [0, 930]]"
0.35,10,sqrt,10,400,fs_acc,0.41747422956045005,0.637258064516129,0.852605459057072,0.8630568356374808,"[[789, 296], [1, 929]]"
0.35,5,sqrt,37,400,fs_acc,0.471402502643404,0.6377419354838709,0.852605459057072,0.8630568356374808,"[[789, 296], [1, 929]]"
0.35,8,sqrt,31,400,fs_acc,0.44244974915920665,0.6370967741935484,0.852605459057072,0.8629800307219662,"[[790, 295], [2, 928]]"
0.35,5,sqrt,12,400,fs_acc,0.4712332738843364,0.6345161290322581,0.852605459057072,0.8628264208909371,"[[792, 293], [4, 926]]"
0.35,10,sqrt,63,400,fs_acc,0.4146635221210527,0.6353225806451613,0.8521091811414392,0.8626728110599078,"[[787, 298], [0, 930]]"
0.45,10,sqrt,13,400,fs_acc,0.4483643008395591,0.6382258064516129,0.8521091811414392,0.8626728110599078,"[[787, 298], [0, 930]]"
0.45,10,sqrt,30,400,fs_acc,0.44983098983723696,0.6361290322580645,0.8521091811414392,0.8626728110599078,"[[787, 298], [0, 930]]"
0.45,10,sqrt,36,400,fs_acc,0.4474864677755939,0.6309677419354839,0.8521091811414392,0.8626728110599078,"[[787, 298], [0, 930]]"
0.45,8,sqrt,46,400,fs_acc,0.4561239462448571,0.6366129032258064,0.8521091811414392,0.8626728110599078,"[[787, 298], [0, 930]]"
0.55,8,sqrt,67,400,fs_acc,0.4764631786161483,0.6320967741935484,0.8521091811414392,0.8626728110599078,"[[787, 298], [0, 930]]"
0.45,5,sqrt,34,400,fs_acc,0.4856538542186679,0.6338709677419355,0.8521091811414392,0.8626728110599078,"[[787, 298], [0, 930]]"
0.35,8,sqrt,45,400,fs_acc,0.4360798859546547,0.6374193548387097,0.8521091811414392,0.8625960061443932,"[[788, 297], [1, 929]]"
0.35,5,sqrt,75,400,fs_acc,0.4613516909537774,0.6366129032258064,0.8521091811414392,0.8625960061443932,"[[788, 297], [1, 929]]"
0.45,5,sqrt,41,400,default,0.5,0.6340322580645161,0.8521091811414392,0.8625960061443932,"[[788, 297], [1, 929]]"
0.35,5,sqrt,77,400,fs_acc,0.4680671055167128,0.6332258064516129,0.8521091811414392,0.8625192012288787,"[[789, 296], [2, 928]]"
0.45,5,sqrt,69,400,fs_acc,0.4925833885358184,0.631774193548387,0.8521091811414392,0.8625192012288787,"[[789, 296], [2, 928]]"
0.45,5,sqrt,77,400,default,0.5,0.6282258064516129,0.8521091811414392,0.8624423963133641,"[[790, 295], [3, 927]]"
0.35,10,sqrt,55,400,fs_acc,0.4221081856160867,0.6387096774193548,0.8516129032258064,0.8622119815668203,"[[786, 299], [0, 930]]"
0.55,8,sqrt,75,400,fs_acc,0.47567063543890614,0.6330645161290323,0.8516129032258064,0.8622119815668203,"[[786, 299], [0, 930]]"
0.55,10,sqrt,30,400,fs_acc,0.4717783254405015,0.6369354838709678,0.8516129032258064,0.8621351766513057,"[[787, 298], [1, 929]]"
0.45,5,sqrt,27,400,fs_acc,0.4859279124004752,0.635483870967742,0.8516129032258064,0.862058371735791,"[[788, 297], [2, 928]]"
0.45,5,sqrt,5,400,default,0.5,0.6337096774193548,0.8516129032258064,0.8619815668202766,"[[789, 296], [3, 927]]"
0.45,5,sqrt,54,400,fs_acc,0.4854607265074237,0.6345161290322581,0.8516129032258064,0.8619815668202766,"[[789, 296], [3, 927]]"
0.35,10,sqrt,75,400,fs_acc,0.41718339072698296,0.6341935483870967,0.8511166253101737,0.8617511520737327,"[[785, 300], [0, 930]]"
0.45,10,sqrt,20,400,fs_acc,0.45094446764251434,0.6358064516129033,0.8511166253101737,0.8617511520737327,"[[785, 300], [0, 930]]"
0.35,10,sqrt,31,400,fs_acc,0.41658497031644337,0.631774193548387,0.8511166253101737,0.8616743471582181,"[[786, 299], [1, 929]]"
0.35,10,sqrt,79,400,fs_acc,0.42659309405269796,0.6348387096774194,0.8511166253101737,0.8616743471582181,"[[786, 299], [1, 929]]"
0.35,10,sqrt,50,400,fs_acc,0.4153043169430149,0.635,0.850620347394541,0.8612903225806452,"[[784, 301], [0, 930]]"
0.35,8,sqrt,16,400,fs_acc,0.4264342249578524,0.6362903225806451,0.850620347394541,0.8612903225806452,"[[784, 301], [0, 930]]"
0.35,8,sqrt,20,400,fs_acc,0.42773201233782154,0.6385483870967742,0.850620347394541,0.8612903225806452,"[[784, 301], [0, 930]]"
0.45,8,sqrt,15,400,fs_acc,0.4608585978066207,0.6341935483870967,0.850620347394541,0.8612903225806452,"[[784, 301], [0, 930]]"
0.55,10,sqrt,12,400,fs_acc,0.476668789286353,0.6341935483870967,0.850620347394541,0.8612903225806452,"[[784, 301], [0, 930]]"
0.45,5,sqrt,42,400,fs_acc,0.47885237643295486,0.6369354838709678,0.850620347394541,0.8612903225806452,"[[784, 301], [0, 930]]"
0.45,5,sqrt,50,400,fs_acc,0.4814019986465311,0.6314516129032258,0.850620347394541,0.8612135176651305,"[[785, 300], [1, 929]]"
0.45,5,sqrt,2,400,default,0.5,0.6306451612903226,0.850620347394541,0.860752688172043,"[[791, 294], [7, 923]]"
0.35,8,sqrt,74,400,fs_acc,0.4307890000230116,0.6359677419354839,0.8501240694789082,0.8608294930875576,"[[783, 302], [0, 930]]"
0.45,8,sqrt,19,400,fs_acc,0.4469944688181815,0.6290322580645161,0.8501240694789082,0.8608294930875576,"[[783, 302], [0, 930]]"
0.45,8,sqrt,76,400,fs_acc,0.4562655938027589,0.6379032258064516,0.8501240694789082,0.8608294930875576,"[[783, 302], [0, 930]]"
0.55,10,sqrt,16,400,fs_acc,0.46110365255316754,0.6338709677419355,0.8501240694789082,0.8608294930875576,"[[783, 302], [0, 930]]"
0.55,10,sqrt,56,400,fs_acc,0.4703392616866746,0.6382258064516129,0.8501240694789082,0.8608294930875576,"[[783, 302], [0, 930]]"
0.45,10,sqrt,25,400,fs_acc,0.4423974313157788,0.6298387096774194,0.8496277915632754,0.8603686635944701,"[[782, 303], [0, 930]]"
0.45,10,sqrt,38,400,fs_acc,0.4432060651595181,0.6346774193548387,0.8496277915632754,0.8603686635944701,"[[782, 303], [0, 930]]"
0.45,8,sqrt,37,400,fs_acc,0.4552742560920529,0.6340322580645161,0.8496277915632754,0.8603686635944701,"[[782, 303], [0, 930]]"
0.45,8,sqrt,65,400,fs_acc,0.45715088699287676,0.6330645161290323,0.8496277915632754,0.8603686635944701,"[[782, 303], [0, 930]]"
0.55,8,sqrt,13,400,fs_acc,0.4776809433615729,0.6304838709677419,0.8496277915632754,0.8603686635944701,"[[782, 303], [0, 930]]"
0.55,8,sqrt,35,400,fs_acc,0.4744695205130862,0.6356451612903226,0.8496277915632754,0.8603686635944701,"[[782, 303], [0, 930]]"
0.55,10,sqrt,57,400,fs_acc,0.4748312372517208,0.6296774193548387,0.8496277915632754,0.8603686635944701,"[[782, 303], [0, 930]]"
0.35,5,sqrt,13,400,fs_acc,0.457272442596487,0.6433870967741936,0.8496277915632754,0.8603686635944701,"[[782, 303], [0, 930]]"
0.35,5,sqrt,39,400,fs_acc,0.46196007132618216,0.6340322580645161,0.8496277915632754,0.8603686635944701,"[[782, 303], [0, 930]]"
0.45,10,sqrt,1,400,fs_acc,0.44441318581865835,0.6340322580645161,0.8496277915632754,0.8602918586789554,"[[783, 302], [1, 929]]"
0.45,10,sqrt,48,400,fs_acc,0.45191814028202026,0.6358064516129033,0.8496277915632754,0.8602918586789554,"[[783, 302], [1, 929]]"
0.35,8,sqrt,28,400,fs_acc,0.41988375253231836,0.6361290322580645,0.8491315136476427,0.8599078341013825,"[[781, 304], [0, 930]]"
0.35,8,sqrt,58,400,fs_acc,0.42165784908660453,0.6370967741935484,0.8491315136476427,0.8599078341013825,"[[781, 304], [0, 930]]"
0.45,8,sqrt,31,400,fs_acc,0.4554218585210308,0.6353225806451613,0.8491315136476427,0.8599078341013825,"[[781, 304], [0, 930]]"
0.45,8,sqrt,48,400,fs_acc,0.4575886302929694,0.635,0.8491315136476427,0.8599078341013825,"[[781, 304], [0, 930]]"
0.55,10,sqrt,42,400,fs_acc,0.4689199347147223,0.6359677419354839,0.8491315136476427,0.8599078341013825,"[[781, 304], [0, 930]]"
0.45,5,sqrt,44,400,fs_acc,0.47643360052757466,0.6327419354838709,0.8491315136476427,0.8599078341013825,"[[781, 304], [0, 930]]"
0.35,10,sqrt,6,400,fs_acc,0.41681956740805837,0.6337096774193548,0.8486352357320099,0.8594470046082949,"[[780, 305], [0, 930]]"
0.45,10,sqrt,51,400,fs_acc,0.4437587189398104,0.6340322580645161,0.8486352357320099,0.8594470046082949,"[[780, 305], [0, 930]]"
0.45,10,sqrt,73,400,fs_acc,0.4463220338830486,0.6346774193548387,0.8486352357320099,0.8594470046082949,"[[780, 305], [0, 930]]"
0.35,8,sqrt,7,400,fs_acc,0.4376801038163749,0.6364516129032258,0.8486352357320099,0.8594470046082949,"[[780, 305], [0, 930]]"
0.35,8,sqrt,32,400,fs_acc,0.427864407321779,0.6398387096774194,0.8486352357320099,0.8594470046082949,"[[780, 305], [0, 930]]"
0.35,8,sqrt,48,400,fs_acc,0.43113484126967366,0.6340322580645161,0.8486352357320099,0.8594470046082949,"[[780, 305], [0, 930]]"
0.55,8,sqrt,26,400,fs_acc,0.4816743914809274,0.6319354838709678,0.8486352357320099,0.8594470046082949,"[[780, 305], [0, 930]]"
0.55,10,sqrt,62,400,fs_acc,0.4658768527651995,0.6304838709677419,0.8486352357320099,0.8594470046082949,"[[780, 305], [0, 930]]"
0.35,5,sqrt,19,400,fs_acc,0.45922543126218773,0.6353225806451613,0.8486352357320099,0.8594470046082949,"[[780, 305], [0, 930]]"
0.35,10,sqrt,40,400,fs_acc,0.4225500088527067,0.6335483870967742,0.8486352357320099,0.8593701996927803,"[[781, 304], [1, 929]]"
0.45,10,sqrt,67,400,fs_acc,0.45144312493461336,0.6361290322580645,0.8486352357320099,0.8593701996927803,"[[781, 304], [1, 929]]"
0.35,5,sqrt,3,400,fs_acc,0.46353973019611544,0.6340322580645161,0.8486352357320099,0.8593701996927803,"[[781, 304], [1, 929]]"
0.35,8,sqrt,68,400,fs_acc,0.4373731883628675,0.6338709677419355,0.8486352357320099,0.8592933947772657,"[[782, 303], [2, 928]]"
0.45,8,sqrt,77,400,fs_acc,0.45431235983973833,0.6314516129032258,0.8486352357320099,0.8592933947772657,"[[782, 303], [2, 928]]"
0.35,10,sqrt,19,400,fs_acc,0.4133350936035307,0.635,0.8481389578163772,0.8589861751152074,"[[779, 306], [0, 930]]"
0.35,10,sqrt,52,400,fs_acc,0.4218235768008797,0.6338709677419355,0.8481389578163772,0.8589861751152074,"[[779, 306], [0, 930]]"
0.45,10,sqrt,21,400,fs_acc,0.44535984726777367,0.6356451612903226,0.8481389578163772,0.8589861751152074,"[[779, 306], [0, 930]]"
0.35,8,sqrt,47,400,fs_acc,0.43653606254989435,0.6348387096774194,0.8481389578163772,0.8589861751152074,"[[779, 306], [0, 930]]"
0.45,8,sqrt,61,400,fs_acc,0.45396777865003357,0.6359677419354839,0.8481389578163772,0.8589861751152074,"[[779, 306], [0, 930]]"
0.55,8,sqrt,8,400,fs_acc,0.47621231796586777,0.6311290322580645,0.8481389578163772,0.8589861751152074,"[[779, 306], [0, 930]]"
0.35,5,sqrt,34,400,fs_acc,0.45716020326370016,0.6369354838709678,0.8481389578163772,0.8589861751152074,"[[779, 306], [0, 930]]"
0.45,8,sqrt,44,400,fs_acc,0.455175482091615,0.6337096774193548,0.8481389578163772,0.8589093701996928,"[[780, 305], [1, 929]]"
0.55,8,sqrt,41,400,fs_acc,0.48564563101962055,0.635483870967742,0.8481389578163772,0.8588325652841782,"[[781, 304], [2, 928]]"
0.35,8,sqrt,69,400,fs_acc,0.4261166523166611,0.6343548387096775,0.8476426799007444,0.8585253456221198,"[[778, 307], [0, 930]]"
0.45,8,sqrt,17,400,fs_acc,0.45770159081802947,0.635,0.8476426799007444,0.8585253456221198,"[[778, 307], [0, 930]]"
0.45,8,sqrt,49,400,fs_acc,0.4469922674455995,0.6345161290322581,0.8476426799007444,0.8585253456221198,"[[778, 307], [0, 930]]"
0.45,8,sqrt,53,400,fs_acc,0.45187930305325047,0.6346774193548387,0.8476426799007444,0.8585253456221198,"[[778, 307], [0, 930]]"
0.55,8,sqrt,60,400,fs_acc,0.4792511254676992,0.6319354838709678,0.8476426799007444,0.8585253456221198,"[[778, 307], [0, 930]]"
0.35,5,sqrt,29,400,fs_acc,0.45948851409157077,0.6369354838709678,0.8476426799007444,0.8585253456221198,"[[778, 307], [0, 930]]"
0.45,5,sqrt,35,400,fs_acc,0.47501772697983424,0.6382258064516129,0.8476426799007444,0.8585253456221198,"[[778, 307], [0, 930]]"
0.45,8,sqrt,38,400,fs_acc,0.45438951552052653,0.6353225806451613,0.8476426799007444,0.8584485407066051,"[[779, 306], [1, 929]]"
0.35,10,sqrt,62,400,fs_acc,0.41456022129530984,0.6366129032258064,0.8471464019851117,0.8580645161290323,"[[777, 308], [0, 930]]"
0.45,10,sqrt,54,400,fs_acc,0.4421987904347496,0.6330645161290323,0.8471464019851117,0.8580645161290323,"[[777, 308], [0, 930]]"
0.45,8,sqrt,70,400,fs_acc,0.45485993849046535,0.6340322580645161,0.8471464019851117,0.8580645161290323,"[[777, 308], [0, 930]]"
0.55,10,sqrt,13,400,fs_acc,0.475669193467055,0.6338709677419355,0.8471464019851117,0.8580645161290323,"[[777, 308], [0, 930]]"
0.55,10,sqrt,55,400,fs_acc,0.4705356986323225,0.635,0.8471464019851117,0.8580645161290323,"[[777, 308], [0, 930]]"
0.35,5,sqrt,2,400,fs_acc,0.4593708870545626,0.635,0.8471464019851117,0.8580645161290323,"[[777, 308], [0, 930]]"
0.45,5,sqrt,13,400,fs_acc,0.48130052132971085,0.6375806451612903,0.8471464019851117,0.8580645161290323,"[[777, 308], [0, 930]]"
0.55,8,sqrt,0,400,fs_acc,0.4724220351021232,0.6340322580645161,0.8471464019851117,0.8579877112135177,"[[778, 307], [1, 929]]"
0.35,10,sqrt,11,400,fs_acc,0.4090262955612959,0.635483870967742,0.8466501240694789,0.8576036866359447,"[[776, 309], [0, 930]]"
0.35,10,sqrt,49,400,fs_acc,0.41694275885915344,0.6340322580645161,0.8466501240694789,0.8576036866359447,"[[776, 309], [0, 930]]"
0.45,10,sqrt,27,400,fs_acc,0.4461532976184544,0.6337096774193548,0.8466501240694789,0.8576036866359447,"[[776, 309], [0, 930]]"
0.45,10,sqrt,58,400,fs_acc,0.4477841000695581,0.6327419354838709,0.8466501240694789,0.8576036866359447,"[[776, 309], [0, 930]]"
0.45,8,sqrt,3,400,fs_acc,0.45355064356394476,0.6337096774193548,0.8466501240694789,0.8576036866359447,"[[776, 309], [0, 930]]"
0.55,8,sqrt,3,400,fs_acc,0.4679170315214383,0.6312903225806452,0.8466501240694789,0.8576036866359447,"[[776, 309], [0, 930]]"
0.55,10,sqrt,68,400,fs_acc,0.46825452177045146,0.635,0.8466501240694789,0.8576036866359447,"[[776, 309], [0, 930]]"
0.35,5,sqrt,17,400,fs_acc,0.4557083019984506,0.6353225806451613,0.8466501240694789,0.8576036866359447,"[[776, 309], [0, 930]]"
0.35,5,sqrt,59,400,fs_acc,0.4594340849861227,0.6346774193548387,0.8466501240694789,0.8576036866359447,"[[776, 309], [0, 930]]"
0.45,5,sqrt,21,400,fs_acc,0.47888465079353937,0.6340322580645161,0.8466501240694789,0.8576036866359447,"[[776, 309], [0, 930]]"
0.55,8,sqrt,22,400,fs_acc,0.4723995820243859,0.6327419354838709,0.8466501240694789,0.8574500768049155,"[[778, 307], [2, 928]]"
0.35,10,sqrt,21,400,fs_acc,0.4058079147798938,0.6361290322580645,0.8461538461538461,0.8571428571428572,"[[775, 310], [0, 930]]"
0.35,10,sqrt,28,400,fs_acc,0.4077968796585699,0.636774193548387,0.8461538461538461,0.8571428571428572,"[[775, 310], [0, 930]]"
0.35,10,sqrt,71,400,fs_acc,0.40936808949033693,0.6380645161290323,0.8461538461538461,0.8571428571428572,"[[775, 310], [0, 930]]"
0.45,10,sqrt,49,400,fs_acc,0.4350694199617981,0.6361290322580645,0.8461538461538461,0.8571428571428572,"[[775, 310], [0, 930]]"
0.35,8,sqrt,12,400,fs_acc,0.42753040238533063,0.631774193548387,0.8461538461538461,0.8571428571428572,"[[775, 310], [0, 930]]"
0.45,8,sqrt,33,400,fs_acc,0.45365094801207667,0.6362903225806451,0.8461538461538461,0.8571428571428572,"[[775, 310], [0, 930]]"
0.55,8,sqrt,1,400,fs_acc,0.46931573713820307,0.6361290322580645,0.8461538461538461,0.8571428571428572,"[[775, 310], [0, 930]]"
0.55,10,sqrt,38,400,fs_acc,0.458171169283525,0.6358064516129033,0.8461538461538461,0.8571428571428572,"[[775, 310], [0, 930]]"
0.55,10,sqrt,45,400,fs_acc,0.4673935500010993,0.6359677419354839,0.8461538461538461,0.8571428571428572,"[[775, 310], [0, 930]]"
0.55,10,sqrt,75,400,fs_acc,0.4691036557577423,0.6340322580645161,0.8461538461538461,0.8571428571428572,"[[775, 310], [0, 930]]"
0.35,5,sqrt,73,400,fs_acc,0.4484696635507132,0.64,0.8461538461538461,0.8571428571428572,"[[775, 310], [0, 930]]"
0.45,5,sqrt,24,400,fs_acc,0.47913190587508225,0.6337096774193548,0.8461538461538461,0.8571428571428572,"[[775, 310], [0, 930]]"
0.45,5,sqrt,66,400,fs_acc,0.47542209682842107,0.6340322580645161,0.8461538461538461,0.8571428571428572,"[[775, 310], [0, 930]]"
0.35,5,sqrt,1,400,fs_acc,0.46027784227959095,0.6375806451612903,0.8461538461538461,0.8570660522273426,"[[776, 309], [1, 929]]"
0.35,10,sqrt,73,400,fs_acc,0.4136151167781437,0.6356451612903226,0.8456575682382134,0.8566820276497695,"[[774, 311], [0, 930]]"
0.45,10,sqrt,41,400,fs_acc,0.43988835656108777,0.6309677419354839,0.8456575682382134,0.8566820276497695,"[[774, 311], [0, 930]]"
0.45,10,sqrt,69,400,fs_acc,0.4369324984984885,0.6345161290322581,0.8456575682382134,0.8566820276497695,"[[774, 311], [0, 930]]"
0.35,8,sqrt,78,400,fs_acc,0.4299992387322667,0.6356451612903226,0.8456575682382134,0.8566820276497695,"[[774, 311], [0, 930]]"
0.55,8,sqrt,76,400,fs_acc,0.4662683899735102,0.64,0.8456575682382134,0.8566820276497695,"[[774, 311], [0, 930]]"
0.55,10,sqrt,48,400,fs_acc,0.45911103559882943,0.635483870967742,0.8456575682382134,0.8566820276497695,"[[774, 311], [0, 930]]"
0.35,5,sqrt,41,400,fs_acc,0.4538077141048184,0.6403225806451613,0.8456575682382134,0.8566820276497695,"[[774, 311], [0, 930]]"
0.45,5,sqrt,60,400,fs_acc,0.46642931327767306,0.6383870967741936,0.8456575682382134,0.8566820276497695,"[[774, 311], [0, 930]]"
0.35,10,sqrt,9,400,fs_acc,0.4139173755259162,0.635,0.8451612903225807,0.8562211981566821,"[[773, 312], [0, 930]]"
0.45,10,sqrt,39,400,fs_acc,0.44401919651367777,0.6375806451612903,0.8451612903225807,0.8562211981566821,"[[773, 312], [0, 930]]"
0.45,10,sqrt,42,400,fs_acc,0.43889158347362084,0.6319354838709678,0.8451612903225807,0.8562211981566821,"[[773, 312], [0, 930]]"
0.45,10,sqrt,65,400,fs_acc,0.43475794066734114,0.6380645161290323,0.8451612903225807,0.8562211981566821,"[[773, 312], [0, 930]]"
0.45,10,sqrt,79,400,fs_acc,0.4344226128494202,0.6345161290322581,0.8451612903225807,0.8562211981566821,"[[773, 312], [0, 930]]"
0.35,8,sqrt,27,400,fs_acc,0.4207079823887483,0.635483870967742,0.8451612903225807,0.8562211981566821,"[[773, 312], [0, 930]]"
0.35,8,sqrt,73,400,fs_acc,0.41839522554705316,0.6370967741935484,0.8451612903225807,0.8562211981566821,"[[773, 312], [0, 930]]"
0.45,8,sqrt,43,400,fs_acc,0.4446077635079385,0.6370967741935484,0.8451612903225807,0.8562211981566821,"[[773, 312], [0, 930]]"
0.55,8,sqrt,31,400,fs_acc,0.4688821912703848,0.632258064516129,0.8451612903225807,0.8562211981566821,"[[773, 312], [0, 930]]"
0.55,8,sqrt,56,400,fs_acc,0.47157249867799317,0.6374193548387097,0.8451612903225807,0.8562211981566821,"[[773, 312], [0, 930]]"
0.55,8,sqrt,59,400,fs_acc,0.46832629606925086,0.6338709677419355,0.8451612903225807,0.8562211981566821,"[[773, 312], [0, 930]]"
0.55,8,sqrt,73,400,fs_acc,0.4671769874599272,0.6329032258064516,0.8451612903225807,0.8562211981566821,"[[773, 312], [0, 930]]"
0.55,10,sqrt,17,400,fs_acc,0.4623429701879228,0.6329032258064516,0.8451612903225807,0.8562211981566821,"[[773, 312], [0, 930]]"
0.55,10,sqrt,20,400,fs_acc,0.4705034440175746,0.6359677419354839,0.8451612903225807,0.8562211981566821,"[[773, 312], [0, 930]]"
0.35,5,sqrt,57,400,fs_acc,0.4608981589214022,0.637258064516129,0.8451612903225807,0.8562211981566821,"[[773, 312], [0, 930]]"
0.45,5,sqrt,11,400,fs_acc,0.4751174865112858,0.635,0.8451612903225807,0.8562211981566821,"[[773, 312], [0, 930]]"
0.45,5,sqrt,30,400,fs_acc,0.46263261605938527,0.6361290322580645,0.8451612903225807,0.8562211981566821,"[[773, 312], [0, 930]]"
0.45,5,sqrt,79,400,fs_acc,0.46908814602705395,0.6358064516129033,0.8451612903225807,0.8562211981566821,"[[773, 312], [0, 930]]"
0.35,10,sqrt,8,400,fs_acc,0.41390513399922757,0.6356451612903226,0.8451612903225807,0.8561443932411674,"[[774, 311], [1, 929]]"
0.35,10,sqrt,58,400,fs_acc,0.41326550167317405,0.6346774193548387,0.8451612903225807,0.8561443932411674,"[[774, 311], [1, 929]]"
0.35,5,sqrt,72,400,fs_acc,0.4608298636213511,0.6346774193548387,0.8451612903225807,0.8561443932411674,"[[774, 311], [1, 929]]"
0.35,10,sqrt,64,400,fs_acc,0.40763878340605675,0.6351612903225806,0.8446650124069479,0.8557603686635944,"[[772, 313], [0, 930]]"
0.45,10,sqrt,52,400,fs_acc,0.4355418362344303,0.6341935483870967,0.8446650124069479,0.8557603686635944,"[[772, 313], [0, 930]]"
0.45,8,sqrt,36,400,fs_acc,0.456552138512016,0.6337096774193548,0.8446650124069479,0.8557603686635944,"[[772, 313], [0, 930]]"
0.55,8,sqrt,36,400,fs_acc,0.4693356847398266,0.6319354838709678,0.8446650124069479,0.8557603686635944,"[[772, 313], [0, 930]]"
0.55,10,sqrt,24,400,fs_acc,0.45880383151517656,0.6319354838709678,0.8446650124069479,0.8557603686635944,"[[772, 313], [0, 930]]"
0.55,10,sqrt,60,400,fs_acc,0.4674723861229516,0.6343548387096775,0.8446650124069479,0.8557603686635944,"[[772, 313], [0, 930]]"
0.55,10,sqrt,76,400,fs_acc,0.4656344905150394,0.6359677419354839,0.8446650124069479,0.8557603686635944,"[[772, 313], [0, 930]]"
0.35,5,sqrt,11,400,fs_acc,0.4588110832254764,0.6333870967741936,0.8446650124069479,0.8556067588325653,"[[774, 311], [2, 928]]"
0.35,5,sqrt,40,400,fs_acc,0.4503467712619089,0.63,0.8446650124069479,0.8556067588325653,"[[774, 311], [2, 928]]"
0.35,10,sqrt,47,400,fs_acc,0.4079987451873208,0.636774193548387,0.8441687344913151,0.8552995391705069,"[[771, 314], [0, 930]]"
0.35,10,sqrt,57,400,fs_acc,0.40613142211216907,0.632258064516129,0.8441687344913151,0.8552995391705069,"[[771, 314], [0, 930]]"
0.45,8,sqrt,35,400,fs_acc,0.44587574250037115,0.6351612903225806,0.8441687344913151,0.8552995391705069,"[[771, 314], [0, 930]]"
0.55,8,sqrt,72,400,fs_acc,0.45982115865709355,0.6338709677419355,0.8441687344913151,0.8552995391705069,"[[771, 314], [0, 930]]"
0.55,8,sqrt,74,400,fs_acc,0.4679447627062846,0.6377419354838709,0.8441687344913151,0.8552995391705069,"[[771, 314], [0, 930]]"
0.55,10,sqrt,2,400,fs_acc,0.4594529007286476,0.6325806451612903,0.8441687344913151,0.8552995391705069,"[[771, 314], [0, 930]]"
0.55,10,sqrt,18,400,fs_acc,0.4590486168290159,0.6325806451612903,0.8441687344913151,0.8552995391705069,"[[771, 314], [0, 930]]"
0.35,5,sqrt,35,400,fs_acc,0.44922735804840563,0.6341935483870967,0.8441687344913151,0.8552995391705069,"[[771, 314], [0, 930]]"
0.35,5,sqrt,50,400,fs_acc,0.4516227423639232,0.6374193548387097,0.8441687344913151,0.8552995391705069,"[[771, 314], [0, 930]]"
0.35,5,sqrt,78,400,fs_acc,0.45121280800108393,0.6387096774193548,0.8441687344913151,0.8552995391705069,"[[771, 314], [0, 930]]"
0.45,5,sqrt,7,400,fs_acc,0.4613912314700181,0.6329032258064516,0.8441687344913151,0.8552995391705069,"[[771, 314], [0, 930]]"
0.45,5,sqrt,8,400,fs_acc,0.46897228609588315,0.6374193548387097,0.8441687344913151,0.8552995391705069,"[[771, 314], [0, 930]]"
0.45,5,sqrt,22,400,fs_acc,0.4697991679580548,0.6341935483870967,0.8441687344913151,0.8552995391705069,"[[771, 314], [0, 930]]"
0.45,5,sqrt,33,400,fs_acc,0.4674164097764099,0.6338709677419355,0.8441687344913151,0.8552995391705069,"[[771, 314], [0, 930]]"
0.45,5,sqrt,65,400,fs_acc,0.46557964563317367,0.6348387096774194,0.8441687344913151,0.8552995391705069,"[[771, 314], [0, 930]]"
0.45,8,sqrt,60,400,fs_acc,0.44681680464220863,0.6364516129032258,0.8441687344913151,0.8552227342549923,"[[772, 313], [1, 929]]"
0.35,8,sqrt,13,400,fs_acc,0.42137630373538765,0.6374193548387097,0.8436724565756824,0.8548387096774194,"[[770, 315], [0, 930]]"
0.45,8,sqrt,25,400,fs_acc,0.44238530419476385,0.6348387096774194,0.8436724565756824,0.8548387096774194,"[[770, 315], [0, 930]]"
0.45,8,sqrt,41,400,fs_acc,0.44643068855864293,0.63,0.8436724565756824,0.8548387096774194,"[[770, 315], [0, 930]]"
0.55,10,sqrt,31,400,fs_acc,0.46075410585133686,0.6374193548387097,0.8436724565756824,0.8548387096774194,"[[770, 315], [0, 930]]"
0.55,10,sqrt,32,400,fs_acc,0.4602179546740704,0.6358064516129033,0.8436724565756824,0.8548387096774194,"[[770, 315], [0, 930]]"
0.35,5,sqrt,0,400,fs_acc,0.4513364862734507,0.635483870967742,0.8436724565756824,0.8548387096774194,"[[770, 315], [0, 930]]"
0.35,5,sqrt,60,400,fs_acc,0.45042424149716415,0.6370967741935484,0.8436724565756824,0.8548387096774194,"[[770, 315], [0, 930]]"
0.35,10,sqrt,67,400,fs_acc,0.41121128214685604,0.635,0.8431761786600497,0.8543778801843318,"[[769, 316], [0, 930]]"
0.45,10,sqrt,5,400,fs_acc,0.43685823091107173,0.6341935483870967,0.8431761786600497,0.8543778801843318,"[[769, 316], [0, 930]]"
0.45,10,sqrt,16,400,fs_acc,0.4355246080622724,0.6361290322580645,0.8431761786600497,0.8543778801843318,"[[769, 316], [0, 930]]"
0.45,10,sqrt,44,400,fs_acc,0.43605191943093546,0.6332258064516129,0.8431761786600497,0.8543778801843318,"[[769, 316], [0, 930]]"
0.55,8,sqrt,46,400,fs_acc,0.4624524675353984,0.6364516129032258,0.8431761786600497,0.8543778801843318,"[[769, 316], [0, 930]]"
0.55,8,sqrt,66,400,fs_acc,0.46459147194920064,0.6377419354838709,0.8431761786600497,0.8543778801843318,"[[769, 316], [0, 930]]"
0.55,10,sqrt,44,400,fs_acc,0.4599608652437129,0.6316129032258064,0.8431761786600497,0.8543778801843318,"[[769, 316], [0, 930]]"
0.55,10,sqrt,72,400,fs_acc,0.45231022969290796,0.635483870967742,0.8431761786600497,0.8543778801843318,"[[769, 316], [0, 930]]"
0.45,5,sqrt,47,400,fs_acc,0.4758309219648927,0.6388709677419355,0.8431761786600497,0.8543778801843318,"[[769, 316], [0, 930]]"
0.35,10,sqrt,38,400,fs_acc,0.4073082243824482,0.6351612903225806,0.8426799007444169,0.8539170506912442,"[[768, 317], [0, 930]]"
0.35,10,sqrt,51,400,fs_acc,0.4067977755777806,0.6345161290322581,0.8426799007444169,0.8539170506912442,"[[768, 317], [0, 930]]"
0.35,10,sqrt,60,400,fs_acc,0.40857145834536307,0.636774193548387,0.8426799007444169,0.8539170506912442,"[[768, 317], [0, 930]]"
0.45,10,sqrt,77,400,fs_acc,0.4322841733688647,0.6338709677419355,0.8426799007444169,0.8539170506912442,"[[768, 317], [0, 930]]"
0.35,8,sqrt,1,400,fs_acc,0.42042751267046935,0.6390322580645161,0.8426799007444169,0.8539170506912442,"[[768, 317], [0, 930]]"
0.45,8,sqrt,71,400,fs_acc,0.4453666618725412,0.6387096774193548,0.8426799007444169,0.8539170506912442,"[[768, 317], [0, 930]]"
0.55,8,sqrt,14,400,fs_acc,0.46238359944177987,0.6335483870967742,0.8426799007444169,0.8539170506912442,"[[768, 317], [0, 930]]"
0.55,8,sqrt,34,400,fs_acc,0.4690723018343943,0.6303225806451613,0.8426799007444169,0.8539170506912442,"[[768, 317], [0, 930]]"
0.55,10,sqrt,10,400,fs_acc,0.4637206872028802,0.6341935483870967,0.8426799007444169,0.8539170506912442,"[[768, 317], [0, 930]]"
0.35,5,sqrt,36,400,fs_acc,0.4480933900340549,0.6370967741935484,0.8426799007444169,0.8539170506912442,"[[768, 317], [0, 930]]"
0.35,5,sqrt,58,400,fs_acc,0.44517963789341786,0.6338709677419355,0.8426799007444169,0.8539170506912442,"[[768, 317], [0, 930]]"
0.45,5,sqrt,6,400,fs_acc,0.4673259480512837,0.636774193548387,0.8426799007444169,0.8539170506912442,"[[768, 317], [0, 930]]"
0.35,5,sqrt,5,400,fs_acc,0.4562547711069452,0.6369354838709678,0.8426799007444169,0.8538402457757297,"[[769, 316], [1, 929]]"
0.45,5,sqrt,32,400,fs_acc,0.4678809706008007,0.6361290322580645,0.8426799007444169,0.8538402457757297,"[[769, 316], [1, 929]]"
0.35,10,sqrt,41,400,fs_acc,0.40593043012862484,0.636774193548387,0.8421836228287841,0.8534562211981567,"[[767, 318], [0, 930]]"
0.45,10,sqrt,56,400,fs_acc,0.4370865127316987,0.635483870967742,0.8421836228287841,0.8534562211981567,"[[767, 318], [0, 930]]"
0.35,8,sqrt,8,400,fs_acc,0.4207869113007307,0.6345161290322581,0.8421836228287841,0.8534562211981567,"[[767, 318], [0, 930]]"
0.35,8,sqrt,36,400,fs_acc,0.4187091925141329,0.6361290322580645,0.8421836228287841,0.8534562211981567,"[[767, 318], [0, 930]]"
0.45,8,sqrt,13,400,fs_acc,0.44648072949631973,0.6325806451612903,0.8421836228287841,0.8534562211981567,"[[767, 318], [0, 930]]"
0.45,8,sqrt,51,400,fs_acc,0.4512855631667104,0.6343548387096775,0.8421836228287841,0.8534562211981567,"[[767, 318], [0, 930]]"
0.45,8,sqrt,54,400,fs_acc,0.4364827099892236,0.6335483870967742,0.8421836228287841,0.8534562211981567,"[[767, 318], [0, 930]]"
0.45,8,sqrt,72,400,fs_acc,0.43759667140775926,0.6345161290322581,0.8421836228287841,0.8534562211981567,"[[767, 318], [0, 930]]"
0.55,8,sqrt,2,400,fs_acc,0.46796394862672364,0.6364516129032258,0.8421836228287841,0.8534562211981567,"[[767, 318], [0, 930]]"
0.55,8,sqrt,48,400,fs_acc,0.4568666596913278,0.6364516129032258,0.8421836228287841,0.8534562211981567,"[[767, 318], [0, 930]]"
0.55,8,sqrt,62,400,fs_acc,0.4669032937205911,0.636774193548387,0.8421836228287841,0.8534562211981567,"[[767, 318], [0, 930]]"
0.55,10,sqrt,46,400,fs_acc,0.45836591246570235,0.6335483870967742,0.8421836228287841,0.8534562211981567,"[[767, 318], [0, 930]]"
0.55,10,sqrt,49,400,fs_acc,0.45627367445648154,0.6345161290322581,0.8421836228287841,0.8534562211981567,"[[767, 318], [0, 930]]"
0.55,10,sqrt,74,400,fs_acc,0.4632854907381017,0.6361290322580645,0.8421836228287841,0.8534562211981567,"[[767, 318], [0, 930]]"
0.55,10,sqrt,77,400,fs_acc,0.4543302652207208,0.6325806451612903,0.8421836228287841,0.8534562211981567,"[[767, 318], [0, 930]]"
0.55,10,sqrt,78,400,fs_acc,0.4533460435130826,0.6345161290322581,0.8421836228287841,0.8534562211981567,"[[767, 318], [0, 930]]"
0.35,5,sqrt,20,400,fs_acc,0.4582947511879348,0.6333870967741936,0.8421836228287841,0.8534562211981567,"[[767, 318], [0, 930]]"
0.35,5,sqrt,33,400,fs_acc,0.4582974671310603,0.6366129032258064,0.8421836228287841,0.8534562211981567,"[[767, 318], [0, 930]]"
0.35,5,sqrt,66,400,fs_acc,0.45163136382595037,0.636774193548387,0.8421836228287841,0.8534562211981567,"[[767, 318], [0, 930]]"
0.45,5,sqrt,48,400,fs_acc,0.4691440424036311,0.635483870967742,0.8421836228287841,0.8534562211981567,"[[767, 318], [0, 930]]"
0.45,10,sqrt,40,400,fs_acc,0.4345105663498404,0.6335483870967742,0.8421836228287841,0.853379416282642,"[[768, 317], [1, 929]]"
0.35,8,sqrt,52,400,fs_acc,0.4206935217811664,0.6345161290322581,0.8421836228287841,0.853379416282642,"[[768, 317], [1, 929]]"
0.35,5,sqrt,71,400,fs_acc,0.45218431136462467,0.6351612903225806,0.8421836228287841,0.853379416282642,"[[768, 317], [1, 929]]"
0.45,5,sqrt,10,400,fs_acc,0.4689358173391938,0.6361290322580645,0.8421836228287841,0.8533026113671275,"[[769, 316], [2, 928]]"
0.45,10,sqrt,35,400,fs_acc,0.4354023603735697,0.6316129032258064,0.8416873449131513,0.8529953917050691,"[[766, 319], [0, 930]]"
0.45,10,sqrt,64,400,fs_acc,0.43370585098708925,0.6306451612903226,0.8416873449131513,0.8529953917050691,"[[766, 319], [0, 930]]"
0.35,8,sqrt,5,400,fs_acc,0.4152048521396445,0.636774193548387,0.8416873449131513,0.8529953917050691,"[[766, 319], [0, 930]]"
0.35,8,sqrt,76,400,fs_acc,0.43126232086939714,0.637258064516129,0.8416873449131513,0.8529953917050691,"[[766, 319], [0, 930]]"
0.55,8,sqrt,42,400,fs_acc,0.4683094383060044,0.6319354838709678,0.8416873449131513,0.8529953917050691,"[[766, 319], [0, 930]]"
0.35,5,sqrt,4,400,fs_acc,0.4485103113371241,0.6380645161290323,0.8416873449131513,0.8529953917050691,"[[766, 319], [0, 930]]"
0.35,5,sqrt,31,400,fs_acc,0.44904052958218377,0.6348387096774194,0.8416873449131513,0.8529953917050691,"[[766, 319], [0, 930]]"
0.35,5,sqrt,49,400,fs_acc,0.4488828682480386,0.6335483870967742,0.8416873449131513,0.8529953917050691,"[[766, 319], [0, 930]]"
0.35,5,sqrt,63,400,fs_acc,0.4453671095312853,0.6361290322580645,0.8416873449131513,0.8529953917050691,"[[766, 319], [0, 930]]"
0.45,5,sqrt,9,400,fs_acc,0.4666529675806561,0.6374193548387097,0.8416873449131513,0.8529953917050691,"[[766, 319], [0, 930]]"
0.45,5,sqrt,59,400,fs_acc,0.4700129066164718,0.6364516129032258,0.8416873449131513,0.8529953917050691,"[[766, 319], [0, 930]]"
0.35,8,sqrt,37,400,fs_acc,0.4123162507538098,0.6361290322580645,0.8411910669975186,0.8525345622119815,"[[765, 320], [0, 930]]"
0.35,8,sqrt,54,400,fs_acc,0.411030621074539,0.635483870967742,0.8411910669975186,0.8525345622119815,"[[765, 320], [0, 930]]"
0.45,8,sqrt,26,400,fs_acc,0.4448203456041391,0.6332258064516129,0.8411910669975186,0.8525345622119815,"[[765, 320], [0, 930]]"
0.55,8,sqrt,12,400,fs_acc,0.45754712874959375,0.6332258064516129,0.8411910669975186,0.8525345622119815,"[[765, 320], [0, 930]]"
0.55,8,sqrt,55,400,fs_acc,0.46423630640226005,0.6316129032258064,0.8411910669975186,0.8525345622119815,"[[765, 320], [0, 930]]"
0.55,8,sqrt,69,400,fs_acc,0.45576112665318746,0.6358064516129033,0.8411910669975186,0.8525345622119815,"[[765, 320], [0, 930]]"
0.55,8,sqrt,71,400,fs_acc,0.4608633610293369,0.6335483870967742,0.8411910669975186,0.8525345622119815,"[[765, 320], [0, 930]]"
0.55,8,sqrt,77,400,fs_acc,0.45045972811369506,0.6320967741935484,0.8411910669975186,0.8525345622119815,"[[765, 320], [0, 930]]"
0.55,10,sqrt,3,400,fs_acc,0.4545702947662455,0.6364516129032258,0.8411910669975186,0.8525345622119815,"[[765, 320], [0, 930]]"
0.35,5,sqrt,21,400,fs_acc,0.4464230112076221,0.6332258064516129,0.8411910669975186,0.8525345622119815,"[[765, 320], [0, 930]]"
0.35,5,sqrt,67,400,fs_acc,0.4500046090692276,0.6341935483870967,0.8411910669975186,0.8525345622119815,"[[765, 320], [0, 930]]"
0.45,5,sqrt,70,400,fs_acc,0.4700136899984305,0.6335483870967742,0.8411910669975186,0.8525345622119815,"[[765, 320], [0, 930]]"
0.35,8,sqrt,44,400,fs_acc,0.4200805201148007,0.6377419354838709,0.8411910669975186,0.8524577572964669,"[[766, 319], [1, 929]]"
0.35,5,sqrt,44,400,fs_acc,0.448522302362126,0.6341935483870967,0.8411910669975186,0.8524577572964669,"[[766, 319], [1, 929]]"
0.35,5,sqrt,38,400,fs_acc,0.4406432615628172,0.6374193548387097,0.8411910669975186,0.8523809523809524,"[[767, 318], [2, 928]]"
0.45,10,sqrt,75,400,fs_acc,0.42462020884131374,0.6306451612903226,0.8406947890818859,0.8520737327188941,"[[764, 321], [0, 930]]"
0.45,10,sqrt,76,400,fs_acc,0.42644317251755665,0.6348387096774194,0.8406947890818859,0.8520737327188941,"[[764, 321], [0, 930]]"
0.35,8,sqrt,29,400,fs_acc,0.41903638894020806,0.6374193548387097,0.8406947890818859,0.8520737327188941,"[[764, 321], [0, 930]]"
0.35,8,sqrt,41,400,fs_acc,0.42085677930543813,0.635483870967742,0.8406947890818859,0.8520737327188941,"[[764, 321], [0, 930]]"
0.35,8,sqrt,72,400,fs_acc,0.4200510496247039,0.64,0.8406947890818859,0.8520737327188941,"[[764, 321], [0, 930]]"
0.45,8,sqrt,9,400,fs_acc,0.43766998675892743,0.635483870967742,0.8406947890818859,0.8520737327188941,"[[764, 321], [0, 930]]"
0.45,8,sqrt,74,400,fs_acc,0.4455086465786414,0.635483870967742,0.8406947890818859,0.8520737327188941,"[[764, 321], [0, 930]]"
0.45,8,sqrt,75,400,fs_acc,0.44119815139178425,0.6316129032258064,0.8406947890818859,0.8520737327188941,"[[764, 321], [0, 930]]"
0.55,8,sqrt,37,400,fs_acc,0.4616339525576341,0.6351612903225806,0.8406947890818859,0.8520737327188941,"[[764, 321], [0, 930]]"
0.55,8,sqrt,64,400,fs_acc,0.4602808165676839,0.6325806451612903,0.8406947890818859,0.8520737327188941,"[[764, 321], [0, 930]]"
0.55,10,sqrt,35,400,fs_acc,0.4511838142403642,0.6335483870967742,0.8406947890818859,0.8520737327188941,"[[764, 321], [0, 930]]"
0.55,10,sqrt,71,400,fs_acc,0.4539274231742488,0.6329032258064516,0.8406947890818859,0.8520737327188941,"[[764, 321], [0, 930]]"
0.35,5,sqrt,79,400,fs_acc,0.4497926977226093,0.6351612903225806,0.8406947890818859,0.8520737327188941,"[[764, 321], [0, 930]]"
0.45,5,sqrt,5,400,fs_acc,0.4679776824638316,0.636774193548387,0.8406947890818859,0.8520737327188941,"[[764, 321], [0, 930]]"
0.45,5,sqrt,39,400,fs_acc,0.4688860177983343,0.6351612903225806,0.8406947890818859,0.8520737327188941,"[[764, 321], [0, 930]]"
0.45,5,sqrt,45,400,fs_acc,0.46467298203808444,0.6348387096774194,0.8406947890818859,0.8520737327188941,"[[764, 321], [0, 930]]"
0.35,10,sqrt,77,400,fs_acc,0.40437944199121134,0.6358064516129033,0.8401985111662531,0.8516129032258064,"[[763, 322], [0, 930]]"
0.45,10,sqrt,70,400,fs_acc,0.4258507216620535,0.6348387096774194,0.8401985111662531,0.8516129032258064,"[[763, 322], [0, 930]]"
0.45,8,sqrt,55,400,fs_acc,0.448195998258972,0.635,0.8401985111662531,0.8516129032258064,"[[763, 322], [0, 930]]"
0.45,8,sqrt,73,400,fs_acc,0.4421991653577873,0.6332258064516129,0.8401985111662531,0.8516129032258064,"[[763, 322], [0, 930]]"
0.55,8,sqrt,30,400,fs_acc,0.4587030663685298,0.6351612903225806,0.8401985111662531,0.8516129032258064,"[[763, 322], [0, 930]]"
0.35,5,sqrt,47,400,fs_acc,0.4509924091631681,0.6361290322580645,0.8401985111662531,0.8516129032258064,"[[763, 322], [0, 930]]"
0.45,5,sqrt,62,400,fs_acc,0.4624920336118432,0.636774193548387,0.8401985111662531,0.8516129032258064,"[[763, 322], [0, 930]]"
0.45,5,sqrt,71,400,fs_acc,0.46841197155068476,0.6329032258064516,0.8401985111662531,0.8516129032258064,"[[763, 322], [0, 930]]"
0.35,5,sqrt,10,400,fs_acc,0.45281697275237576,0.6383870967741936,0.8401985111662531,0.8515360983102919,"[[764, 321], [1, 929]]"
0.35,10,sqrt,36,400,fs_acc,0.4041068347074448,0.6319354838709678,0.8397022332506203,0.851152073732719,"[[762, 323], [0, 930]]"
0.45,10,sqrt,23,400,fs_acc,0.43120379180827273,0.6377419354838709,0.8397022332506203,0.851152073732719,"[[762, 323], [0, 930]]"
0.45,8,sqrt,8,400,fs_acc,0.43951449489632616,0.632258064516129,0.8397022332506203,0.851152073732719,"[[762, 323], [0, 930]]"
0.45,8,sqrt,20,400,fs_acc,0.4532829782775341,0.6362903225806451,0.8397022332506203,0.851152073732719,"[[762, 323], [0, 930]]"
0.45,8,sqrt,28,400,fs_acc,0.4337263343267687,0.6341935483870967,0.8397022332506203,0.851152073732719,"[[762, 323], [0, 930]]"
0.45,8,sqrt,40,400,fs_acc,0.43778253762014363,0.6351612903225806,0.8397022332506203,0.851152073732719,"[[762, 323], [0, 930]]"
0.55,8,sqrt,5,400,fs_acc,0.4570192426394561,0.6348387096774194,0.8397022332506203,0.851152073732719,"[[762, 323], [0, 930]]"
0.55,8,sqrt,17,400,fs_acc,0.4608768436193262,0.6358064516129033,0.8397022332506203,0.851152073732719,"[[762, 323], [0, 930]]"
0.45,5,sqrt,2,400,fs_acc,0.47317939362785527,0.6361290322580645,0.8397022332506203,0.8510752688172043,"[[763, 322], [1, 929]]"
0.35,10,sqrt,61,400,fs_acc,0.40759284933586304,0.6338709677419355,0.8392059553349875,0.8506912442396313,"[[761, 324], [0, 930]]"
0.45,10,sqrt,29,400,fs_acc,0.424548881805093,0.6325806451612903,0.8392059553349875,0.8506912442396313,"[[761, 324], [0, 930]]"
0.45,10,sqrt,50,400,fs_acc,0.4262555277568296,0.632258064516129,0.8392059553349875,0.8506912442396313,"[[761, 324], [0, 930]]"
0.45,10,sqrt,74,400,fs_acc,0.42547602539033663,0.6338709677419355,0.8392059553349875,0.8506912442396313,"[[761, 324], [0, 930]]"
0.45,8,sqrt,2,400,fs_acc,0.4372267154078062,0.6348387096774194,0.8392059553349875,0.8506912442396313,"[[761, 324], [0, 930]]"
0.45,8,sqrt,79,400,fs_acc,0.44197078899489967,0.6348387096774194,0.8392059553349875,0.8506912442396313,"[[761, 324], [0, 930]]"
0.55,10,sqrt,28,400,fs_acc,0.4497753728321712,0.6348387096774194,0.8392059553349875,0.8506912442396313,"[[761, 324], [0, 930]]"
0.55,10,sqrt,34,400,fs_acc,0.4485282057825737,0.6345161290322581,0.8392059553349875,0.8506912442396313,"[[761, 324], [0, 930]]"
0.55,10,sqrt,58,400,fs_acc,0.4510152319491875,0.6332258064516129,0.8392059553349875,0.8506912442396313,"[[761, 324], [0, 930]]"
0.55,10,sqrt,59,400,fs_acc,0.44839272806880187,0.6325806451612903,0.8392059553349875,0.8506912442396313,"[[761, 324], [0, 930]]"
0.55,10,sqrt,70,400,fs_acc,0.4570316352365926,0.6325806451612903,0.8392059553349875,0.8506912442396313,"[[761, 324], [0, 930]]"
0.35,5,sqrt,15,400,fs_acc,0.4501576840885758,0.6364516129032258,0.8392059553349875,0.8506912442396313,"[[761, 324], [0, 930]]"
0.35,5,sqrt,46,400,fs_acc,0.45034701013601464,0.6383870967741936,0.8392059553349875,0.8506912442396313,"[[761, 324], [0, 930]]"
0.45,5,sqrt,16,400,fs_acc,0.46048808856963463,0.6345161290322581,0.8392059553349875,0.8506912442396313,"[[761, 324], [0, 930]]"
0.45,5,sqrt,41,400,fs_acc,0.4713849251910006,0.636774193548387,0.8392059553349875,0.8506912442396313,"[[761, 324], [0, 930]]"
0.45,8,sqrt,64,400,fs_acc,0.444105023292426,0.6335483870967742,0.8392059553349875,0.8506144393241167,"[[762, 323], [1, 929]]"
0.45,5,sqrt,15,400,fs_acc,0.45994223449784183,0.6335483870967742,0.8392059553349875,0.8506144393241167,"[[762, 323], [1, 929]]"
0.35,10,sqrt,42,400,fs_acc,0.4001279375642352,0.6380645161290323,0.8387096774193549,0.8502304147465438,"[[760, 325], [0, 930]]"
0.45,10,sqrt,59,400,fs_acc,0.42623517042028863,0.6351612903225806,0.8387096774193549,0.8502304147465438,"[[760, 325], [0, 930]]"
0.35,8,sqrt,9,400,fs_acc,0.40940170414418015,0.6361290322580645,0.8387096774193549,0.8502304147465438,"[[760, 325], [0, 930]]"
0.35,8,sqrt,49,400,fs_acc,0.4189446941993494,0.6345161290322581,0.8387096774193549,0.8502304147465438,"[[760, 325], [0, 930]]"
0.35,8,sqrt,63,400,fs_acc,0.4176507986718,0.636774193548387,0.8387096774193549,0.8502304147465438,"[[760, 325], [0, 930]]"
0.45,8,sqrt,24,400,fs_acc,0.4454110992144558,0.6351612903225806,0.8387096774193549,0.8502304147465438,"[[760, 325], [0, 930]]"
0.55,10,sqrt,43,400,fs_acc,0.45036141300884064,0.6348387096774194,0.8387096774193549,0.8502304147465438,"[[760, 325], [0, 930]]"
0.35,5,sqrt,8,400,fs_acc,0.44137613098988293,0.6338709677419355,0.8387096774193549,0.8502304147465438,"[[760, 325], [0, 930]]"
0.45,5,sqrt,64,400,fs_acc,0.4605314875724144,0.6341935483870967,0.8387096774193549,0.8502304147465438,"[[760, 325], [0, 930]]"
0.45,5,sqrt,1,400,fs_acc,0.47083415294818726,0.632258064516129,0.8387096774193549,0.8501536098310292,"[[761, 324], [1, 929]]"
0.45,10,sqrt,33,400,fs_acc,0.43519671183148717,0.6332258064516129,0.8382133995037221,0.8497695852534561,"[[759, 326], [0, 930]]"
0.45,10,sqrt,45,400,fs_acc,0.4259304786368722,0.6377419354838709,0.8382133995037221,0.8497695852534561,"[[759, 326], [0, 930]]"
0.35,8,sqrt,51,400,fs_acc,0.4114880964723589,0.6345161290322581,0.8382133995037221,0.8497695852534561,"[[759, 326], [0, 930]]"
0.35,8,sqrt,70,400,fs_acc,0.41566029825104805,0.6332258064516129,0.8382133995037221,0.8497695852534561,"[[759, 326], [0, 930]]"
0.35,8,sqrt,71,400,fs_acc,0.4120515425327014,0.636774193548387,0.8382133995037221,0.8497695852534561,"[[759, 326], [0, 930]]"
0.55,8,sqrt,23,400,fs_acc,0.4597563987327191,0.6345161290322581,0.8382133995037221,0.8497695852534561,"[[759, 326], [0, 930]]"
0.55,8,sqrt,40,400,fs_acc,0.4591123401734126,0.6335483870967742,0.8382133995037221,0.8497695852534561,"[[759, 326], [0, 930]]"
0.55,10,sqrt,0,400,fs_acc,0.45004029041393867,0.6351612903225806,0.8382133995037221,0.8497695852534561,"[[759, 326], [0, 930]]"
0.55,10,sqrt,5,400,fs_acc,0.4500919238419727,0.6351612903225806,0.8382133995037221,0.8497695852534561,"[[759, 326], [0, 930]]"
0.55,10,sqrt,53,400,fs_acc,0.45180298744695263,0.6364516129032258,0.8382133995037221,0.8497695852534561,"[[759, 326], [0, 930]]"
0.35,5,sqrt,42,400,fs_acc,0.4420610085562934,0.64,0.8382133995037221,0.8497695852534561,"[[759, 326], [0, 930]]"
0.45,5,sqrt,4,400,fs_acc,0.46260263702294124,0.6341935483870967,0.8382133995037221,0.8497695852534561,"[[759, 326], [0, 930]]"
0.45,5,sqrt,74,400,fs_acc,0.4717831068358013,0.6387096774193548,0.8382133995037221,0.8497695852534561,"[[759, 326], [0, 930]]"
0.45,5,sqrt,61,400,fs_acc,0.4712657597175046,0.6312903225806452,0.8382133995037221,0.8496927803379416,"[[760, 325], [1, 929]]"
0.35,10,sqrt,35,400,fs_acc,0.3970967078338418,0.6358064516129033,0.8377171215880893,0.8493087557603687,"[[758, 327], [0, 930]]"
0.45,10,sqrt,62,400,fs_acc,0.426625260030205,0.632258064516129,0.8377171215880893,0.8493087557603687,"[[758, 327], [0, 930]]"
0.35,8,sqrt,10,400,fs_acc,0.4215628125005882,0.6380645161290323,0.8377171215880893,0.8493087557603687,"[[758, 327], [0, 930]]"
0.35,8,sqrt,24,400,fs_acc,0.4150594441971829,0.6377419354838709,0.8377171215880893,0.8493087557603687,"[[758, 327], [0, 930]]"
0.45,8,sqrt,21,400,fs_acc,0.43785336578972645,0.635483870967742,0.8377171215880893,0.8493087557603687,"[[758, 327], [0, 930]]"
0.45,8,sqrt,50,400,fs_acc,0.4314059718987939,0.6346774193548387,0.8377171215880893,0.8493087557603687,"[[758, 327], [0, 930]]"
0.55,8,sqrt,50,400,fs_acc,0.4590706064410463,0.632258064516129,0.8377171215880893,0.8493087557603687,"[[758, 327], [0, 930]]"
0.55,10,sqrt,6,400,fs_acc,0.4436883329253609,0.6327419354838709,0.8377171215880893,0.8493087557603687,"[[758, 327], [0, 930]]"
0.35,5,sqrt,16,400,fs_acc,0.44280422358883903,0.6383870967741936,0.8377171215880893,0.8493087557603687,"[[758, 327], [0, 930]]"
0.45,5,sqrt,3,400,fs_acc,0.4510169129242525,0.6304838709677419,0.8377171215880893,0.8493087557603687,"[[758, 327], [0, 930]]"
0.45,5,sqrt,20,400,fs_acc,0.460564726764551,0.6332258064516129,0.8377171215880893,0.8493087557603687,"[[758, 327], [0, 930]]"
0.45,5,sqrt,25,400,fs_acc,0.4566849345984546,0.6335483870967742,0.8377171215880893,0.8493087557603687,"[[758, 327], [0, 930]]"
0.45,5,sqrt,28,400,fs_acc,0.4677802714542977,0.6361290322580645,0.8377171215880893,0.8493087557603687,"[[758, 327], [0, 930]]"
0.45,5,sqrt,63,400,fs_acc,0.46056915915293173,0.6364516129032258,0.8377171215880893,0.8493087557603687,"[[758, 327], [0, 930]]"
0.45,5,sqrt,73,400,fs_acc,0.4698291156780901,0.6374193548387097,0.8377171215880893,0.849231950844854,"[[759, 326], [1, 929]]"
0.35,10,sqrt,13,400,fs_acc,0.3998613285834006,0.6387096774193548,0.8372208436724565,0.8488479262672811,"[[757, 328], [0, 930]]"
0.35,10,sqrt,27,400,fs_acc,0.39906231042390733,0.6325806451612903,0.8372208436724565,0.8488479262672811,"[[757, 328], [0, 930]]"
0.45,10,sqrt,0,400,fs_acc,0.42668334048295686,0.6329032258064516,0.8372208436724565,0.8488479262672811,"[[757, 328], [0, 930]]"
0.45,10,sqrt,10,400,fs_acc,0.42978812702994323,0.6325806451612903,0.8372208436724565,0.8488479262672811,"[[757, 328], [0, 930]]"
0.45,10,sqrt,15,400,fs_acc,0.4271071924954247,0.6377419354838709,0.8372208436724565,0.8488479262672811,"[[757, 328], [0, 930]]"
0.55,10,sqrt,8,400,fs_acc,0.44769298829380294,0.6329032258064516,0.8372208436724565,0.8488479262672811,"[[757, 328], [0, 930]]"
0.55,10,sqrt,23,400,fs_acc,0.450668590543872,0.635483870967742,0.8372208436724565,0.8488479262672811,"[[757, 328], [0, 930]]"
0.55,10,sqrt,27,400,fs_acc,0.4532599145101588,0.6377419354838709,0.8372208436724565,0.8488479262672811,"[[757, 328], [0, 930]]"
0.35,10,sqrt,1,400,fs_acc,0.4001137462780657,0.6348387096774194,0.8367245657568239,0.8483870967741935,"[[756, 329], [0, 930]]"
0.45,8,sqrt,6,400,fs_acc,0.4354769210206492,0.6358064516129033,0.8367245657568239,0.8483870967741935,"[[756, 329], [0, 930]]"
0.55,8,sqrt,79,400,fs_acc,0.4564478752274476,0.6332258064516129,0.8367245657568239,0.8483870967741935,"[[756, 329], [0, 930]]"
0.55,10,sqrt,50,400,fs_acc,0.4512377246615668,0.6348387096774194,0.8367245657568239,0.8483870967741935,"[[756, 329], [0, 930]]"
0.35,5,sqrt,45,400,fs_acc,0.44198167943445144,0.6361290322580645,0.8367245657568239,0.8483870967741935,"[[756, 329], [0, 930]]"
0.35,5,sqrt,61,400,fs_acc,0.4479230129667045,0.6370967741935484,0.8367245657568239,0.8483870967741935,"[[756, 329], [0, 930]]"
0.35,10,sqrt,29,400,fs_acc,0.3956565232928178,0.6374193548387097,0.8362282878411911,0.847926267281106,"[[755, 330], [0, 930]]"
0.45,10,sqrt,68,400,fs_acc,0.4254398468005315,0.6335483870967742,0.8362282878411911,0.847926267281106,"[[755, 330], [0, 930]]"
0.35,8,sqrt,42,400,fs_acc,0.42047548409230273,0.635483870967742,0.8362282878411911,0.847926267281106,"[[755, 330], [0, 930]]"
0.35,8,sqrt,64,400,fs_acc,0.41192941002526606,0.6377419354838709,0.8362282878411911,0.847926267281106,"[[755, 330], [0, 930]]"
0.55,8,sqrt,9,400,fs_acc,0.4596603218547234,0.6348387096774194,0.8362282878411911,0.847926267281106,"[[755, 330], [0, 930]]"
0.55,8,sqrt,25,400,fs_acc,0.45104461284678227,0.6337096774193548,0.8362282878411911,0.847926267281106,"[[755, 330], [0, 930]]"
0.55,8,sqrt,61,400,fs_acc,0.4582207151153299,0.6338709677419355,0.8362282878411911,0.847926267281106,"[[755, 330], [0, 930]]"
0.45,5,sqrt,23,400,fs_acc,0.46012077589494693,0.6377419354838709,0.8362282878411911,0.847926267281106,"[[755, 330], [0, 930]]"
0.35,10,sqrt,32,400,fs_acc,0.3971316061822978,0.6370967741935484,0.8357320099255583,0.8474654377880184,"[[754, 331], [0, 930]]"
0.35,10,sqrt,37,400,fs_acc,0.397833603256991,0.6403225806451613,0.8357320099255583,0.8474654377880184,"[[754, 331], [0, 930]]"
0.35,10,sqrt,44,400,fs_acc,0.3962800367996037,0.6351612903225806,0.8357320099255583,0.8474654377880184,"[[754, 331], [0, 930]]"
0.45,10,sqrt,18,400,fs_acc,0.4244796720927981,0.6338709677419355,0.8357320099255583,0.8474654377880184,"[[754, 331], [0, 930]]"
0.45,8,sqrt,5,400,fs_acc,0.4293627305535452,0.6333870967741936,0.8357320099255583,0.8474654377880184,"[[754, 331], [0, 930]]"
0.45,8,sqrt,23,400,fs_acc,0.44190802609861246,0.6341935483870967,0.8357320099255583,0.8474654377880184,"[[754, 331], [0, 930]]"
0.55,8,sqrt,24,400,fs_acc,0.4572402999073121,0.6319354838709678,0.8357320099255583,0.8474654377880184,"[[754, 331], [0, 930]]"
0.55,10,sqrt,14,400,fs_acc,0.44189192262116944,0.6320967741935484,0.8357320099255583,0.8474654377880184,"[[754, 331], [0, 930]]"
0.55,10,sqrt,79,400,fs_acc,0.45118606086508894,0.6329032258064516,0.8357320099255583,0.8474654377880184,"[[754, 331], [0, 930]]"
0.35,5,sqrt,62,400,fs_acc,0.44294536771409193,0.6370967741935484,0.8357320099255583,0.8474654377880184,"[[754, 331], [0, 930]]"
0.35,10,sqrt,16,400,fs_acc,0.3956829174173514,0.6351612903225806,0.8352357320099255,0.8470046082949308,"[[753, 332], [0, 930]]"
0.35,10,sqrt,59,400,fs_acc,0.3954447973801469,0.6345161290322581,0.8352357320099255,0.8470046082949308,"[[753, 332], [0, 930]]"
0.45,10,sqrt,78,400,fs_acc,0.4261536341614069,0.6370967741935484,0.8352357320099255,0.8470046082949308,"[[753, 332], [0, 930]]"
0.35,8,sqrt,75,400,fs_acc,0.40062708181549844,0.6346774193548387,0.8352357320099255,0.8470046082949308,"[[753, 332], [0, 930]]"
0.45,8,sqrt,1,400,fs_acc,0.42859014690631136,0.6327419354838709,0.8352357320099255,0.8470046082949308,"[[753, 332], [0, 930]]"
0.45,8,sqrt,63,400,fs_acc,0.43467217497734556,0.6325806451612903,0.8352357320099255,0.8470046082949308,"[[753, 332], [0, 930]]"
0.55,8,sqrt,7,400,fs_acc,0.45863994360677734,0.6338709677419355,0.8352357320099255,0.8470046082949308,"[[753, 332], [0, 930]]"
0.55,8,sqrt,15,400,fs_acc,0.4609109604013141,0.6345161290322581,0.8352357320099255,0.8470046082949308,"[[753, 332], [0, 930]]"
0.55,8,sqrt,33,400,fs_acc,0.4571253710849674,0.6319354838709678,0.8352357320099255,0.8470046082949308,"[[753, 332], [0, 930]]"
0.35,5,sqrt,28,400,fs_acc,0.44008970049015045,0.6387096774193548,0.8352357320099255,0.8470046082949308,"[[753, 332], [0, 930]]"
0.35,5,sqrt,52,400,fs_acc,0.4425768508303415,0.6329032258064516,0.8352357320099255,0.8470046082949308,"[[753, 332], [0, 930]]"
0.35,10,sqrt,25,400,fs_acc,0.39681708258211723,0.632258064516129,0.8347394540942928,0.8465437788018433,"[[752, 333], [0, 930]]"
0.35,10,sqrt,45,400,fs_acc,0.38744744502212186,0.635,0.8347394540942928,0.8465437788018433,"[[752, 333], [0, 930]]"
0.45,10,sqrt,53,400,fs_acc,0.4274092669290988,0.6351612903225806,0.8347394540942928,0.8465437788018433,"[[752, 333], [0, 930]]"
0.35,8,sqrt,6,400,fs_acc,0.40578960606336645,0.6382258064516129,0.8347394540942928,0.8465437788018433,"[[752, 333], [0, 930]]"
0.35,8,sqrt,22,400,fs_acc,0.40995752708516653,0.6316129032258064,0.8347394540942928,0.8465437788018433,"[[752, 333], [0, 930]]"
0.35,8,sqrt,62,400,fs_acc,0.40994761964086684,0.6351612903225806,0.8347394540942928,0.8465437788018433,"[[752, 333], [0, 930]]"
0.45,8,sqrt,32,400,fs_acc,0.427220843368139,0.637258064516129,0.8347394540942928,0.8465437788018433,"[[752, 333], [0, 930]]"
0.55,8,sqrt,19,400,fs_acc,0.44580041564531414,0.6358064516129033,0.8347394540942928,0.8465437788018433,"[[752, 333], [0, 930]]"
0.55,10,sqrt,25,400,fs_acc,0.4439851427071137,0.6343548387096775,0.8347394540942928,0.8465437788018433,"[[752, 333], [0, 930]]"
0.55,10,sqrt,73,400,fs_acc,0.44244024306675567,0.6366129032258064,0.8347394540942928,0.8465437788018433,"[[752, 333], [0, 930]]"
0.35,5,sqrt,6,400,fs_acc,0.43445412718446325,0.6343548387096775,0.8347394540942928,0.8465437788018433,"[[752, 333], [0, 930]]"
0.35,10,sqrt,65,400,fs_acc,0.3984918169059167,0.6370967741935484,0.8342431761786601,0.8460829493087558,"[[751, 334], [0, 930]]"
0.35,10,sqrt,68,400,fs_acc,0.3959455165795969,0.6351612903225806,0.8342431761786601,0.8460829493087558,"[[751, 334], [0, 930]]"
0.35,10,sqrt,70,400,fs_acc,0.3952614119416124,0.6341935483870967,0.8342431761786601,0.8460829493087558,"[[751, 334], [0, 930]]"
0.35,10,sqrt,76,400,fs_acc,0.3986344334552337,0.6374193548387097,0.8342431761786601,0.8460829493087558,"[[751, 334], [0, 930]]"
0.45,10,sqrt,8,400,fs_acc,0.41742840403491166,0.6356451612903226,0.8342431761786601,0.8460829493087558,"[[751, 334], [0, 930]]"
0.45,10,sqrt,46,400,fs_acc,0.4188907777732409,0.6362903225806451,0.8342431761786601,0.8460829493087558,"[[751, 334], [0, 930]]"
0.45,10,sqrt,66,400,fs_acc,0.41931579468673674,0.6343548387096775,0.8342431761786601,0.8460829493087558,"[[751, 334], [0, 930]]"
0.35,8,sqrt,55,400,fs_acc,0.4105067831728099,0.6387096774193548,0.8342431761786601,0.8460829493087558,"[[751, 334], [0, 930]]"
0.45,8,sqrt,4,400,fs_acc,0.43297398345412635,0.6306451612903226,0.8342431761786601,0.8460829493087558,"[[751, 334], [0, 930]]"
0.45,8,sqrt,12,400,fs_acc,0.4355961644108885,0.6348387096774194,0.8342431761786601,0.8460829493087558,"[[751, 334], [0, 930]]"
0.55,8,sqrt,51,400,fs_acc,0.46839594012745767,0.6341935483870967,0.8342431761786601,0.8460829493087558,"[[751, 334], [0, 930]]"
0.55,8,sqrt,63,400,fs_acc,0.45106625396914735,0.6333870967741936,0.8342431761786601,0.8460829493087558,"[[751, 334], [0, 930]]"
0.55,10,sqrt,51,400,fs_acc,0.44517759557266223,0.6340322580645161,0.8342431761786601,0.8460829493087558,"[[751, 334], [0, 930]]"
0.35,5,sqrt,7,400,fs_acc,0.4429206818359247,0.6348387096774194,0.8342431761786601,0.8460829493087558,"[[751, 334], [0, 930]]"
0.35,5,sqrt,68,400,fs_acc,0.4394385037397636,0.6351612903225806,0.8342431761786601,0.8460829493087558,"[[751, 334], [0, 930]]"
0.45,5,sqrt,31,400,fs_acc,0.46031901462205316,0.635483870967742,0.8342431761786601,0.8460829493087558,"[[751, 334], [0, 930]]"
0.45,10,sqrt,3,400,fs_acc,0.4245422275195101,0.6332258064516129,0.8337468982630273,0.8456221198156681,"[[750, 335], [0, 930]]"
0.45,10,sqrt,19,400,fs_acc,0.4222127565836197,0.6348387096774194,0.8337468982630273,0.8456221198156681,"[[750, 335], [0, 930]]"
0.35,8,sqrt,18,400,fs_acc,0.4113058744349344,0.6370967741935484,0.8337468982630273,0.8456221198156681,"[[750, 335], [0, 930]]"
0.35,8,sqrt,21,400,fs_acc,0.4093125761149641,0.6364516129032258,0.8337468982630273,0.8456221198156681,"[[750, 335], [0, 930]]"
0.45,8,sqrt,59,400,fs_acc,0.4279322768233813,0.6391935483870967,0.8337468982630273,0.8456221198156681,"[[750, 335], [0, 930]]"
0.55,10,sqrt,19,400,fs_acc,0.4414473369415793,0.6330645161290323,0.8337468982630273,0.8456221198156681,"[[750, 335], [0, 930]]"
0.35,5,sqrt,14,400,fs_acc,0.4507059861188092,0.6370967741935484,0.8337468982630273,0.8456221198156681,"[[750, 335], [0, 930]]"
0.35,10,sqrt,66,400,fs_acc,0.3972864096857539,0.636774193548387,0.8332506203473945,0.8451612903225807,"[[749, 336], [0, 930]]"
0.45,10,sqrt,26,400,fs_acc,0.42501406160966265,0.636774193548387,0.8332506203473945,0.8451612903225807,"[[749, 336], [0, 930]]"
0.45,8,sqrt,45,400,fs_acc,0.4251570140751341,0.6308064516129033,0.8332506203473945,0.8451612903225807,"[[749, 336], [0, 930]]"
0.45,8,sqrt,47,400,fs_acc,0.4299493768823403,0.6343548387096775,0.8332506203473945,0.8451612903225807,"[[749, 336], [0, 930]]"
0.45,8,sqrt,57,400,fs_acc,0.42798254852882217,0.6366129032258064,0.8332506203473945,0.8451612903225807,"[[749, 336], [0, 930]]"
0.45,8,sqrt,66,400,fs_acc,0.4271004480273344,0.6340322580645161,0.8332506203473945,0.8451612903225807,"[[749, 336], [0, 930]]"
0.45,8,sqrt,67,400,fs_acc,0.431369335348115,0.6332258064516129,0.8332506203473945,0.8451612903225807,"[[749, 336], [0, 930]]"
0.55,8,sqrt,18,400,fs_acc,0.45313279718946775,0.635,0.8332506203473945,0.8451612903225807,"[[749, 336], [0, 930]]"
0.55,10,sqrt,7,400,fs_acc,0.442911570868896,0.6330645161290323,0.8332506203473945,0.8451612903225807,"[[749, 336], [0, 930]]"
0.55,10,sqrt,36,400,fs_acc,0.4437683758337279,0.6359677419354839,0.8332506203473945,0.8451612903225807,"[[749, 336], [0, 930]]"
0.35,5,sqrt,23,400,fs_acc,0.4567965011115118,0.6385483870967742,0.8332506203473945,0.8451612903225807,"[[749, 336], [0, 930]]"
0.35,5,sqrt,53,400,fs_acc,0.4477744034614117,0.6345161290322581,0.8332506203473945,0.8451612903225807,"[[749, 336], [0, 930]]"
0.35,10,sqrt,23,400,fs_acc,0.39781416183759544,0.6364516129032258,0.8327543424317618,0.844700460829493,"[[748, 337], [0, 930]]"
0.45,10,sqrt,31,400,fs_acc,0.41748159357660625,0.6327419354838709,0.8327543424317618,0.844700460829493,"[[748, 337], [0, 930]]"
0.35,8,sqrt,0,400,fs_acc,0.4095043901718528,0.6380645161290323,0.8327543424317618,0.844700460829493,"[[748, 337], [0, 930]]"
0.35,8,sqrt,79,400,fs_acc,0.40819743631167715,0.635483870967742,0.8327543424317618,0.844700460829493,"[[748, 337], [0, 930]]"
0.45,8,sqrt,10,400,fs_acc,0.43314898292143744,0.6383870967741936,0.8327543424317618,0.844700460829493,"[[748, 337], [0, 930]]"
0.45,8,sqrt,30,400,fs_acc,0.42859272448411007,0.6353225806451613,0.8327543424317618,0.844700460829493,"[[748, 337], [0, 930]]"
0.55,8,sqrt,78,400,fs_acc,0.4560081479118331,0.6358064516129033,0.8327543424317618,0.844700460829493,"[[748, 337], [0, 930]]"
0.55,10,sqrt,9,400,fs_acc,0.44090938693647863,0.6346774193548387,0.8327543424317618,0.844700460829493,"[[748, 337], [0, 930]]"
0.35,5,sqrt,76,400,fs_acc,0.4313001101269028,0.6366129032258064,0.8327543424317618,0.844700460829493,"[[748, 337], [0, 930]]"
0.45,5,sqrt,51,400,fs_acc,0.4575359381494246,0.6348387096774194,0.8327543424317618,0.844700460829493,"[[748, 337], [0, 930]]"
0.35,10,sqrt,4,400,fs_acc,0.3961328387631222,0.6403225806451613,0.832258064516129,0.8442396313364056,"[[747, 338], [0, 930]]"
0.35,10,sqrt,14,400,fs_acc,0.3962270286691516,0.6370967741935484,0.832258064516129,0.8442396313364056,"[[747, 338], [0, 930]]"
0.35,10,sqrt,74,400,fs_acc,0.3944849352502254,0.637258064516129,0.832258064516129,0.8442396313364056,"[[747, 338], [0, 930]]"
0.45,10,sqrt,22,400,fs_acc,0.4260449005453015,0.6380645161290323,0.832258064516129,0.8442396313364056,"[[747, 338], [0, 930]]"
0.35,8,sqrt,14,400,fs_acc,0.4027573214911274,0.6375806451612903,0.832258064516129,0.8442396313364056,"[[747, 338], [0, 930]]"
0.35,8,sqrt,61,400,fs_acc,0.40737698815802964,0.6377419354838709,0.832258064516129,0.8442396313364056,"[[747, 338], [0, 930]]"
0.45,8,sqrt,68,400,fs_acc,0.4298162326343197,0.6333870967741936,0.832258064516129,0.8442396313364056,"[[747, 338], [0, 930]]"
0.55,8,sqrt,49,400,fs_acc,0.44956648583180636,0.6356451612903226,0.832258064516129,0.8442396313364056,"[[747, 338], [0, 930]]"
0.55,8,sqrt,68,400,fs_acc,0.45882491402342535,0.6377419354838709,0.832258064516129,0.8442396313364056,"[[747, 338], [0, 930]]"
0.55,10,sqrt,39,400,fs_acc,0.4412596036038998,0.6295161290322581,0.832258064516129,0.8442396313364056,"[[747, 338], [0, 930]]"
0.55,10,sqrt,61,400,fs_acc,0.4464834461255825,0.6337096774193548,0.832258064516129,0.8442396313364056,"[[747, 338], [0, 930]]"
0.35,5,sqrt,26,400,fs_acc,0.43810411577088004,0.6348387096774194,0.832258064516129,0.8442396313364056,"[[747, 338], [0, 930]]"
0.45,5,sqrt,14,400,fs_acc,0.4559062845049251,0.635483870967742,0.832258064516129,0.8442396313364056,"[[747, 338], [0, 930]]"
0.35,5,sqrt,51,400,fs_acc,0.4308364692746102,0.6382258064516129,0.832258064516129,0.8441628264208909,"[[748, 337], [1, 929]]"
0.35,10,sqrt,46,400,fs_acc,0.3892681411892125,0.6369354838709678,0.8317617866004963,0.843778801843318,"[[746, 339], [0, 930]]"
0.45,10,sqrt,9,400,fs_acc,0.41906532547776837,0.6333870967741936,0.8317617866004963,0.843778801843318,"[[746, 339], [0, 930]]"
0.45,10,sqrt,34,400,fs_acc,0.42059572871749007,0.6314516129032258,0.8317617866004963,0.843778801843318,"[[746, 339], [0, 930]]"
0.45,10,sqrt,55,400,fs_acc,0.40854862433013095,0.6348387096774194,0.8317617866004963,0.843778801843318,"[[746, 339], [0, 930]]"
0.35,8,sqrt,19,400,fs_acc,0.4039508750889914,0.6401612903225806,0.8317617866004963,0.843778801843318,"[[746, 339], [0, 930]]"
0.35,8,sqrt,53,400,fs_acc,0.4031204551888401,0.6356451612903226,0.8317617866004963,0.843778801843318,"[[746, 339], [0, 930]]"
0.35,8,sqrt,60,400,fs_acc,0.41065716591237145,0.6341935483870967,0.8317617866004963,0.843778801843318,"[[746, 339], [0, 930]]"
0.35,8,sqrt,65,400,fs_acc,0.40758976351296305,0.6335483870967742,0.8317617866004963,0.843778801843318,"[[746, 339], [0, 930]]"
0.35,8,sqrt,77,400,fs_acc,0.40355640825344735,0.6366129032258064,0.8317617866004963,0.843778801843318,"[[746, 339], [0, 930]]"
0.55,8,sqrt,16,400,fs_acc,0.4504940221883882,0.6320967741935484,0.8317617866004963,0.843778801843318,"[[746, 339], [0, 930]]"
0.55,8,sqrt,45,400,fs_acc,0.44968580088557814,0.6330645161290323,0.8317617866004963,0.843778801843318,"[[746, 339], [0, 930]]"
0.55,10,sqrt,54,400,fs_acc,0.43888668054380975,0.6346774193548387,0.8317617866004963,0.843778801843318,"[[746, 339], [0, 930]]"
0.35,10,sqrt,24,400,fs_acc,0.3874357050448142,0.6327419354838709,0.8312655086848635,0.8433179723502304,"[[745, 340], [0, 930]]"
0.35,10,sqrt,48,400,fs_acc,0.3874392210369778,0.6330645161290323,0.8312655086848635,0.8433179723502304,"[[745, 340], [0, 930]]"
0.45,10,sqrt,57,400,fs_acc,0.419458853031127,0.6337096774193548,0.8312655086848635,0.8433179723502304,"[[745, 340], [0, 930]]"
0.35,8,sqrt,46,400,fs_acc,0.4009339329872588,0.6346774193548387,0.8312655086848635,0.8433179723502304,"[[745, 340], [0, 930]]"
0.45,8,sqrt,16,400,fs_acc,0.42983798076924096,0.6346774193548387,0.8312655086848635,0.8433179723502304,"[[745, 340], [0, 930]]"
0.55,10,sqrt,67,400,fs_acc,0.4438184638028376,0.6327419354838709,0.8312655086848635,0.8433179723502304,"[[745, 340], [0, 930]]"
0.35,5,sqrt,25,400,fs_acc,0.43171549979979584,0.6366129032258064,0.8312655086848635,0.8433179723502304,"[[745, 340], [0, 930]]"
0.45,5,sqrt,36,400,fs_acc,0.45110317202629374,0.6327419354838709,0.8312655086848635,0.8433179723502304,"[[745, 340], [0, 930]]"
0.45,5,sqrt,68,400,fs_acc,0.45783098884364865,0.636774193548387,0.8312655086848635,0.8433179723502304,"[[745, 340], [0, 930]]"
0.45,5,sqrt,76,400,fs_acc,0.460617347340328,0.6338709677419355,0.8312655086848635,0.8432411674347158,"[[746, 339], [1, 929]]"
0.35,10,sqrt,78,400,fs_acc,0.38843895150154256,0.6330645161290323,0.8307692307692308,0.8428571428571429,"[[744, 341], [0, 930]]"
0.45,10,sqrt,28,400,fs_acc,0.41744476939755126,0.6366129032258064,0.8307692307692308,0.8428571428571429,"[[744, 341], [0, 930]]"
0.35,8,sqrt,40,400,fs_acc,0.40764382108847674,0.6338709677419355,0.8307692307692308,0.8428571428571429,"[[744, 341], [0, 930]]"
0.45,8,sqrt,39,400,fs_acc,0.4267787601154565,0.635,0.8307692307692308,0.8428571428571429,"[[744, 341], [0, 930]]"
0.45,8,sqrt,52,400,fs_acc,0.43045782539799526,0.6330645161290323,0.8307692307692308,0.8428571428571429,"[[744, 341], [0, 930]]"
0.55,8,sqrt,10,400,fs_acc,0.4517714966612154,0.6320967741935484,0.8307692307692308,0.8428571428571429,"[[744, 341], [0, 930]]"
0.55,8,sqrt,27,400,fs_acc,0.45265406151658116,0.6366129032258064,0.8307692307692308,0.8428571428571429,"[[744, 341], [0, 930]]"
0.55,8,sqrt,39,400,fs_acc,0.45161805004718303,0.631774193548387,0.8307692307692308,0.8428571428571429,"[[744, 341], [0, 930]]"
0.55,10,sqrt,22,400,fs_acc,0.43984926478454817,0.6359677419354839,0.8307692307692308,0.8428571428571429,"[[744, 341], [0, 930]]"
0.55,10,sqrt,26,400,fs_acc,0.4437198476331335,0.6346774193548387,0.8307692307692308,0.8428571428571429,"[[744, 341], [0, 930]]"
0.35,10,sqrt,0,400,fs_acc,0.3904585886345266,0.6353225806451613,0.830272952853598,0.8423963133640553,"[[743, 342], [0, 930]]"
0.55,8,sqrt,29,400,fs_acc,0.4490409609816745,0.6369354838709678,0.830272952853598,0.8423963133640553,"[[743, 342], [0, 930]]"
0.55,8,sqrt,70,400,fs_acc,0.45648354693310333,0.635483870967742,0.830272952853598,0.8423963133640553,"[[743, 342], [0, 930]]"
0.55,10,sqrt,37,400,fs_acc,0.43365600711720487,0.632258064516129,0.830272952853598,0.8423963133640553,"[[743, 342], [0, 930]]"
0.35,5,sqrt,30,400,fs_acc,0.43153591012517856,0.6362903225806451,0.830272952853598,0.8423963133640553,"[[743, 342], [0, 930]]"
0.45,5,sqrt,67,400,fs_acc,0.4515462979853141,0.6311290322580645,0.830272952853598,0.8423963133640553,"[[743, 342], [0, 930]]"
0.35,10,sqrt,18,400,fs_acc,0.39641769610530775,0.6351612903225806,0.8297766749379653,0.8419354838709677,"[[742, 343], [0, 930]]"
0.35,10,sqrt,56,400,fs_acc,0.3901773061533368,0.6343548387096775,0.8297766749379653,0.8419354838709677,"[[742, 343], [0, 930]]"
0.45,10,sqrt,2,400,fs_acc,0.4106313169237126,0.6370967741935484,0.8297766749379653,0.8419354838709677,"[[742, 343], [0, 930]]"
0.45,10,sqrt,71,400,fs_acc,0.41981837776782444,0.6327419354838709,0.8297766749379653,0.8419354838709677,"[[742, 343], [0, 930]]"
0.35,8,sqrt,25,400,fs_acc,0.4001905737103071,0.6369354838709678,0.8297766749379653,0.8419354838709677,"[[742, 343], [0, 930]]"
0.35,8,sqrt,39,400,fs_acc,0.4002345337591609,0.6337096774193548,0.8297766749379653,0.8419354838709677,"[[742, 343], [0, 930]]"
0.55,10,sqrt,15,400,fs_acc,0.4440794287465379,0.6359677419354839,0.8297766749379653,0.8419354838709677,"[[742, 343], [0, 930]]"
0.55,10,sqrt,52,400,fs_acc,0.4377660066442368,0.6327419354838709,0.8297766749379653,0.8419354838709677,"[[742, 343], [0, 930]]"
0.45,5,sqrt,29,400,fs_acc,0.453210752581713,0.6353225806451613,0.8297766749379653,0.8419354838709677,"[[742, 343], [0, 930]]"
0.35,8,sqrt,2,400,fs_acc,0.40388217176361235,0.6359677419354839,0.8292803970223325,0.8414746543778802,"[[741, 344], [0, 930]]"
0.35,8,sqrt,43,400,fs_acc,0.40030087427353056,0.6366129032258064,0.8292803970223325,0.8414746543778802,"[[741, 344], [0, 930]]"
0.35,10,sqrt,26,400,fs_acc,0.3903631915592972,0.6324193548387097,0.8287841191066998,0.8410138248847927,"[[740, 345], [0, 930]]"
0.45,10,sqrt,12,400,fs_acc,0.41061233515119133,0.6358064516129033,0.8287841191066998,0.8410138248847927,"[[740, 345], [0, 930]]"
0.45,10,sqrt,17,400,fs_acc,0.41433227287800445,0.631774193548387,0.8287841191066998,0.8410138248847927,"[[740, 345], [0, 930]]"
0.45,8,sqrt,7,400,fs_acc,0.429712607240803,0.6356451612903226,0.8287841191066998,0.8410138248847927,"[[740, 345], [0, 930]]"
0.45,8,sqrt,14,400,fs_acc,0.4299810731325049,0.6359677419354839,0.8287841191066998,0.8410138248847927,"[[740, 345], [0, 930]]"
0.35,5,sqrt,9,400,fs_acc,0.4388483455613633,0.635483870967742,0.8287841191066998,0.8410138248847927,"[[740, 345], [0, 930]]"
0.35,5,sqrt,54,400,fs_acc,0.42980736239491607,0.6379032258064516,0.8287841191066998,0.8410138248847927,"[[740, 345], [0, 930]]"
0.35,5,sqrt,69,400,fs_acc,0.44106684298847953,0.6370967741935484,0.8287841191066998,0.8410138248847927,"[[740, 345], [0, 930]]"
0.45,5,sqrt,26,400,fs_acc,0.44933029817212694,0.6333870967741936,0.8287841191066998,0.8410138248847927,"[[740, 345], [0, 930]]"
0.35,10,sqrt,5,400,fs_acc,0.3816051294351586,0.6364516129032258,0.828287841191067,0.840552995391705,"[[739, 346], [0, 930]]"
0.45,10,sqrt,11,400,fs_acc,0.4164116694288674,0.635,0.828287841191067,0.840552995391705,"[[739, 346], [0, 930]]"
0.45,8,sqrt,78,400,fs_acc,0.4186296639898582,0.6338709677419355,0.828287841191067,0.840552995391705,"[[739, 346], [0, 930]]"
0.45,5,sqrt,58,400,fs_acc,0.4450945667565361,0.6332258064516129,0.828287841191067,0.840552995391705,"[[739, 346], [0, 930]]"
0.45,5,sqrt,72,400,fs_acc,0.4545791293512496,0.6337096774193548,0.828287841191067,0.840552995391705,"[[739, 346], [0, 930]]"
0.35,10,sqrt,17,400,fs_acc,0.38005136623546687,0.6319354838709678,0.8277915632754342,0.8400921658986176,"[[738, 347], [0, 930]]"
0.35,10,sqrt,72,400,fs_acc,0.3900948248959635,0.6359677419354839,0.8277915632754342,0.8400921658986176,"[[738, 347], [0, 930]]"
0.45,10,sqrt,14,400,fs_acc,0.410079791637506,0.6374193548387097,0.8277915632754342,0.8400921658986176,"[[738, 347], [0, 930]]"
0.35,8,sqrt,11,400,fs_acc,0.40199420286679455,0.637258064516129,0.8277915632754342,0.8400921658986176,"[[738, 347], [0, 930]]"
0.35,8,sqrt,23,400,fs_acc,0.3987168504059976,0.637258064516129,0.8277915632754342,0.8400921658986176,"[[738, 347], [0, 930]]"
0.35,8,sqrt,34,400,fs_acc,0.4021040696918538,0.6382258064516129,0.8277915632754342,0.8400921658986176,"[[738, 347], [0, 930]]"
0.55,8,sqrt,20,400,fs_acc,0.45198681955880404,0.6337096774193548,0.8277915632754342,0.8400921658986176,"[[738, 347], [0, 930]]"
0.55,8,sqrt,32,400,fs_acc,0.45108739420627497,0.6295161290322581,0.8277915632754342,0.8400921658986176,"[[738, 347], [0, 930]]"
0.55,8,sqrt,44,400,fs_acc,0.4472708373499544,0.6356451612903226,0.8277915632754342,0.8400921658986176,"[[738, 347], [0, 930]]"
0.35,10,sqrt,43,400,fs_acc,0.38349898350830836,0.632258064516129,0.8272952853598015,0.8396313364055299,"[[737, 348], [0, 930]]"
0.35,8,sqrt,15,400,fs_acc,0.40783330765507664,0.6335483870967742,0.8272952853598015,0.8396313364055299,"[[737, 348], [0, 930]]"
0.45,8,sqrt,11,400,fs_acc,0.4216846316878268,0.6387096774193548,0.8272952853598015,0.8396313364055299,"[[737, 348], [0, 930]]"
0.45,8,sqrt,29,400,fs_acc,0.42954588126095183,0.6311290322580645,0.8272952853598015,0.8396313364055299,"[[737, 348], [0, 930]]"
0.55,10,sqrt,40,400,fs_acc,0.4337286342913757,0.6348387096774194,0.8272952853598015,0.8396313364055299,"[[737, 348], [0, 930]]"
0.35,5,sqrt,32,400,fs_acc,0.4319778759733161,0.6382258064516129,0.8272952853598015,0.8396313364055299,"[[737, 348], [0, 930]]"
0.35,8,sqrt,35,400,fs_acc,0.4030116328571509,0.635,0.8267990074441688,0.8391705069124424,"[[736, 349], [0, 930]]"
0.55,10,sqrt,64,400,fs_acc,0.43328018241511795,0.6335483870967742,0.8267990074441688,0.8391705069124424,"[[736, 349], [0, 930]]"
0.45,5,sqrt,78,400,fs_acc,0.4488333034305611,0.6343548387096775,0.8267990074441688,0.8391705069124424,"[[736, 349], [0, 930]]"
0.35,10,sqrt,39,400,fs_acc,0.38784629581198216,0.6346774193548387,0.826302729528536,0.8387096774193548,"[[735, 350], [0, 930]]"
0.45,10,sqrt,72,400,fs_acc,0.4156496096345988,0.6337096774193548,0.826302729528536,0.8387096774193548,"[[735, 350], [0, 930]]"
0.55,10,sqrt,1,400,fs_acc,0.4333246567462076,0.6338709677419355,0.826302729528536,0.8387096774193548,"[[735, 350], [0, 930]]"
0.35,5,sqrt,43,400,fs_acc,0.4260301053647071,0.6358064516129033,0.826302729528536,0.8387096774193548,"[[735, 350], [0, 930]]"
0.45,5,sqrt,17,400,fs_acc,0.45148909402966,0.635,0.826302729528536,0.8387096774193548,"[[735, 350], [0, 930]]"
0.35,10,sqrt,53,400,fs_acc,0.38926365016726283,0.6330645161290323,0.8258064516129032,0.8382488479262673,"[[734, 351], [0, 930]]"
0.45,10,sqrt,63,400,fs_acc,0.41046487184854286,0.635483870967742,0.8258064516129032,0.8382488479262673,"[[734, 351], [0, 930]]"
0.35,8,sqrt,56,400,fs_acc,0.4016471608362325,0.6353225806451613,0.8258064516129032,0.8382488479262673,"[[734, 351], [0, 930]]"
0.35,8,sqrt,67,400,fs_acc,0.3986045960909416,0.6343548387096775,0.8258064516129032,0.8382488479262673,"[[734, 351], [0, 930]]"
0.45,8,sqrt,34,400,fs_acc,0.4214202397648842,0.6335483870967742,0.8258064516129032,0.8382488479262673,"[[734, 351], [0, 930]]"
0.55,8,sqrt,28,400,fs_acc,0.4347665013287005,0.6314516129032258,0.8258064516129032,0.8382488479262673,"[[734, 351], [0, 930]]"
0.55,10,sqrt,65,400,fs_acc,0.4358636670622849,0.6316129032258064,0.8258064516129032,0.8382488479262673,"[[734, 351], [0, 930]]"
0.35,5,sqrt,24,400,fs_acc,0.4280325963579024,0.6391935483870967,0.8258064516129032,0.8382488479262673,"[[734, 351], [0, 930]]"
0.55,8,sqrt,38,400,fs_acc,0.44434793148617097,0.6329032258064516,0.8253101736972704,0.8377880184331797,"[[733, 352], [0, 930]]"
0.35,10,sqrt,15,400,fs_acc,0.38649675911976833,0.6324193548387097,0.8248138957816377,0.8373271889400922,"[[732, 353], [0, 930]]"
0.35,10,sqrt,22,400,fs_acc,0.3917201347394041,0.6370967741935484,0.8248138957816377,0.8373271889400922,"[[732, 353], [0, 930]]"
0.45,10,sqrt,7,400,fs_acc,0.40532060020039873,0.6314516129032258,0.8248138957816377,0.8373271889400922,"[[732, 353], [0, 930]]"
0.45,8,sqrt,22,400,fs_acc,0.41454430856048846,0.6346774193548387,0.8248138957816377,0.8373271889400922,"[[732, 353], [0, 930]]"
0.55,8,sqrt,21,400,fs_acc,0.4420788219107927,0.6338709677419355,0.8248138957816377,0.8373271889400922,"[[732, 353], [0, 930]]"
0.55,8,sqrt,47,400,fs_acc,0.4365059101778108,0.6330645161290323,0.8248138957816377,0.8373271889400922,"[[732, 353], [0, 930]]"
0.55,10,sqrt,63,400,fs_acc,0.43461743355007865,0.6351612903225806,0.8248138957816377,0.8373271889400922,"[[732, 353], [0, 930]]"
0.45,5,sqrt,38,400,fs_acc,0.44340582445679894,0.6312903225806452,0.8248138957816377,0.8373271889400922,"[[732, 353], [0, 930]]"
0.35,10,sqrt,30,400,fs_acc,0.3803177543613671,0.6335483870967742,0.824317617866005,0.8368663594470046,"[[731, 354], [0, 930]]"
0.45,5,sqrt,19,400,fs_acc,0.4490073826531514,0.6356451612903226,0.824317617866005,0.8368663594470046,"[[731, 354], [0, 930]]"
0.45,5,sqrt,77,400,fs_acc,0.4449149669114325,0.6341935483870967,0.824317617866005,0.8368663594470046,"[[731, 354], [0, 930]]"
0.45,5,sqrt,37,400,fs_acc,0.45034596389859,0.6369354838709678,0.8238213399503722,0.836405529953917,"[[730, 355], [0, 930]]"
0.35,8,sqrt,59,400,fs_acc,0.39292503581118604,0.6351612903225806,0.8233250620347394,0.8359447004608295,"[[729, 356], [0, 930]]"
0.35,5,sqrt,74,400,fs_acc,0.43137283805223525,0.6379032258064516,0.8228287841191066,0.8354838709677419,"[[728, 357], [0, 930]]"
0.45,5,sqrt,18,400,fs_acc,0.44663223156146054,0.6364516129032258,0.8228287841191066,0.8354838709677419,"[[728, 357], [0, 930]]"
0.55,8,sqrt,4,400,fs_acc,0.44346096878037106,0.6332258064516129,0.822332506203474,0.8350230414746544,"[[727, 358], [0, 930]]"
0.45,5,sqrt,46,400,fs_acc,0.4398805778428318,0.635483870967742,0.822332506203474,0.8350230414746544,"[[727, 358], [0, 930]]"
0.45,5,sqrt,52,400,fs_acc,0.44229435573956777,0.6345161290322581,0.822332506203474,0.8350230414746544,"[[727, 358], [0, 930]]"
0.35,8,sqrt,38,400,fs_acc,0.40210474647464955,0.6327419354838709,0.8218362282878412,0.8345622119815668,"[[726, 359], [0, 930]]"
0.35,8,sqrt,57,400,fs_acc,0.3946860741792573,0.6358064516129033,0.8218362282878412,0.8345622119815668,"[[726, 359], [0, 930]]"
0.45,10,sqrt,60,400,fs_acc,0.4161787537191145,0.6330645161290323,0.8213399503722084,0.8341013824884793,"[[725, 360], [0, 930]]"
0.55,10,sqrt,4,400,fs_acc,0.4334153317964671,0.632258064516129,0.8213399503722084,0.8341013824884793,"[[725, 360], [0, 930]]"
0.45,10,sqrt,6,400,fs_acc,0.4029023101876643,0.6308064516129033,0.820347394540943,0.8331797235023042,"[[723, 362], [0, 930]]"
0.45,10,sqrt,24,400,fs_acc,0.4099787007710784,0.632258064516129,0.820347394540943,0.8331797235023042,"[[723, 362], [0, 930]]"
0.35,5,sqrt,65,400,fs_acc,0.4319856608736045,0.6366129032258064,0.820347394540943,0.8331797235023042,"[[723, 362], [0, 930]]"
0.45,5,sqrt,40,400,fs_acc,0.44379528294833503,0.6319354838709678,0.820347394540943,0.8331797235023042,"[[723, 362], [0, 930]]"
0.35,8,sqrt,33,400,fs_acc,0.39565349578553966,0.6345161290322581,0.8198511166253102,0.8327188940092166,"[[722, 363], [0, 930]]"
0.55,10,sqrt,66,400,fs_acc,0.42661682323050026,0.6337096774193548,0.8198511166253102,0.8327188940092166,"[[722, 363], [0, 930]]"
0.45,5,sqrt,56,400,fs_acc,0.44499091518945894,0.6306451612903226,0.8198511166253102,0.8327188940092166,"[[722, 363], [0, 930]]"
0.35,10,sqrt,54,400,fs_acc,0.3800852510093868,0.6345161290322581,0.8193548387096774,0.832258064516129,"[[721, 364], [0, 930]]"
0.35,5,sqrt,22,400,fs_acc,0.42241742091184453,0.6341935483870967,0.8193548387096774,0.832258064516129,"[[721, 364], [0, 930]]"
0.35,5,sqrt,70,400,fs_acc,0.4244925716981414,0.635483870967742,0.8193548387096774,0.832258064516129,"[[721, 364], [0, 930]]"
0.35,10,sqrt,2,400,fs_acc,0.37102579362621685,0.6411290322580645,0.8188585607940446,0.8317972350230415,"[[720, 365], [0, 930]]"
0.35,5,sqrt,48,400,fs_acc,0.42616876147939065,0.6338709677419355,0.8188585607940446,0.8317972350230415,"[[720, 365], [0, 930]]"
0.45,8,sqrt,58,400,fs_acc,0.4195541496373142,0.6364516129032258,0.818362282878412,0.8313364055299539,"[[719, 366], [0, 930]]"
0.35,10,sqrt,3,400,fs_acc,0.36762458498860084,0.6333870967741936,0.8178660049627792,0.8308755760368663,"[[718, 367], [0, 930]]"
0.35,10,sqrt,12,400,fs_acc,0.3784254640503978,0.6351612903225806,0.8178660049627792,0.8308755760368663,"[[718, 367], [0, 930]]"
0.35,8,sqrt,50,400,fs_acc,0.3922170857365837,0.6348387096774194,0.8178660049627792,0.8308755760368663,"[[718, 367], [0, 930]]"
0.35,5,sqrt,55,400,fs_acc,0.42421240142671157,0.6364516129032258,0.8178660049627792,0.8308755760368663,"[[718, 367], [0, 930]]"
0.35,8,sqrt,26,400,fs_acc,0.39149339021740337,0.6361290322580645,0.8173697270471464,0.8304147465437788,"[[717, 368], [0, 930]]"
0.55,8,sqrt,58,400,fs_acc,0.4339496626691571,0.6333870967741936,0.8173697270471464,0.8304147465437788,"[[717, 368], [0, 930]]"
0.45,5,sqrt,57,400,fs_acc,0.4427388667756776,0.6358064516129033,0.8173697270471464,0.8304147465437788,"[[717, 368], [0, 930]]"
0.35,10,sqrt,33,400,fs_acc,0.37335538325135603,0.635,0.8168734491315136,0.8299539170506913,"[[716, 369], [0, 930]]"
0.45,10,sqrt,61,400,fs_acc,0.3960879377540971,0.6308064516129033,0.8168734491315136,0.8299539170506913,"[[716, 369], [0, 930]]"
0.35,8,sqrt,17,400,fs_acc,0.38660429682700936,0.6362903225806451,0.8163771712158809,0.8294930875576036,"[[715, 370], [0, 930]]"
0.55,10,sqrt,29,400,fs_acc,0.42456850964521253,0.6333870967741936,0.8163771712158809,0.8294930875576036,"[[715, 370], [0, 930]]"
0.35,5,sqrt,27,400,fs_acc,0.41211138457720736,0.631774193548387,0.8163771712158809,0.8294930875576036,"[[715, 370], [0, 930]]"
0.45,10,sqrt,47,400,fs_acc,0.4038616781469454,0.6366129032258064,0.8153846153846154,0.8285714285714285,"[[713, 372], [0, 930]]"
