name,pos_weight,leaf,seed,threshold,fs_accuracy,fs_balanced_accuracy,test_accuracy,test_balanced_accuracy,confusion_matrix
seed50_leaf8,0.35,8,50,0.507,0.625,0.6228393564556552,0.8863523573200992,0.8935483870967742,"[[868, 217], [12, 918]]"
seed50_leaf8,0.35,8,50,0.5085,0.6248387096774194,0.622604899345137,0.8863523573200992,0.8934715821812595,"[[869, 216], [13, 917]]"
seed50_leaf8,0.35,8,50,0.5095,0.6246774193548387,0.6223704422346188,0.8863523573200992,0.8931643625192012,"[[873, 212], [17, 913]]"
seed50_leaf8,0.35,8,50,0.51,0.6241935483870967,0.62184493491794,0.8863523573200992,0.8930875576036866,"[[874, 211], [18, 912]]"
seed50_leaf8,0.35,8,50,0.5105,0.6240322580645161,0.6216428167192174,0.8863523573200992,0.8929339477726574,"[[876, 209], [20, 910]]"
seed50_leaf8,0.35,8,50,0.5135,0.6238709677419355,0.621246665049721,0.8863523573200992,0.8928571428571428,"[[877, 208], [21, 909]]"
seed50_leaf8,0.35,8,50,0.5135154414521632,0.6238709677419355,0.621246665049721,0.8863523573200992,0.8928571428571428,"[[877, 208], [21, 909]]"
seed50_leaf8,0.35,8,50,0.514,0.6243548387096775,0.6216913250869108,0.8863523573200992,0.8927803379416283,"[[878, 207], [22, 908]]"
seed50_leaf8,0.35,8,50,0.5178009688130689,0.6230645161290322,0.62007437949713,0.8863523573200992,0.8924731182795699,"[[882, 203], [26, 904]]"
seed50_leaf8,0.35,8,50,0.5075,0.625,0.6228393564556552,0.8858560794044665,0.8930107526881721,"[[868, 217], [13, 917]]"
seed50_leaf8,0.35,8,50,0.508,0.625,0.6227908480879618,0.8858560794044665,0.8930107526881721,"[[868, 217], [13, 917]]"
seed50_leaf8,0.35,8,50,0.509,0.6248387096774194,0.6225725604333414,0.8858560794044665,0.8927803379416283,"[[871, 214], [16, 914]]"
seed50_leaf8,0.35,8,50,0.511,0.6245161290322581,0.6220713073005093,0.8858560794044665,0.8923963133640553,"[[876, 209], [21, 909]]"
seed50_leaf8,0.35,8,50,0.5115,0.6241935483870967,0.6217155792707576,0.8858560794044665,0.8923963133640553,"[[876, 209], [21, 909]]"
seed50_leaf8,0.35,8,50,0.512,0.6241935483870967,0.6216670709030641,0.8858560794044665,0.8923963133640553,"[[876, 209], [21, 909]]"
seed50_leaf8,0.35,8,50,0.5125,0.6241935483870967,0.6216347319912685,0.8858560794044665,0.8923963133640553,"[[876, 209], [21, 909]]"
seed50_leaf8,0.35,8,50,0.513,0.6240322580645161,0.6214649527043414,0.8858560794044665,0.8923963133640553,"[[876, 209], [21, 909]]"
seed50_leaf8,0.35,8,50,0.5145,0.6245161290322581,0.6218125960061445,0.8858560794044665,0.892242703533026,"[[878, 207], [23, 907]]"
seed50_leaf8,0.35,8,50,0.515,0.6243548387096775,0.6215781388956261,0.8858560794044665,0.892242703533026,"[[878, 207], [23, 907]]"
seed50_leaf8,0.35,8,50,0.5155,0.6240322580645161,0.6212062414099766,0.8858560794044665,0.8921658986175116,"[[879, 206], [24, 906]]"
seed50_leaf8,0.35,8,50,0.5175,0.6230645161290322,0.6200905489530277,0.8858560794044665,0.8920122887864823,"[[881, 204], [26, 904]]"
seed50_leaf8,0.35,8,50,0.518,0.6229032258064516,0.6198722612984073,0.8858560794044665,0.8919354838709677,"[[882, 203], [27, 903]]"
seed50_leaf8,0.35,8,50,0.506,0.6246774193548387,0.622612984073086,0.8853598014888338,0.8926267281105991,"[[866, 219], [12, 918]]"
seed50_leaf8,0.35,8,50,0.5060956165413641,0.6245161290322581,0.622443204786159,0.8853598014888338,0.8926267281105991,"[[866, 219], [12, 918]]"
seed50_leaf8,0.35,8,50,0.5065,0.6245161290322581,0.6223946964184656,0.8853598014888338,0.8926267281105991,"[[866, 219], [12, 918]]"
seed50_leaf8,0.35,8,50,0.5090203641648391,0.6248387096774194,0.6225725604333414,0.8853598014888338,0.892242703533026,"[[871, 214], [17, 913]]"
seed50_leaf8,0.35,8,50,0.516,0.6240322580645161,0.6211739024981809,0.8853598014888338,0.8915514592933949,"[[880, 205], [26, 904]]"
seed50_leaf8,0.35,8,50,0.5165,0.6232258064516129,0.6203088366076481,0.8853598014888338,0.8915514592933949,"[[880, 205], [26, 904]]"
seed50_leaf8,0.35,8,50,0.5169999999999999,0.622741935483871,0.6197994987468671,0.8853598014888338,0.8915514592933949,"[[880, 205], [26, 904]]"
seed50_leaf8,0.35,8,50,0.5185,0.622741935483871,0.6196701430996847,0.8853598014888338,0.8913978494623656,"[[882, 203], [28, 902]]"
seed50_leaf8,0.35,8,50,0.5195,0.6230645161290322,0.6199288543940495,0.8853598014888338,0.891321044546851,"[[883, 202], [29, 901]]"
seed50_leaf8,0.35,8,50,0.52,0.6232258064516129,0.6200339558573854,0.8853598014888338,0.891321044546851,"[[883, 202], [29, 901]]"
seed50_leaf8,0.35,8,50,0.5205,0.6233870967741936,0.6201713962325168,0.8853598014888338,0.891321044546851,"[[883, 202], [29, 901]]"
seed50_leaf8,0.35,8,50,0.505,0.6248387096774194,0.622863610639502,0.884863523573201,0.892242703533026,"[[864, 221], [11, 919]]"
seed50_leaf8,0.35,8,50,0.5055,0.6248387096774194,0.6228312717277064,0.884863523573201,0.892242703533026,"[[864, 221], [11, 919]]"
best_seed198,0.35,8,198,0.503,0.622741935483871,0.6204786158945752,0.884863523573201,0.8915514592933949,"[[873, 212], [20, 910]]"
best_seed198,0.35,8,198,0.504,0.6220967741935484,0.6197994987468671,0.884863523573201,0.8914746543778802,"[[874, 211], [21, 909]]"
best_seed198,0.35,8,198,0.5045,0.6224193548387097,0.6200905489530277,0.884863523573201,0.8913978494623656,"[[875, 210], [22, 908]]"
best_seed198,0.35,8,198,0.505,0.6225806451612903,0.620227989328159,0.884863523573201,0.8913978494623656,"[[875, 210], [22, 908]]"
best_seed198,0.35,8,198,0.5055,0.622741935483871,0.6203492602473927,0.884863523573201,0.8913210445468509,"[[876, 209], [23, 907]]"
best_seed198,0.35,8,198,0.5065,0.622741935483871,0.6203007518796992,0.884863523573201,0.8912442396313365,"[[877, 208], [24, 906]]"
seed50_leaf8,0.35,8,50,0.5189999999999999,0.6229032258064516,0.6197914140189182,0.884863523573201,0.8908602150537634,"[[882, 203], [29, 901]]"
seed50_leaf8,0.35,8,50,0.5215,0.6240322580645161,0.6207858355566336,0.884863523573201,0.8907066052227343,"[[884, 201], [31, 899]]"
seed50_leaf8,0.35,8,50,0.504,0.6241935483870967,0.6223138491389765,0.8843672456575682,0.8917818740399386,"[[863, 222], [11, 919]]"
seed50_leaf8,0.35,8,50,0.5045,0.6245161290322581,0.6225887298892392,0.8843672456575682,0.8917818740399386,"[[863, 222], [11, 919]]"
best_seed198,0.35,8,198,0.5015,0.622741935483871,0.6205594631740642,0.8843672456575682,0.8911674347158218,"[[871, 214], [19, 911]]"
best_seed198,0.35,8,198,0.5025,0.6225806451612903,0.620325006063546,0.8843672456575682,0.8910906298003072,"[[872, 213], [20, 910]]"
best_seed198,0.35,8,198,0.5035,0.6225806451612903,0.6203088366076481,0.8843672456575682,0.8910138248847926,"[[873, 212], [21, 909]]"
best_seed198,0.35,8,198,0.5052097405315423,0.6224193548387097,0.6200582100412322,0.8843672456575682,0.8908602150537634,"[[875, 210], [23, 907]]"
best_seed198,0.35,8,198,0.506,0.622741935483871,0.6203330907914948,0.8843672456575682,0.8907834101382488,"[[876, 209], [24, 906]]"
seed50_leaf8,0.35,8,50,0.5209999999999999,0.6237096774193548,0.6204786158945752,0.8843672456575682,0.8902457757296467,"[[883, 202], [31, 899]]"
seed50_leaf8,0.35,8,50,0.5226564548100379,0.6230645161290322,0.6197348209232759,0.8843672456575682,0.8900921658986175,"[[885, 200], [33, 897]]"
seed50_leaf8,0.35,8,50,0.503,0.6246774193548387,0.6228393564556554,0.8838709677419355,0.8913978494623656,"[[861, 224], [10, 920]]"
seed50_leaf8,0.35,8,50,0.5035,0.6245161290322581,0.6226695771687283,0.8838709677419355,0.8913978494623656,"[[861, 224], [10, 920]]"
best_seed198,0.35,8,198,0.502,0.6230645161290322,0.6208505133802248,0.8838709677419355,0.8906298003072197,"[[871, 214], [20, 910]]"
best_seed198,0.35,8,198,0.507,0.6222580645161291,0.6197752445630205,0.8838709677419355,0.890168970814132,"[[877, 208], [26, 904]]"
best_seed198,0.35,8,198,0.5075,0.6225806451612903,0.6200501253132833,0.8838709677419355,0.890168970814132,"[[877, 208], [26, 904]]"
best_seed198,0.35,8,198,0.508,0.6222580645161291,0.6196620583717358,0.8838709677419355,0.890168970814132,"[[877, 208], [26, 904]]"
best_seed198,0.35,8,198,0.509,0.6220967741935484,0.6194114318053198,0.8838709677419355,0.8900921658986175,"[[878, 207], [27, 903]]"
best_seed198,0.35,8,198,0.5095,0.6216129032258064,0.6188697550327431,0.8838709677419355,0.8900921658986175,"[[878, 207], [27, 903]]"
best_seed198,0.35,8,198,0.51,0.6219354838709678,0.6191284663271082,0.8838709677419355,0.8900921658986175,"[[878, 207], [27, 903]]"
best_seed28,0.35,10,28,0.49649999999999994,0.6303225806451613,0.6282157005416769,0.8838709677419355,0.8897081413210446,"[[883, 202], [32, 898]]"
best_seed28,0.35,10,28,0.497,0.6303225806451613,0.6281833616298812,0.8838709677419355,0.8897081413210446,"[[883, 202], [32, 898]]"
seed50_leaf8,0.35,8,50,0.522,0.6235483870967742,0.6202603282399548,0.8838709677419355,0.8896313364055299,"[[884, 201], [33, 897]]"
seed50_leaf8,0.35,8,50,0.5225,0.6230645161290322,0.6197509903791738,0.8838709677419355,0.8896313364055299,"[[884, 201], [33, 897]]"
best_seed28,0.35,10,28,0.499,0.6301612903225806,0.6279489045193629,0.8838709677419355,0.8895545314900154,"[[885, 200], [34, 896]]"
seed50_leaf8,0.35,8,50,0.5229999999999999,0.6229032258064516,0.619565041636349,0.8838709677419355,0.8895545314900154,"[[885, 200], [34, 896]]"
best_seed28,0.35,10,28,0.49949999999999994,0.6304838709677419,0.6282561241814213,0.8838709677419355,0.8894777265745009,"[[886, 199], [35, 895]]"
seed50_leaf8,0.35,8,50,0.5235,0.6230645161290322,0.6196863125555825,0.8838709677419355,0.8894777265745009,"[[886, 199], [35, 895]]"
seed50_leaf8,0.35,8,50,0.5025,0.6243548387096775,0.6225644757053925,0.8833746898263027,0.8909370199692781,"[[860, 225], [10, 920]]"
best_seed198,0.35,8,198,0.49449999999999994,0.6238709677419355,0.6222491713153853,0.8833746898263027,0.8906298003072197,"[[864, 221], [14, 916]]"
best_seed198,0.35,8,198,0.495,0.6237096774193548,0.6220470531166626,0.8833746898263027,0.8906298003072197,"[[864, 221], [14, 916]]"
best_seed198,0.35,8,198,0.49511387773922844,0.6235483870967742,0.6218611043738378,0.8833746898263027,0.8906298003072197,"[[864, 221], [14, 916]]"
best_seed198,0.35,8,198,0.49549999999999994,0.6240322580645161,0.6223219338669254,0.8833746898263027,0.8906298003072197,"[[864, 221], [14, 916]]"
best_seed198,0.35,8,198,0.496,0.6243548387096775,0.622612984073086,0.8833746898263027,0.8906298003072197,"[[864, 221], [14, 916]]"
best_seed198,0.35,8,198,0.49749999999999994,0.6243548387096775,0.6225644757053925,0.8833746898263027,0.8905529953917051,"[[865, 220], [15, 915]]"
best_seed198,0.35,8,198,0.498,0.6245161290322581,0.6227019160805238,0.8833746898263027,0.8905529953917051,"[[865, 220], [15, 915]]"
best_seed198,0.35,8,198,0.49849999999999994,0.6241935483870967,0.6223461880507721,0.8833746898263027,0.8905529953917051,"[[865, 220], [15, 915]]"
best_seed198,0.35,8,198,0.5011090526856279,0.6229032258064516,0.6207615813727868,0.8833746898263027,0.8902457757296467,"[[869, 216], [19, 911]]"
best_seed198,0.35,8,198,0.5085,0.6222580645161291,0.6196297194599402,0.8833746898263027,0.8896313364055299,"[[877, 208], [27, 903]]"
best_seed28,0.35,10,28,0.496,0.63,0.6279246503355163,0.8833746898263027,0.8893241167434716,"[[881, 204], [31, 899]]"
best_seed28,0.35,10,28,0.49749999999999994,0.63,0.6278438030560272,0.8833746898263027,0.8891705069124424,"[[883, 202], [33, 897]]"
best_seed28,0.35,10,28,0.498,0.63,0.6278438030560272,0.8833746898263027,0.8890937019969278,"[[884, 201], [34, 896]]"
best_seed28,0.35,10,28,0.4981162779783299,0.6298387096774194,0.6276740237691002,0.8833746898263027,0.8890937019969278,"[[884, 201], [34, 896]]"
best_seed28,0.35,10,28,0.49849999999999994,0.6296774193548387,0.6274880750262755,0.8833746898263027,0.8890937019969278,"[[884, 201], [34, 896]]"
seed50_leaf8,0.35,8,50,0.524,0.6230645161290322,0.6196701430996847,0.8833746898263027,0.8889400921658986,"[[886, 199], [36, 894]]"
best_seed28,0.35,10,28,0.5,0.6303225806451613,0.6280701754385964,0.8833746898263027,0.888863287250384,"[[887, 198], [37, 893]]"
best_seed28,0.35,10,28,0.5005,0.6301612903225806,0.6278842266957717,0.8833746898263027,0.888863287250384,"[[887, 198], [37, 893]]"
best_seed28,0.35,10,28,0.501,0.6304838709677419,0.6281752769019322,0.8833746898263027,0.888863287250384,"[[887, 198], [37, 893]]"
best_seed28,0.35,10,28,0.5015,0.6304838709677419,0.6281591074460344,0.8833746898263027,0.888863287250384,"[[887, 198], [37, 893]]"
best_seed28,0.35,10,28,0.5034807423935318,0.6301612903225806,0.6276255154014068,0.8833746898263027,0.8887096774193548,"[[889, 196], [39, 891]]"
best_seed28,0.35,10,28,0.5035,0.6301612903225806,0.6276255154014068,0.8833746898263027,0.8887096774193548,"[[889, 196], [39, 891]]"
seed50_leaf8,0.35,8,50,0.502,0.6241935483870967,0.6224270353302611,0.88287841191067,0.8904761904761904,"[[859, 226], [10, 920]]"
best_seed198,0.35,8,198,0.493,0.6232258064516129,0.6217479181825531,0.88287841191067,0.890168970814132,"[[863, 222], [14, 916]]"
best_seed198,0.35,8,198,0.49349999999999994,0.6241935483870967,0.6226210688010348,0.88287841191067,0.890168970814132,"[[863, 222], [14, 916]]"
best_seed198,0.35,8,198,0.494,0.6243548387096775,0.6227585091761663,0.88287841191067,0.890168970814132,"[[863, 222], [14, 916]]"
best_seed198,0.35,8,198,0.49649999999999994,0.6241935483870967,0.622443204786159,0.88287841191067,0.8900921658986175,"[[864, 221], [15, 915]]"
best_seed198,0.35,8,198,0.497,0.6243548387096775,0.6225968146171881,0.88287841191067,0.8900921658986175,"[[864, 221], [15, 915]]"
best_seed198,0.35,8,198,0.499,0.6245161290322581,0.6226372382569326,0.88287841191067,0.890015360983103,"[[865, 220], [16, 914]]"
best_seed198,0.35,8,198,0.5005,0.6235483870967742,0.6214730374322904,0.88287841191067,0.8897849462365592,"[[868, 217], [19, 911]]"
best_seed198,0.35,8,198,0.501,0.622741935483871,0.6206079715417576,0.88287841191067,0.8897849462365592,"[[868, 217], [19, 911]]"
best_seed198,0.35,8,198,0.5125,0.6220967741935484,0.6191527205109548,0.88287841191067,0.8889400921658986,"[[879, 206], [30, 900]]"
seed50_leaf8,0.35,8,50,0.5245,0.622741935483871,0.6193144150699329,0.88287841191067,0.8884024577572964,"[[886, 199], [37, 893]]"
best_seed28,0.35,10,28,0.502,0.63,0.6276012612175601,0.88287841191067,0.8883256528417818,"[[887, 198], [38, 892]]"
best_seed28,0.35,10,28,0.5025,0.6303225806451613,0.6278599725119249,0.88287841191067,0.8882488479262672,"[[888, 197], [39, 891]]"
best_seed28,0.35,10,28,0.503,0.63,0.6274880750262753,0.88287841191067,0.8882488479262672,"[[888, 197], [39, 891]]"
best_seed28,0.35,10,28,0.504,0.6303225806451613,0.6277467863206403,0.88287841191067,0.8881720430107527,"[[889, 196], [40, 890]]"
seed50_leaf8,0.35,8,50,0.49549999999999994,0.6237096774193548,0.6224512895141079,0.8823821339950372,0.8902457757296467,"[[855, 230], [7, 923]]"
seed50_leaf8,0.35,8,50,0.497,0.6235483870967742,0.6221521545799984,0.8823821339950372,0.8901689708141322,"[[856, 229], [8, 922]]"
seed50_leaf8,0.35,8,50,0.49749999999999994,0.6235483870967742,0.622103646212305,0.8823821339950372,0.8901689708141322,"[[856, 229], [8, 922]]"
seed50_leaf8,0.35,8,50,0.501,0.6237096774193548,0.622014714204867,0.8823821339950372,0.890015360983103,"[[858, 227], [10, 920]]"
seed50_leaf8,0.35,8,50,0.5012233416050664,0.6238709677419355,0.6221683240358962,0.8823821339950372,0.890015360983103,"[[858, 227], [10, 920]]"
seed50_leaf8,0.35,8,50,0.5015,0.6238709677419355,0.6221683240358962,0.8823821339950372,0.890015360983103,"[[858, 227], [10, 920]]"
best_seed198,0.35,8,198,0.49949999999999994,0.6238709677419355,0.6219419516533269,0.8823821339950372,0.8894009216589862,"[[866, 219], [18, 912]]"
best_seed198,0.35,8,198,0.5,0.6235483870967742,0.6215538847117794,0.8823821339950372,0.8893241167434716,"[[867, 218], [19, 911]]"
best_seed198,0.35,8,198,0.5105,0.6220967741935484,0.6192497372463417,0.8823821339950372,0.8884792626728111,"[[878, 207], [30, 900]]"
best_seed198,0.35,8,198,0.5109434184180475,0.6220967741935484,0.6192173983345461,0.8823821339950372,0.8884792626728111,"[[878, 207], [30, 900]]"
best_seed198,0.35,8,198,0.511,0.6220967741935484,0.6192173983345461,0.8823821339950372,0.8884792626728111,"[[878, 207], [30, 900]]"
best_seed198,0.35,8,198,0.5115,0.6220967741935484,0.6192012288786481,0.8823821339950372,0.8884792626728111,"[[878, 207], [30, 900]]"
best_seed198,0.35,8,198,0.512,0.6220967741935484,0.6191527205109548,0.8823821339950372,0.8884792626728111,"[[878, 207], [30, 900]]"
best_seed28,0.35,10,28,0.5045,0.6301612903225806,0.6275608375778154,0.8823821339950372,0.8876344086021506,"[[889, 196], [41, 889]]"
seed50_leaf8,0.35,8,50,0.495,0.6237096774193548,0.6224836284259034,0.8818858560794045,0.8897849462365591,"[[854, 231], [7, 923]]"
seed50_leaf8,0.35,8,50,0.496,0.6230645161290322,0.621756002910502,0.8818858560794045,0.8897081413210446,"[[855, 230], [8, 922]]"
seed50_leaf8,0.35,8,50,0.49649999999999994,0.6225806451612903,0.621246665049721,0.8818858560794045,0.8897081413210446,"[[855, 230], [8, 922]]"
seed50_leaf8,0.35,8,50,0.5005,0.6237096774193548,0.6220632225725604,0.8818858560794045,0.8895545314900153,"[[857, 228], [10, 920]]"
best_seed198,0.35,8,198,0.49149999999999994,0.6225806451612903,0.6212304955938233,0.8818858560794045,0.8894009216589862,"[[859, 226], [12, 918]]"
best_seed198,0.35,8,198,0.49249999999999994,0.6229032258064516,0.6214568679763925,0.8818858560794045,0.889247311827957,"[[861, 224], [14, 916]]"
best_seed28,0.35,10,28,0.495,0.6298387096774194,0.6277872099603848,0.8818858560794045,0.887941628264209,"[[878, 207], [31, 899]]"
best_seed28,0.35,10,28,0.49549999999999994,0.63,0.627940819791414,0.8818858560794045,0.887941628264209,"[[878, 207], [31, 899]]"
best_seed28,0.35,10,28,0.505,0.6295161290322581,0.626833212062414,0.8818858560794045,0.8870967741935484,"[[889, 196], [42, 888]]"
best_seed28,0.35,10,28,0.5055,0.6295161290322581,0.6268170426065163,0.8818858560794045,0.8870199692780338,"[[890, 195], [43, 887]]"
best_seed28,0.35,10,28,0.506,0.6296774193548387,0.6269383135257498,0.8818858560794045,0.8870199692780338,"[[890, 195], [43, 887]]"
seed50_leaf8,0.35,8,50,0.498,0.6237096774193548,0.6222572560433342,0.8813895781637717,0.8890937019969278,"[[856, 229], [10, 920]]"
seed50_leaf8,0.35,8,50,0.49849999999999994,0.6237096774193548,0.6221925782197428,0.8813895781637717,0.8890937019969278,"[[856, 229], [10, 920]]"
seed50_leaf8,0.35,8,50,0.499,0.6232258064516129,0.6216670709030641,0.8813895781637717,0.8890937019969278,"[[856, 229], [10, 920]]"
seed50_leaf8,0.35,8,50,0.49949999999999994,0.6232258064516129,0.6216347319912685,0.8813895781637717,0.8890937019969278,"[[856, 229], [10, 920]]"
seed50_leaf8,0.35,8,50,0.5,0.6232258064516129,0.621602393079473,0.8813895781637717,0.8890937019969278,"[[856, 229], [10, 920]]"
best_seed198,0.35,8,198,0.49049999999999994,0.6235483870967742,0.6223138491389765,0.8813895781637717,0.8889400921658985,"[[858, 227], [12, 918]]"
best_seed198,0.35,8,198,0.491,0.622741935483871,0.6214326137925459,0.8813895781637717,0.8889400921658985,"[[858, 227], [12, 918]]"
best_seed198,0.35,8,198,0.492,0.6233870967741936,0.6219985447489691,0.8813895781637717,0.888863287250384,"[[859, 226], [13, 917]]"
best_seed28,0.35,10,28,0.49,0.6285483870967742,0.6268655509742097,0.8813895781637717,0.8878648233486943,"[[872, 213], [26, 904]]"
best_seed28,0.35,10,28,0.49022767236358494,0.6285483870967742,0.6268655509742097,0.8813895781637717,0.8878648233486943,"[[872, 213], [26, 904]]"
best_seed28,0.35,10,28,0.49049999999999994,0.6285483870967742,0.6268655509742097,0.8813895781637717,0.8878648233486943,"[[872, 213], [26, 904]]"
best_seed28,0.35,10,28,0.491,0.6283870967741936,0.6266957716872827,0.8813895781637717,0.8878648233486943,"[[872, 213], [26, 904]]"
best_seed28,0.35,10,28,0.494,0.6296774193548387,0.6277306168647425,0.8813895781637717,0.8874807987711213,"[[877, 208], [31, 899]]"
best_seed28,0.35,10,28,0.49426204921851563,0.6298387096774194,0.6278357183280783,0.8813895781637717,0.8874807987711213,"[[877, 208], [31, 899]]"
best_seed28,0.35,10,28,0.49449999999999994,0.6295161290322581,0.6274961597542242,0.8813895781637717,0.8874807987711213,"[[877, 208], [31, 899]]"
best_seed198,0.35,8,198,0.513,0.6222580645161291,0.6192739914301884,0.8813895781637717,0.8873271889400922,"[[879, 206], [33, 897]]"
best_seed198,0.35,8,198,0.5135,0.6222580645161291,0.619225483062495,0.8813895781637717,0.8872503840245776,"[[880, 205], [34, 896]]"
seed50_leaf8,0.35,8,50,0.5249999999999999,0.6224193548387097,0.6189425175842833,0.8813895781637717,0.8867895545314901,"[[886, 199], [40, 890]]"
seed50_leaf8,0.35,8,50,0.5259354112761685,0.6220967741935484,0.6185706200986336,0.8813895781637717,0.8867127496159755,"[[887, 198], [41, 889]]"
seed50_leaf8,0.35,8,50,0.526,0.6222580645161291,0.6187242299296629,0.8813895781637717,0.8867127496159755,"[[887, 198], [41, 889]]"
best_seed198,0.35,8,198,0.5209999999999999,0.6203225806451613,0.6167353868542323,0.8813895781637717,0.8864055299539171,"[[891, 194], [45, 885]]"
best_seed198,0.35,8,198,0.49,0.6238709677419355,0.6226857466246261,0.8808933002481389,0.8884792626728111,"[[857, 228], [12, 918]]"
best_seed28,0.35,10,28,0.489,0.6287096774193548,0.6271161775406258,0.8808933002481389,0.8874807987711213,"[[870, 215], [25, 905]]"
best_seed28,0.35,10,28,0.4895,0.6287096774193548,0.6270514997170344,0.8808933002481389,0.8874039938556068,"[[871, 214], [26, 904]]"
best_seed28,0.35,10,28,0.49149999999999994,0.6283870967741936,0.6266634327754871,0.8808933002481389,0.8873271889400922,"[[872, 213], [27, 903]]"
best_seed28,0.35,10,28,0.492,0.6290322580645161,0.6272455331878082,0.8808933002481389,0.8872503840245776,"[[873, 212], [28, 902]]"
seed50_leaf8,0.35,8,50,0.5255,0.6224193548387097,0.6189263481283855,0.8808933002481389,0.8862519201228879,"[[886, 199], [41, 889]]"
seed50_leaf8,0.35,8,50,0.5265,0.6217741935483871,0.6181987226129841,0.8808933002481389,0.886021505376344,"[[889, 196], [44, 886]]"
best_seed28,0.35,10,28,0.5065,0.6291935483870967,0.6264289756649689,0.8808933002481389,0.8859447004608295,"[[890, 195], [45, 885]]"
best_seed28,0.35,10,28,0.507,0.6287096774193548,0.6259196378041879,0.8808933002481389,0.8859447004608295,"[[890, 195], [45, 885]]"
best_seed198,0.35,8,198,0.5215,0.6208064516129033,0.6171962163473199,0.8808933002481389,0.885867895545315,"[[891, 194], [46, 884]]"
best_seed198,0.35,8,198,0.5225,0.6203225806451613,0.6166545395747434,0.8808933002481389,0.8857910906298003,"[[892, 193], [47, 883]]"
seed50_leaf8,0.35,8,50,0.494,0.6237096774193548,0.6225644757053925,0.8803970223325062,0.8884792626728111,"[[850, 235], [6, 924]]"
seed50_leaf8,0.35,8,50,0.49449999999999994,0.6240322580645161,0.6228393564556552,0.8803970223325062,0.8884024577572964,"[[851, 234], [7, 923]]"
seed50_leaf8,0.35,8,50,0.49461990937637257,0.6241935483870967,0.6229929662866844,0.8803970223325062,0.8884024577572964,"[[851, 234], [7, 923]]"
best_seed198,0.35,8,198,0.48992195580776765,0.6241935483870967,0.6230253051984801,0.8803970223325062,0.8880184331797235,"[[856, 229], [12, 918]]"
best_seed198,0.35,8,198,0.514,0.6224193548387097,0.6193629234376263,0.8803970223325062,0.8861751152073734,"[[880, 205], [36, 894]]"
best_seed198,0.35,8,198,0.5217107927459972,0.6204838709677419,0.616856657773466,0.8803970223325062,0.8853302611367128,"[[891, 194], [47, 883]]"
best_seed198,0.35,8,198,0.522,0.6203225806451613,0.6166868784865389,0.8803970223325062,0.8853302611367128,"[[891, 194], [47, 883]]"
best_seed198,0.35,8,198,0.5229999999999999,0.6201612903225806,0.6164847602878163,0.8803970223325062,0.8852534562211982,"[[892, 193], [48, 882]]"
seed50_leaf8,0.35,8,50,0.49249999999999994,0.6233870967741936,0.6222734254992319,0.8799007444168735,0.8880184331797235,"[[849, 236], [6, 924]]"
seed50_leaf8,0.35,8,50,0.493,0.6233870967741936,0.6222734254992319,0.8799007444168735,0.8880184331797235,"[[849, 236], [6, 924]]"
seed50_leaf8,0.35,8,50,0.49349999999999994,0.6238709677419355,0.6227342549923195,0.8799007444168735,0.8880184331797235,"[[849, 236], [6, 924]]"
best_seed198,0.35,8,198,0.489,0.6248387096774194,0.6237691001697793,0.8799007444168735,0.8875576036866359,"[[855, 230], [12, 918]]"
best_seed198,0.35,8,198,0.4895,0.6245161290322581,0.6233972026841297,0.8799007444168735,0.8875576036866359,"[[855, 230], [12, 918]]"
best_seed28,0.35,10,28,0.4885,0.6282258064516129,0.6266715175034361,0.8799007444168735,0.8865591397849463,"[[868, 217], [25, 905]]"
best_seed28,0.35,10,28,0.49249999999999994,0.6288709677419355,0.6270272455331878,0.8799007444168735,0.8861751152073734,"[[873, 212], [30, 900]]"
best_seed28,0.35,10,28,0.493,0.6296774193548387,0.6277952946883338,0.8799007444168735,0.8861751152073734,"[[873, 212], [30, 900]]"
best_seed28,0.35,10,28,0.49349999999999994,0.6295161290322581,0.6276093459455089,0.8799007444168735,0.8861751152073734,"[[873, 212], [30, 900]]"
best_seed198,0.35,8,198,0.515,0.6224193548387097,0.6192820761581372,0.8799007444168735,0.8855606758832565,"[[881, 204], [38, 892]]"
best_seed198,0.35,8,198,0.5155,0.6225806451612903,0.6194195165332687,0.8799007444168735,0.885483870967742,"[[882, 203], [39, 891]]"
best_seed198,0.35,8,198,0.5205,0.62,0.6164443366480719,0.8799007444168735,0.8850230414746544,"[[888, 197], [45, 885]]"
seed50_leaf8,0.35,8,50,0.5269999999999999,0.6220967741935484,0.618457433907349,0.8799007444168735,0.8849462365591398,"[[889, 196], [46, 884]]"
best_seed198,0.35,8,198,0.5235,0.6201612903225806,0.6164685908319185,0.8799007444168735,0.884715821812596,"[[892, 193], [49, 881]]"
best_seed198,0.35,8,198,0.524,0.6204838709677419,0.6167596410380791,0.8799007444168735,0.8846390168970815,"[[893, 192], [50, 880]]"
best_seed198,0.35,8,198,0.5299999999999999,0.62,0.6158137278680572,0.8799007444168735,0.8838709677419354,"[[903, 182], [60, 870]]"
best_seed198,0.35,8,198,0.5319999999999999,0.618225806451613,0.6139138168000646,0.8799007444168735,0.8837173579109063,"[[905, 180], [62, 868]]"
best_seed198,0.35,8,198,0.5325,0.6183870967741936,0.6140189182634004,0.8799007444168735,0.8837173579109063,"[[905, 180], [62, 868]]"
seed50_leaf8,0.35,8,50,0.492,0.6235483870967742,0.6224917131538523,0.8794044665012407,0.8875576036866359,"[[848, 237], [6, 924]]"
best_seed198,0.35,8,198,0.483,0.6254838709677419,0.624803945347239,0.8794044665012407,0.8873271889400922,"[[851, 234], [9, 921]]"
best_seed198,0.35,8,198,0.4845,0.6251612903225806,0.6244158784056917,0.8794044665012407,0.8872503840245776,"[[852, 233], [10, 920]]"
best_seed198,0.35,8,198,0.485,0.6256451612903225,0.6248443689869836,0.8794044665012407,0.8872503840245776,"[[852, 233], [10, 920]]"
best_seed28,0.35,10,28,0.488,0.6285483870967742,0.62701107607729,0.8794044665012407,0.8860983102918587,"[[867, 218], [25, 905]]"
best_seed198,0.35,8,198,0.5144749976771062,0.6225806451612903,0.6194841943568599,0.8794044665012407,0.8850998463901689,"[[880, 205], [38, 892]]"
best_seed198,0.35,8,198,0.5145,0.6225806451612903,0.6194841943568599,0.8794044665012407,0.8850998463901689,"[[880, 205], [38, 892]]"
best_seed198,0.35,8,198,0.516,0.6220967741935484,0.6188940092165898,0.8794044665012407,0.8849462365591398,"[[882, 203], [40, 890]]"
best_seed198,0.35,8,198,0.5165,0.6211290322580645,0.6178429945832322,0.8794044665012407,0.8848694316436252,"[[883, 202], [41, 889]]"
best_seed198,0.35,8,198,0.5169999999999999,0.6206451612903225,0.6173174872665534,0.8794044665012407,0.8848694316436252,"[[883, 202], [41, 889]]"
best_seed28,0.35,10,28,0.5071770634165571,0.6288709677419355,0.6260732476352171,0.8794044665012407,0.8843317972350231,"[[890, 195], [48, 882]]"
best_seed28,0.35,10,28,0.5075,0.6288709677419355,0.6260570781793193,0.8794044665012407,0.8842549923195084,"[[891, 194], [49, 881]]"
best_seed28,0.35,10,28,0.5085,0.6280645161290322,0.6251920122887864,0.8794044665012407,0.8841781874039939,"[[892, 193], [50, 880]]"
best_seed198,0.35,8,198,0.5245,0.6203225806451613,0.6165575228393565,0.8794044665012407,0.8841013824884792,"[[893, 192], [51, 879]]"
best_seed198,0.35,8,198,0.5249999999999999,0.6212903225806452,0.6174791818255316,0.8794044665012407,0.8841013824884792,"[[893, 192], [51, 879]]"
seed50_leaf8,0.35,8,50,0.5285,0.6219354838709678,0.6182391462527286,0.8794044665012407,0.8841013824884792,"[[893, 192], [51, 879]]"
best_seed28,0.35,10,28,0.5095,0.6274193548387097,0.6244482173174872,0.8794044665012407,0.8840245775729647,"[[894, 191], [52, 878]]"
best_seed198,0.35,8,198,0.5265382573447482,0.6198387096774194,0.6159026598754952,0.8794044665012407,0.8839477726574501,"[[895, 190], [53, 877]]"
best_seed198,0.35,8,198,0.5295,0.62,0.6158137278680572,0.8794044665012407,0.883410138248848,"[[902, 183], [60, 870]]"
best_seed198,0.35,8,198,0.5305,0.6195161290322581,0.6153043900072762,0.8794044665012407,0.8833333333333333,"[[903, 182], [61, 869]]"
best_seed198,0.35,8,198,0.5309999999999999,0.6191935483870967,0.6149648314334222,0.8794044665012407,0.8832565284178188,"[[904, 181], [62, 868]]"
best_seed198,0.35,8,198,0.5315,0.6185483870967742,0.6142695448298164,0.8794044665012407,0.8832565284178188,"[[904, 181], [62, 868]]"
best_seed198,0.35,8,198,0.5327172469764196,0.6185483870967742,0.614140189182634,0.8794044665012407,0.8831797235023042,"[[905, 180], [63, 867]]"
best_seed198,0.35,8,198,0.5329999999999999,0.6180645161290322,0.613630851321853,0.8794044665012407,0.8831797235023042,"[[905, 180], [63, 867]]"
best_seed198,0.35,8,198,0.5339999999999999,0.6170967741935484,0.6125474977766998,0.8794044665012407,0.8830261136712749,"[[907, 178], [65, 865]]"
best_seed198,0.35,8,198,0.5345,0.6170967741935484,0.612531328320802,0.8794044665012407,0.8828725038402458,"[[909, 176], [67, 863]]"
seed50_leaf8,0.35,8,50,0.491,0.6240322580645161,0.6230657288382246,0.8789081885856079,0.8871735791090629,"[[846, 239], [5, 925]]"
seed50_leaf8,0.35,8,50,0.49149999999999994,0.6238709677419355,0.6228797800953998,0.8789081885856079,0.8870967741935484,"[[847, 238], [6, 924]]"
best_seed198,0.35,8,198,0.481,0.6254838709677419,0.6249009620826259,0.8789081885856079,0.8869431643625192,"[[849, 236], [8, 922]]"
best_seed198,0.35,8,198,0.4815,0.6254838709677419,0.6249009620826259,0.8789081885856079,0.8869431643625192,"[[849, 236], [8, 922]]"
best_seed198,0.35,8,198,0.4835,0.6253225806451613,0.6246179966044143,0.8789081885856079,0.88678955453149,"[[851, 234], [10, 920]]"
best_seed198,0.35,8,198,0.484,0.6251612903225806,0.6244158784056917,0.8789081885856079,0.88678955453149,"[[851, 234], [10, 920]]"
best_seed198,0.35,8,198,0.4855,0.6254838709677419,0.6246584202441587,0.8789081885856079,0.8867127496159755,"[[852, 233], [11, 919]]"
best_seed198,0.35,8,198,0.486,0.6258064516129033,0.6249494704503193,0.8789081885856079,0.8867127496159755,"[[852, 233], [11, 919]]"
best_seed198,0.35,8,198,0.4865,0.6254838709677419,0.6245937424205676,0.8789081885856079,0.8867127496159755,"[[852, 233], [11, 919]]"
best_seed198,0.35,8,198,0.487,0.6256451612903225,0.6247150133398011,0.8789081885856079,0.8867127496159755,"[[852, 233], [11, 919]]"
best_seed198,0.35,8,198,0.488,0.6248387096774194,0.6238014390815749,0.8789081885856079,0.8866359447004608,"[[853, 232], [12, 918]]"
best_seed198,0.35,8,198,0.4885,0.6246774193548387,0.6236154903387501,0.8789081885856079,0.8866359447004608,"[[853, 232], [12, 918]]"
best_seed28,0.35,10,28,0.4865,0.6282258064516129,0.6267523647829251,0.8789081885856079,0.8857910906298003,"[[864, 221], [23, 907]]"
best_seed28,0.35,10,28,0.4875,0.6287096774193548,0.627180855364217,0.8789081885856079,0.8856374807987711,"[[866, 219], [25, 905]]"
best_seed198,0.35,8,198,0.5195,0.6201612903225806,0.6166302853908966,0.8789081885856079,0.8841781874039938,"[[885, 200], [44, 886]]"
best_seed198,0.35,8,198,0.52,0.6201612903225806,0.6166302853908966,0.8789081885856079,0.8841781874039938,"[[885, 200], [44, 886]]"
seed50_leaf8,0.35,8,50,0.5275,0.6224193548387097,0.6187646535694074,0.8789081885856079,0.8838709677419354,"[[889, 196], [48, 882]]"
best_seed28,0.35,10,28,0.508,0.6282258064516129,0.6253779610316113,0.8789081885856079,0.8837173579109063,"[[891, 194], [50, 880]]"
best_seed198,0.35,8,198,0.5255,0.6208064516129033,0.6169536745088527,0.8789081885856079,0.883563748079877,"[[893, 192], [52, 878]]"
best_seed198,0.35,8,198,0.526,0.6201612903225806,0.6162745573611448,0.8789081885856079,0.883563748079877,"[[893, 192], [52, 878]]"
best_seed198,0.35,8,198,0.5265,0.6198387096774194,0.6159026598754952,0.8789081885856079,0.8834869431643625,"[[894, 191], [53, 877]]"
seed50_leaf8,0.35,8,50,0.5295,0.6217741935483871,0.6179561807745169,0.8789081885856079,0.8834869431643625,"[[894, 191], [53, 877]]"
best_seed198,0.35,8,198,0.5269999999999999,0.6195161290322581,0.6155145929339478,0.8789081885856079,0.883410138248848,"[[895, 190], [54, 876]]"
best_seed198,0.35,8,198,0.5335,0.6175806451612903,0.6130730050933786,0.8789081885856079,0.882642089093702,"[[905, 180], [64, 866]]"
best_seed198,0.35,8,198,0.4805,0.6248387096774194,0.624302692214407,0.8784119106699751,0.8864823348694317,"[[848, 237], [8, 922]]"
best_seed198,0.35,8,198,0.482,0.6254838709677419,0.6248686231708303,0.8784119106699751,0.8864055299539171,"[[849, 236], [9, 921]]"
best_seed198,0.35,8,198,0.4823045815191351,0.6253225806451613,0.6246826744280055,0.8784119106699751,0.8864055299539171,"[[849, 236], [9, 921]]"
best_seed198,0.35,8,198,0.4825,0.6253225806451613,0.6246826744280055,0.8784119106699751,0.8864055299539171,"[[849, 236], [9, 921]]"
best_seed198,0.35,8,198,0.4875,0.6254838709677419,0.6245128951410786,0.8784119106699751,0.8861751152073732,"[[852, 233], [12, 918]]"
best_seed28,0.35,10,28,0.486,0.6282258064516129,0.6267847036947207,0.8784119106699751,0.8853302611367126,"[[863, 222], [23, 907]]"
best_seed28,0.35,10,28,0.4866705842561824,0.6283870967741936,0.6269059746139543,0.8784119106699751,0.8852534562211982,"[[864, 221], [24, 906]]"
best_seed198,0.35,8,198,0.5189223998488793,0.62,0.6165090144716631,0.8784119106699751,0.8837173579109063,"[[884, 201], [44, 886]]"
best_seed198,0.35,8,198,0.5189999999999999,0.6198387096774194,0.6163392351847361,0.8784119106699751,0.8837173579109063,"[[884, 201], [44, 886]]"
seed50_leaf8,0.35,8,50,0.5275346041996837,0.6224193548387097,0.6187646535694074,0.8784119106699751,0.8833333333333333,"[[889, 196], [49, 881]]"
seed50_leaf8,0.35,8,50,0.528,0.6224193548387097,0.6187646535694074,0.8784119106699751,0.8831797235023042,"[[891, 194], [51, 879]]"
best_seed28,0.35,10,28,0.509,0.6275806451612903,0.6246665049721076,0.8784119106699751,0.8831029185867896,"[[892, 193], [52, 878]]"
seed50_leaf8,0.35,8,50,0.5289999999999999,0.6222580645161291,0.6185301964588892,0.8784119106699751,0.8830261136712749,"[[893, 192], [53, 877]]"
best_seed28,0.35,10,28,0.509818252853015,0.6274193548387097,0.6244482173174872,0.8784119106699751,0.8829493087557603,"[[894, 191], [54, 876]]"
seed50_leaf8,0.35,8,50,0.5296489878848218,0.6216129032258064,0.6177864014875899,0.8784119106699751,0.8829493087557603,"[[894, 191], [54, 876]]"
best_seed198,0.35,8,198,0.5275,0.6198387096774194,0.6157733042283127,0.8784119106699751,0.8827956989247312,"[[896, 189], [56, 874]]"
seed50_leaf8,0.35,8,50,0.5299999999999999,0.6216129032258064,0.6177378931198965,0.8784119106699751,0.8827956989247312,"[[896, 189], [56, 874]]"
best_seed28,0.35,10,28,0.512,0.6282258064516129,0.6251030802813485,0.8784119106699751,0.8827188940092165,"[[897, 188], [57, 873]]"
best_seed198,0.35,8,198,0.5345616087424421,0.6169354838709677,0.612361549033875,0.8784119106699751,0.8817972350230414,"[[909, 176], [69, 861]]"
best_seed198,0.35,8,198,0.479,0.6259677419354839,0.625571994502385,0.8779156327543425,0.8860983102918587,"[[846, 239], [7, 923]]"
best_seed198,0.35,8,198,0.4795,0.6256451612903225,0.6252162664726332,0.8779156327543425,0.8860983102918587,"[[846, 239], [7, 923]]"
best_seed198,0.35,8,198,0.48,0.6248387096774194,0.6243673700379981,0.8779156327543425,0.8860983102918587,"[[846, 239], [7, 923]]"
best_seed28,0.35,10,28,0.4845,0.6283870967741936,0.6270353302611367,0.8779156327543425,0.8849462365591398,"[[861, 224], [22, 908]]"
best_seed28,0.35,10,28,0.485,0.6282258064516129,0.6268493815183119,0.8779156327543425,0.8849462365591398,"[[861, 224], [22, 908]]"
best_seed28,0.35,10,28,0.4855,0.6282258064516129,0.6268008731506185,0.8779156327543425,0.8849462365591398,"[[861, 224], [22, 908]]"
best_seed28,0.35,10,28,0.487,0.6285483870967742,0.6270434149890856,0.8779156327543425,0.884715821812596,"[[864, 221], [25, 905]]"
best_seed198,0.35,8,198,0.5175,0.6206451612903225,0.6172528094429622,0.8779156327543425,0.8832565284178187,"[[883, 202], [44, 886]]"
best_seed198,0.35,8,198,0.518,0.6203225806451613,0.6168647425014149,0.8779156327543425,0.8832565284178187,"[[883, 202], [44, 886]]"
best_seed198,0.35,8,198,0.5185,0.62,0.6165251839275608,0.8779156327543425,0.8832565284178187,"[[883, 202], [44, 886]]"
best_seed28,0.35,10,28,0.51,0.6274193548387097,0.6244320478615895,0.8779156327543425,0.8824116743471582,"[[894, 191], [55, 875]]"
best_seed28,0.35,10,28,0.5105,0.6275806451612903,0.6245694882367208,0.8779156327543425,0.8824116743471582,"[[894, 191], [55, 875]]"
seed50_leaf8,0.35,8,50,0.5305,0.6212903225806452,0.6173821650901448,0.8779156327543425,0.8822580645161291,"[[896, 189], [57, 873]]"
best_seed28,0.35,10,28,0.5125,0.6285483870967742,0.6254102999434069,0.8779156327543425,0.8821812596006144,"[[897, 188], [58, 872]]"
best_seed28,0.35,10,28,0.513,0.6274193548387097,0.6242056754790202,0.8779156327543425,0.8821044546850998,"[[898, 187], [59, 871]]"
best_seed198,0.35,8,198,0.5289999999999999,0.6198387096774194,0.6156762874929259,0.8779156327543425,0.8820276497695853,"[[899, 186], [60, 870]]"
best_seed198,0.35,8,198,0.5349999999999999,0.6166129032258064,0.6120058210041233,0.8779156327543425,0.8811827956989248,"[[910, 175], [71, 859]]"
seed50_leaf8,0.35,8,50,0.4895,0.625,0.6241814212951734,0.8774193548387097,0.8857910906298003,"[[843, 242], [5, 925]]"
seed50_leaf8,0.35,8,50,0.4898957055147614,0.6253225806451613,0.624472471501334,0.8774193548387097,0.8857910906298003,"[[843, 242], [5, 925]]"
seed50_leaf8,0.35,8,50,0.49,0.6248387096774194,0.623963133640553,0.8774193548387097,0.8857910906298003,"[[843, 242], [5, 925]]"
seed50_leaf8,0.35,8,50,0.49049999999999994,0.6245161290322581,0.6236074056108012,0.8774193548387097,0.8857910906298003,"[[843, 242], [5, 925]]"
best_seed28,0.35,10,28,0.48340688764410567,0.6287096774193548,0.6274395666585819,0.8774193548387097,0.8846390168970815,"[[858, 227], [20, 910]]"
best_seed28,0.35,10,28,0.4835,0.6288709677419355,0.6275931764896112,0.8774193548387097,0.8846390168970815,"[[858, 227], [20, 910]]"
best_seed28,0.35,10,28,0.484,0.6283870967741936,0.6270838386288302,0.8774193548387097,0.8844854070660522,"[[860, 225], [22, 908]]"
best_seed28,0.35,10,28,0.511,0.6277419354838709,0.6246907591559544,0.8774193548387097,0.8818740399385561,"[[894, 191], [56, 874]]"
best_seed28,0.35,10,28,0.5115,0.6280645161290322,0.6249656399062171,0.8774193548387097,0.8817972350230414,"[[895, 190], [57, 873]]"
seed50_leaf8,0.35,8,50,0.5309999999999999,0.6211290322580645,0.6171962163473199,0.8774193548387097,0.8817204301075269,"[[896, 189], [58, 872]]"
best_seed28,0.35,10,28,0.5135,0.6275806451612903,0.6243107769423559,0.8774193548387097,0.8815668202764977,"[[898, 187], [60, 870]]"
best_seed28,0.35,10,28,0.5135452477195032,0.6275806451612903,0.6242946074864582,0.8774193548387097,0.8815668202764977,"[[898, 187], [60, 870]]"
best_seed28,0.35,10,28,0.514,0.6277419354838709,0.6244158784056917,0.8774193548387097,0.8815668202764977,"[[898, 187], [60, 870]]"
best_seed198,0.35,8,198,0.5283979884852015,0.6201612903225806,0.6160643544344733,0.8774193548387097,0.8815668202764977,"[[898, 187], [60, 870]]"
best_seed198,0.35,8,198,0.5285,0.62,0.6158945751475463,0.8774193548387097,0.8815668202764977,"[[898, 187], [60, 870]]"
best_seed28,0.35,10,28,0.5145,0.6274193548387097,0.624043980920042,0.8774193548387097,0.8814900153609831,"[[899, 186], [61, 869]]"
best_seed198,0.35,8,198,0.5355,0.6166129032258064,0.6119896515482255,0.8774193548387097,0.8806451612903226,"[[910, 175], [72, 858]]"
best_seed198,0.35,8,198,0.536539387306046,0.6158064516129033,0.611092246745897,0.8774193548387097,0.8804147465437788,"[[913, 172], [75, 855]]"
best_seed198,0.35,8,198,0.5369999999999999,0.6156451612903225,0.6108901285471744,0.8774193548387097,0.8804147465437788,"[[913, 172], [75, 855]]"
seed50_leaf8,0.35,8,50,0.489,0.6251612903225806,0.6243673700379981,0.8769230769230769,0.8853302611367128,"[[842, 243], [5, 925]]"
best_seed198,0.35,8,198,0.4785,0.6262903225806452,0.6259115530762389,0.8769230769230769,0.8851766513056836,"[[844, 241], [7, 923]]"
best_seed28,0.35,10,28,0.4825,0.6280645161290322,0.6268736357021586,0.8769230769230769,0.8842549923195084,"[[856, 229], [19, 911]]"
best_seed28,0.35,10,28,0.483,0.6288709677419355,0.6276255154014068,0.8769230769230769,0.8842549923195084,"[[856, 229], [19, 911]]"
best_seed198,0.35,8,198,0.528,0.6201612903225806,0.6160643544344733,0.8769230769230769,0.8811827956989247,"[[896, 189], [59, 871]]"
seed50_leaf8,0.35,8,50,0.5315,0.6208064516129033,0.6168243188616703,0.8769230769230769,0.8811059907834101,"[[897, 188], [60, 870]]"
best_seed28,0.35,10,28,0.515,0.6279032258064516,0.6245048104131297,0.8769230769230769,0.8809523809523809,"[[899, 186], [62, 868]]"
best_seed28,0.35,10,28,0.5155,0.6274193548387097,0.6239793030964509,0.8769230769230769,0.8807987711213517,"[[901, 184], [64, 866]]"
best_seed28,0.35,10,28,0.5165,0.6275806451612903,0.6240844045597865,0.8769230769230769,0.8807219662058372,"[[902, 183], [65, 865]]"
best_seed198,0.35,8,198,0.5359999999999999,0.6159677419354839,0.6112943649446196,0.8769230769230769,0.8801075268817204,"[[910, 175], [73, 857]]"
best_seed198,0.35,8,198,0.5365,0.6158064516129033,0.611092246745897,0.8769230769230769,0.8799539170506911,"[[912, 173], [75, 855]]"
seed50_leaf8,0.35,8,50,0.488,0.6253225806451613,0.6245856576926186,0.8764267990074441,0.8848694316436252,"[[841, 244], [5, 925]]"
seed50_leaf8,0.35,8,50,0.4885,0.6251612903225806,0.6243997089497939,0.8764267990074441,0.8848694316436252,"[[841, 244], [5, 925]]"
best_seed198,0.35,8,198,0.478,0.6264516129032258,0.6261136712749615,0.8764267990074441,0.884715821812596,"[[843, 242], [7, 923]]"
best_seed28,0.35,10,28,0.482,0.6282258064516129,0.6270595844449833,0.8764267990074441,0.883794162826421,"[[855, 230], [19, 911]]"
seed50_leaf8,0.35,8,50,0.5317905577980203,0.6206451612903225,0.6166383701188455,0.8764267990074441,0.880568356374808,"[[897, 188], [61, 869]]"
best_seed28,0.35,10,28,0.516,0.6270967741935484,0.6236397445225969,0.8764267990074441,0.8802611367127495,"[[901, 184], [65, 865]]"
best_seed28,0.35,10,28,0.5166898034605941,0.627258064516129,0.6237448459859325,0.8764267990074441,0.8801843317972351,"[[902, 183], [66, 864]]"
best_seed28,0.35,10,28,0.5169999999999999,0.6270967741935484,0.6235750666990055,0.8764267990074441,0.8801843317972351,"[[902, 183], [66, 864]]"
seed50_leaf8,0.35,8,50,0.534858436756415,0.6196774193548387,0.615506508205999,0.8764267990074441,0.8801843317972351,"[[902, 183], [66, 864]]"
seed50_leaf8,0.35,8,50,0.5349999999999999,0.6196774193548387,0.615506508205999,0.8764267990074441,0.8801075268817204,"[[903, 182], [67, 863]]"
best_seed198,0.35,8,198,0.5375,0.6154838709677419,0.6107041798043495,0.8764267990074441,0.8793394777265745,"[[913, 172], [77, 853]]"
best_seed28,0.35,10,28,0.524,0.6235483870967742,0.6193548387096774,0.8764267990074441,0.87926267281106,"[[914, 171], [78, 852]]"
seed50_leaf8,0.35,8,50,0.4875,0.6254838709677419,0.6247554369795456,0.8759305210918115,0.8844086021505376,"[[840, 245], [5, 925]]"
best_seed198,0.35,8,198,0.4775,0.6264516129032258,0.6261621796426551,0.8759305210918115,0.8842549923195084,"[[842, 243], [7, 923]]"
best_seed28,0.35,10,28,0.4815,0.6283870967741936,0.6272455331878082,0.8759305210918115,0.8833333333333333,"[[854, 231], [19, 911]]"
seed50_leaf8,0.35,8,50,0.5319999999999999,0.6206451612903225,0.6166383701188455,0.8759305210918115,0.8800307219662058,"[[897, 188], [62, 868]]"
best_seed28,0.35,10,28,0.5175,0.6266129032258064,0.6230657288382246,0.8759305210918115,0.8795698924731183,"[[903, 182], [68, 862]]"
best_seed28,0.35,10,28,0.518,0.6256451612903225,0.6220308836607649,0.8759305210918115,0.8795698924731183,"[[903, 182], [68, 862]]"
best_seed28,0.35,10,28,0.5185,0.6254838709677419,0.6218287654620422,0.8759305210918115,0.8794930875576037,"[[904, 181], [69, 861]]"
seed50_leaf8,0.35,8,50,0.5365,0.6190322580645161,0.6146980354111085,0.8759305210918115,0.8794930875576037,"[[904, 181], [69, 861]]"
seed50_leaf8,0.35,8,50,0.5369999999999999,0.6188709677419355,0.6144959172123858,0.8759305210918115,0.879416282642089,"[[905, 180], [70, 860]]"
best_seed28,0.35,10,28,0.5229999999999999,0.6240322580645161,0.6199126849381518,0.8759305210918115,0.8788786482334869,"[[912, 173], [77, 853]]"
best_seed28,0.35,10,28,0.5235,0.6235483870967742,0.619387177621473,0.8759305210918115,0.8788018433179723,"[[913, 172], [78, 852]]"
best_seed198,0.35,8,198,0.476,0.6277419354838709,0.6275527528498666,0.8754342431761787,0.8837941628264209,"[[841, 244], [7, 923]]"
best_seed198,0.35,8,198,0.4765,0.6274193548387097,0.6271970248201149,0.8754342431761787,0.8837941628264209,"[[841, 244], [7, 923]]"
best_seed198,0.35,8,198,0.47652750621375073,0.627258064516129,0.6270272455331878,0.8754342431761787,0.8837941628264209,"[[841, 244], [7, 923]]"
best_seed198,0.35,8,198,0.477,0.6270967741935484,0.626841296790363,0.8754342431761787,0.8837941628264209,"[[841, 244], [7, 923]]"
best_seed28,0.35,10,28,0.479,0.6282258064516129,0.6272536179157571,0.8754342431761787,0.8829493087557603,"[[852, 233], [18, 912]]"
best_seed28,0.35,10,28,0.4795,0.6277419354838709,0.6267442800549762,0.8754342431761787,0.8829493087557603,"[[852, 233], [18, 912]]"
best_seed28,0.35,10,28,0.48,0.6280645161290322,0.6270353302611367,0.8754342431761787,0.8828725038402458,"[[853, 232], [19, 911]]"
best_seed28,0.35,10,28,0.4805,0.6280645161290322,0.6269868218934433,0.8754342431761787,0.8828725038402458,"[[853, 232], [19, 911]]"
best_seed28,0.35,10,28,0.481,0.6282258064516129,0.6271242622685747,0.8754342431761787,0.8828725038402458,"[[853, 232], [19, 911]]"
seed50_leaf8,0.35,8,50,0.5325,0.6206451612903225,0.6166222006629477,0.8754342431761787,0.8794930875576037,"[[897, 188], [63, 867]]"
seed50_leaf8,0.35,8,50,0.5335,0.6201612903225806,0.616080523890371,0.8754342431761787,0.879416282642089,"[[898, 187], [64, 866]]"
seed50_leaf8,0.35,8,50,0.5339999999999999,0.62,0.6159107446034441,0.8754342431761787,0.8793394777265745,"[[899, 186], [65, 865]]"
seed50_leaf8,0.35,8,50,0.5345,0.6198387096774194,0.6156762874929259,0.8754342431761787,0.87926267281106,"[[900, 185], [66, 864]]"
seed50_leaf8,0.35,8,50,0.5355,0.6198387096774194,0.6156277791252325,0.8754342431761787,0.8790322580645161,"[[903, 182], [69, 861]]"
seed50_leaf8,0.35,8,50,0.5359999999999999,0.6195161290322581,0.615239712183685,0.8754342431761787,0.8790322580645161,"[[903, 182], [69, 861]]"
seed50_leaf8,0.35,8,50,0.5375,0.6188709677419355,0.6144474088446924,0.8754342431761787,0.8788786482334869,"[[905, 180], [71, 859]]"
best_seed28,0.35,10,28,0.5199885644235688,0.6241935483870967,0.6203896838871372,0.8754342431761787,0.8788018433179723,"[[906, 179], [72, 858]]"
best_seed28,0.35,10,28,0.52,0.6241935483870967,0.6203896838871372,0.8754342431761787,0.8788018433179723,"[[906, 179], [72, 858]]"
seed50_leaf8,0.35,8,50,0.5377834460265192,0.6190322580645161,0.6145848492198238,0.8754342431761787,0.8788018433179723,"[[906, 179], [72, 858]]"
best_seed28,0.35,10,28,0.5227090556072865,0.6245161290322581,0.6204543617107284,0.8754342431761787,0.8784178187403995,"[[911, 174], [77, 853]]"
best_seed198,0.35,8,198,0.5399999999999999,0.6159677419354839,0.6110194841943568,0.8754342431761787,0.8779569892473118,"[[917, 168], [83, 847]]"
seed50_leaf8,0.35,8,50,0.487,0.625,0.6243269463982537,0.8749379652605459,0.8834869431643626,"[[838, 247], [5, 925]]"
best_seed198,0.35,8,198,0.4755,0.6280645161290322,0.6278923114237206,0.8749379652605459,0.8833333333333333,"[[840, 245], [7, 923]]"
seed50_leaf8,0.35,8,50,0.5329999999999999,0.6203225806451613,0.6162664726331959,0.8749379652605459,0.8789554531490016,"[[897, 188], [64, 866]]"
best_seed28,0.35,10,28,0.5189999999999999,0.625,0.6213032581453635,0.8749379652605459,0.8784178187403995,"[[904, 181], [71, 859]]"
seed50_leaf8,0.35,8,50,0.5379999999999999,0.6188709677419355,0.6144150699328967,0.8749379652605459,0.8782642089093702,"[[906, 179], [73, 857]]"
best_seed28,0.35,10,28,0.5225,0.6245161290322581,0.6204705311666263,0.8749379652605459,0.8779569892473118,"[[910, 175], [77, 853]]"
seed50_leaf8,0.35,8,50,0.5409999999999999,0.6195161290322581,0.6148839841539332,0.8749379652605459,0.8779569892473118,"[[910, 175], [77, 853]]"
best_seed28,0.35,10,28,0.5245,0.6232258064516129,0.6189991106799256,0.8749379652605459,0.8776497695852534,"[[914, 171], [81, 849]]"
best_seed28,0.35,10,28,0.5249999999999999,0.6240322580645161,0.6197671598350716,0.8749379652605459,0.8776497695852534,"[[914, 171], [81, 849]]"
best_seed198,0.35,8,198,0.5395,0.6158064516129033,0.6108820438192255,0.8749379652605459,0.8775729646697389,"[[915, 170], [82, 848]]"
seed50_leaf8,0.35,8,50,0.4865,0.6254838709677419,0.6248524537149325,0.8744416873449131,0.8830261136712749,"[[837, 248], [5, 925]]"
best_seed28,0.35,10,28,0.4775,0.6279032258064516,0.6270595844449833,0.8744416873449131,0.8821812596006144,"[[848, 237], [16, 914]]"
best_seed28,0.35,10,28,0.4784258831057829,0.6283870967741936,0.6274557361144797,0.8744416873449131,0.8820276497695853,"[[850, 235], [18, 912]]"
best_seed28,0.35,10,28,0.4785,0.6283870967741936,0.6274395666585819,0.8744416873449131,0.8820276497695853,"[[850, 235], [18, 912]]"
best_seed28,0.35,10,28,0.5195,0.6248387096774194,0.621084970490743,0.8744416873449131,0.8778801843317973,"[[904, 181], [72, 858]]"
seed50_leaf8,0.35,8,50,0.5385,0.6188709677419355,0.614398900476999,0.8744416873449131,0.8777265745007681,"[[906, 179], [74, 856]]"
best_seed28,0.35,10,28,0.5209999999999999,0.6235483870967742,0.619645888915838,0.8744416873449131,0.8776497695852534,"[[907, 178], [75, 855]]"
seed50_leaf8,0.35,8,50,0.5389999999999999,0.6183870967741936,0.6138572237044224,0.8744416873449131,0.8776497695852534,"[[907, 178], [75, 855]]"
seed50_leaf8,0.35,8,50,0.5395,0.6188709677419355,0.6143018837416121,0.8744416873449131,0.8776497695852534,"[[907, 178], [75, 855]]"
best_seed28,0.35,10,28,0.5215,0.6241935483870967,0.6202118198722613,0.8744416873449131,0.8775729646697389,"[[908, 177], [76, 854]]"
best_seed28,0.35,10,28,0.522,0.6245161290322581,0.6205028700784219,0.8744416873449131,0.8774961597542243,"[[909, 176], [77, 853]]"
seed50_leaf8,0.35,8,50,0.5410465642811554,0.6193548387096774,0.6147142048670062,0.8744416873449131,0.8774193548387097,"[[910, 175], [78, 852]]"
best_seed198,0.35,8,198,0.5379999999999999,0.6156451612903225,0.610841620179481,0.8744416873449131,0.877188940092166,"[[913, 172], [81, 849]]"
best_seed198,0.35,8,198,0.5385,0.6156451612903225,0.6107769423558898,0.8744416873449131,0.877188940092166,"[[913, 172], [81, 849]]"
best_seed198,0.35,8,198,0.5389999999999999,0.6156451612903225,0.6107446034440941,0.8744416873449131,0.877188940092166,"[[913, 172], [81, 849]]"
best_seed28,0.35,10,28,0.5255,0.6233870967741936,0.6190880426873635,0.8744416873449131,0.8771121351766513,"[[914, 171], [82, 848]]"
best_seed28,0.35,10,28,0.526,0.622741935483871,0.6183927560837578,0.8744416873449131,0.8771121351766513,"[[914, 171], [82, 848]]"
seed50_leaf8,0.35,8,50,0.5449999999999999,0.6191935483870967,0.6142695448298165,0.8744416873449131,0.8771121351766513,"[[914, 171], [82, 848]]"
best_seed198,0.35,8,198,0.5395263585863056,0.6156451612903225,0.6107122645322984,0.8744416873449131,0.8770353302611367,"[[915, 170], [83, 847]]"
seed50_leaf8,0.35,8,50,0.486,0.6254838709677419,0.6248686231708303,0.8739454094292805,0.8825652841781875,"[[836, 249], [5, 925]]"
best_seed198,0.35,8,198,0.4745,0.6288709677419355,0.6287573773142534,0.8739454094292805,0.8824116743471582,"[[838, 247], [7, 923]]"
best_seed198,0.35,8,198,0.475,0.6283870967741936,0.6282318699975746,0.8739454094292805,0.8824116743471582,"[[838, 247], [7, 923]]"
best_seed28,0.35,10,28,0.473,0.6283870967741936,0.6278276336001294,0.8739454094292805,0.8820276497695853,"[[843, 242], [12, 918]]"
best_seed28,0.35,10,28,0.4735,0.6282258064516129,0.627609345945509,0.8739454094292805,0.8819508448540707,"[[844, 241], [13, 917]]"
best_seed28,0.35,10,28,0.4745,0.6275806451612903,0.6268978898860054,0.8739454094292805,0.8818740399385561,"[[845, 240], [14, 916]]"
best_seed28,0.35,10,28,0.477,0.6279032258064516,0.627091923356779,0.8739454094292805,0.8817204301075269,"[[847, 238], [16, 914]]"
best_seed28,0.35,10,28,0.478,0.6282258064516129,0.6273344651952462,0.8739454094292805,0.8815668202764977,"[[849, 236], [18, 912]]"
best_seed28,0.35,10,28,0.5205,0.6240322580645161,0.6201875656884146,0.8739454094292805,0.8771889400921659,"[[906, 179], [75, 855]]"
seed50_leaf8,0.35,8,50,0.5399999999999999,0.6190322580645161,0.6144393241167434,0.8739454094292805,0.8770353302611367,"[[908, 177], [77, 853]]"
seed50_leaf8,0.35,8,50,0.5405,0.6195161290322581,0.6148839841539332,0.8739454094292805,0.8770353302611367,"[[908, 177], [77, 853]]"
seed50_leaf8,0.35,8,50,0.5429999999999999,0.6196774193548387,0.6148920688818822,0.8739454094292805,0.8767281105990783,"[[912, 173], [81, 849]]"
seed50_leaf8,0.35,8,50,0.5439999999999999,0.6195161290322581,0.6146737812272617,0.8739454094292805,0.8766513056835638,"[[913, 172], [82, 848]]"
seed50_leaf8,0.35,8,50,0.5445,0.6191935483870967,0.6143180531975099,0.8739454094292805,0.8766513056835638,"[[913, 172], [82, 848]]"
seed50_leaf8,0.35,8,50,0.5455,0.6187096774193548,0.6137440375131377,0.8739454094292805,0.8765745007680492,"[[914, 171], [83, 847]]"
best_seed28,0.35,10,28,0.5269999999999999,0.6230645161290322,0.6186352979222249,0.8739454094292805,0.8764208909370199,"[[916, 169], [85, 845]]"
best_seed28,0.35,10,28,0.5275,0.6232258064516129,0.6187565688414585,0.8739454094292805,0.8762672811059908,"[[918, 167], [87, 843]]"
best_seed28,0.35,10,28,0.528,0.6233870967741936,0.6188940092165899,0.8739454094292805,0.8761904761904762,"[[919, 166], [88, 842]]"
best_seed28,0.35,10,28,0.5285,0.6233870967741936,0.6188616703047942,0.8739454094292805,0.8761904761904762,"[[919, 166], [88, 842]]"
best_seed28,0.35,10,28,0.5288031337368937,0.6230645161290322,0.6184897728191446,0.8739454094292805,0.8761904761904762,"[[919, 166], [88, 842]]"
best_seed198,0.35,8,198,0.474,0.6282258064516129,0.6281591074460344,0.8734491315136477,0.8819508448540707,"[[837, 248], [7, 923]]"
best_seed28,0.35,10,28,0.474,0.6279032258064516,0.6272536179157571,0.8734491315136477,0.8814132104454686,"[[844, 241], [14, 916]]"
best_seed28,0.35,10,28,0.47418591009715183,0.6277419354838709,0.6270838386288302,0.8734491315136477,0.8814132104454686,"[[844, 241], [14, 916]]"
best_seed28,0.35,10,28,0.476,0.6282258064516129,0.6274961597542243,0.8734491315136477,0.8812596006144393,"[[846, 239], [16, 914]]"
best_seed28,0.35,10,28,0.4765,0.6279032258064516,0.6271242622685747,0.8734491315136477,0.8812596006144393,"[[846, 239], [16, 914]]"
seed50_leaf8,0.35,8,50,0.5415,0.6193548387096774,0.6146980354111085,0.8734491315136477,0.8763440860215054,"[[910, 175], [80, 850]]"
seed50_leaf8,0.35,8,50,0.5435,0.6198387096774194,0.6150456787129113,0.8734491315136477,0.8761904761904762,"[[912, 173], [82, 848]]"
best_seed28,0.35,10,28,0.5264154837733885,0.6229032258064516,0.6185140270029914,0.8734491315136477,0.876036866359447,"[[914, 171], [84, 846]]"
best_seed28,0.35,10,28,0.5265,0.622741935483871,0.6183442477160643,0.8734491315136477,0.876036866359447,"[[914, 171], [84, 846]]"
seed50_leaf8,0.35,8,50,0.5459599369090805,0.6185483870967742,0.6135419193144152,0.8734491315136477,0.876036866359447,"[[914, 171], [84, 846]]"
seed50_leaf8,0.35,8,50,0.5459999999999999,0.6183870967741936,0.6133721400274881,0.8734491315136477,0.876036866359447,"[[914, 171], [84, 846]]"
best_seed198,0.35,8,198,0.5405,0.6156451612903225,0.6106314172528093,0.8734491315136477,0.8758064516129033,"[[917, 168], [87, 843]]"
best_seed28,0.35,10,28,0.5289999999999999,0.6230645161290322,0.6184897728191446,0.8734491315136477,0.8756528417818741,"[[919, 166], [89, 841]]"
best_seed198,0.35,8,198,0.5415,0.6153225806451613,0.6102110113994663,0.8734491315136477,0.8756528417818741,"[[919, 166], [89, 841]]"
seed50_leaf8,0.35,8,50,0.4855,0.6254838709677419,0.6248847926267281,0.8729528535980149,0.8816436251920123,"[[834, 251], [5, 925]]"
best_seed198,0.35,8,198,0.4725,0.6285483870967742,0.6285633438434797,0.8729528535980149,0.881490015360983,"[[836, 249], [7, 923]]"
best_seed198,0.35,8,198,0.473,0.6283870967741936,0.6283773951006548,0.8729528535980149,0.881490015360983,"[[836, 249], [7, 923]]"
best_seed198,0.35,8,198,0.4735,0.6283870967741936,0.628361225644757,0.8729528535980149,0.881490015360983,"[[836, 249], [7, 923]]"
best_seed28,0.35,10,28,0.4725,0.6288709677419355,0.6283369714609104,0.8729528535980149,0.8811059907834101,"[[841, 244], [12, 918]]"
best_seed28,0.35,10,28,0.475,0.6279032258064516,0.6272051095480637,0.8729528535980149,0.8807987711213517,"[[845, 240], [16, 914]]"
best_seed28,0.35,10,28,0.4755,0.6283870967741936,0.6276659390411512,0.8729528535980149,0.8807987711213517,"[[845, 240], [16, 914]]"
seed50_leaf8,0.35,8,50,0.5419999999999999,0.6195161290322581,0.614819306330342,0.8729528535980149,0.8758064516129033,"[[910, 175], [81, 849]]"
seed50_leaf8,0.35,8,50,0.5425,0.6191935483870967,0.6144635783005902,0.8729528535980149,0.8758064516129033,"[[910, 175], [81, 849]]"
best_seed198,0.35,8,198,0.5409999999999999,0.6159677419354839,0.6108901285471744,0.8729528535980149,0.8751920122887864,"[[918, 167], [89, 841]]"
best_seed198,0.35,8,198,0.5413503213381803,0.6154838709677419,0.6103807906863934,0.8729528535980149,0.8751920122887864,"[[918, 167], [89, 841]]"
best_seed28,0.35,10,28,0.5295,0.6225806451612903,0.6179804349583637,0.8729528535980149,0.8751152073732719,"[[919, 166], [90, 840]]"
best_seed198,0.35,8,198,0.5419999999999999,0.6151612903225806,0.6100412321125395,0.8729528535980149,0.8751152073732719,"[[919, 166], [90, 840]]"
best_seed28,0.35,10,28,0.5299999999999999,0.622741935483871,0.6180855364216994,0.8729528535980149,0.8750384024577573,"[[920, 165], [91, 839]]"
seed50_leaf8,0.35,8,50,0.4835,0.6258064516129033,0.6253213679359689,0.8724565756823821,0.8811827956989247,"[[833, 252], [5, 925]]"
seed50_leaf8,0.35,8,50,0.484,0.6254838709677419,0.6249656399062171,0.8724565756823821,0.8811827956989247,"[[833, 252], [5, 925]]"
seed50_leaf8,0.35,8,50,0.4842060914152149,0.6258064516129033,0.6252728595682755,0.8724565756823821,0.8811827956989247,"[[833, 252], [5, 925]]"
seed50_leaf8,0.35,8,50,0.4845,0.6259677419354839,0.6254264693993048,0.8724565756823821,0.8811827956989247,"[[833, 252], [5, 925]]"
seed50_leaf8,0.35,8,50,0.485,0.6254838709677419,0.6249009620826259,0.8724565756823821,0.8811827956989247,"[[833, 252], [5, 925]]"
best_seed198,0.35,8,198,0.4715,0.6288709677419355,0.6289514107850271,0.8724565756823821,0.8810291858678956,"[[835, 250], [7, 923]]"
best_seed198,0.35,8,198,0.472,0.6287096774193548,0.6287654620422023,0.8724565756823821,0.8810291858678956,"[[835, 250], [7, 923]]"
best_seed28,0.35,10,28,0.46599999999999997,0.6293548387096775,0.6292343762632387,0.8724565756823821,0.8808755760368664,"[[837, 248], [9, 921]]"
best_seed28,0.35,10,28,0.4715,0.6293548387096775,0.6288624787775892,0.8724565756823821,0.8806451612903226,"[[840, 245], [12, 918]]"
best_seed28,0.35,10,28,0.472,0.6291935483870967,0.6286765300347643,0.8724565756823821,0.8806451612903226,"[[840, 245], [12, 918]]"
seed50_leaf8,0.35,8,50,0.5465,0.6183870967741936,0.6133398011156925,0.8724565756823821,0.8749615975422427,"[[914, 171], [86, 844]]"
best_seed198,0.35,8,198,0.5425,0.6151612903225806,0.6100412321125395,0.8724565756823821,0.8745775729646696,"[[919, 166], [91, 839]]"
best_seed198,0.35,8,198,0.5429999999999999,0.615,0.6098552833697146,0.8724565756823821,0.8744239631336406,"[[921, 164], [93, 837]]"
seed50_leaf8,0.35,8,50,0.4825,0.6264516129032258,0.6260975018190638,0.8719602977667493,0.8807219662058372,"[[832, 253], [5, 925]]"
seed50_leaf8,0.35,8,50,0.483,0.6266129032258064,0.6261864338265017,0.8719602977667493,0.8807219662058372,"[[832, 253], [5, 925]]"
best_seed198,0.35,8,198,0.4705,0.63,0.6301722047053117,0.8719602977667493,0.8805683563748079,"[[834, 251], [7, 923]]"
best_seed198,0.35,8,198,0.471,0.6293548387096775,0.6294930875576037,0.8719602977667493,0.8805683563748079,"[[834, 251], [7, 923]]"
best_seed28,0.35,10,28,0.46499999999999997,0.63,0.629978171234538,0.8719602977667493,0.8804147465437788,"[[836, 249], [9, 921]]"
best_seed28,0.35,10,28,0.46549999999999997,0.6291935483870967,0.6291131053440051,0.8719602977667493,0.8804147465437788,"[[836, 249], [9, 921]]"
best_seed28,0.35,10,28,0.5305,0.6220967741935484,0.6174064192739914,0.8719602977667493,0.873963133640553,"[[920, 165], [93, 837]]"
seed50_leaf8,0.35,8,50,0.4815,0.6270967741935484,0.626841296790363,0.8714640198511167,0.8802611367127496,"[[831, 254], [5, 925]]"
seed50_leaf8,0.35,8,50,0.482,0.6269354838709678,0.6266553480475382,0.8714640198511167,0.8802611367127496,"[[831, 254], [5, 925]]"
best_seed28,0.35,10,28,0.46449999999999997,0.63,0.6299943406904358,0.8714640198511167,0.8799539170506913,"[[835, 250], [9, 921]]"
best_seed28,0.35,10,28,0.46649999999999997,0.6290322580645161,0.6288786482334869,0.8714640198511167,0.8798003072196621,"[[837, 248], [11, 919]]"
best_seed28,0.35,10,28,0.46699999999999997,0.6287096774193548,0.6284905812919395,0.8714640198511167,0.8798003072196621,"[[837, 248], [11, 919]]"
best_seed28,0.35,10,28,0.4673086698885768,0.6287096774193548,0.6284905812919395,0.8714640198511167,0.8798003072196621,"[[837, 248], [11, 919]]"
best_seed28,0.35,10,28,0.46749999999999997,0.6287096774193548,0.6284905812919395,0.8714640198511167,0.8798003072196621,"[[837, 248], [11, 919]]"
best_seed28,0.35,10,28,0.46799999999999997,0.6283870967741936,0.6281510227180855,0.8714640198511167,0.8798003072196621,"[[837, 248], [11, 919]]"
best_seed28,0.35,10,28,0.47,0.6288709677419355,0.6284663271080928,0.8714640198511167,0.8797235023041474,"[[838, 247], [12, 918]]"
best_seed28,0.35,10,28,0.4705,0.6290322580645161,0.6285875980273263,0.8714640198511167,0.8797235023041474,"[[838, 247], [12, 918]]"
best_seed28,0.35,10,28,0.471,0.6293548387096775,0.6288786482334869,0.8714640198511167,0.8797235023041474,"[[838, 247], [12, 918]]"
seed50_leaf8,0.35,8,50,0.5469999999999999,0.6180645161290322,0.6130002425418385,0.8714640198511167,0.8738863287250385,"[[914, 171], [88, 842]]"
seed50_leaf8,0.35,8,50,0.5475,0.6180645161290322,0.6130002425418385,0.8714640198511167,0.8738863287250385,"[[914, 171], [88, 842]]"
best_seed198,0.35,8,198,0.5435,0.6148387096774194,0.6096369957150942,0.8714640198511167,0.8733486943164362,"[[921, 164], [95, 835]]"
seed50_leaf8,0.35,8,50,0.4785,0.6266129032258064,0.6265421618562534,0.8709677419354839,0.8798771121351767,"[[829, 256], [4, 926]]"
seed50_leaf8,0.35,8,50,0.4805,0.6266129032258064,0.626412806209071,0.8709677419354839,0.8798003072196621,"[[830, 255], [5, 925]]"
seed50_leaf8,0.35,8,50,0.481,0.6269354838709678,0.6267038564152316,0.8709677419354839,0.8798003072196621,"[[830, 255], [5, 925]]"
best_seed28,0.35,10,28,0.46399999999999997,0.6306451612903226,0.6307219662058372,0.8709677419354839,0.8794930875576037,"[[834, 251], [9, 921]]"
best_seed28,0.35,10,28,0.46849999999999997,0.6287096774193548,0.6284582423801439,0.8709677419354839,0.87926267281106,"[[837, 248], [12, 918]]"
best_seed28,0.35,10,28,0.469,0.6291935483870967,0.6288867329614358,0.8709677419354839,0.87926267281106,"[[837, 248], [12, 918]]"
best_seed28,0.35,10,28,0.4695,0.6290322580645161,0.6286684453068154,0.8709677419354839,0.87926267281106,"[[837, 248], [12, 918]]"
best_seed198,0.35,8,198,0.5439999999999999,0.6146774193548387,0.6094510469722694,0.8709677419354839,0.872811059907834,"[[921, 164], [96, 834]]"
best_seed198,0.35,8,198,0.5441735995786438,0.614516129032258,0.6092812676853424,0.8709677419354839,0.872811059907834,"[[921, 164], [96, 834]]"
seed50_leaf8,0.35,8,50,0.4775,0.627258064516129,0.6272374484598593,0.8704714640198511,0.879416282642089,"[[828, 257], [4, 926]]"
seed50_leaf8,0.35,8,50,0.478,0.6270967741935484,0.6270514997170344,0.8704714640198511,0.879416282642089,"[[828, 257], [4, 926]]"
seed50_leaf8,0.35,8,50,0.479,0.6266129032258064,0.6265098229444579,0.8704714640198511,0.8793394777265745,"[[829, 256], [5, 925]]"
seed50_leaf8,0.35,8,50,0.4795,0.6267741935483871,0.6266310938636914,0.8704714640198511,0.8793394777265745,"[[829, 256], [5, 925]]"
seed50_leaf8,0.35,8,50,0.48,0.6264516129032258,0.626259196378042,0.8704714640198511,0.8793394777265745,"[[829, 256], [5, 925]]"
best_seed198,0.35,8,198,0.46988764337984257,0.6296774193548387,0.6299134934109467,0.8704714640198511,0.8791858678955453,"[[831, 254], [7, 923]]"
best_seed198,0.35,8,198,0.47,0.6295161290322581,0.6297437141240197,0.8704714640198511,0.8791858678955453,"[[831, 254], [7, 923]]"
best_seed28,0.35,10,28,0.5309999999999999,0.6217741935483871,0.6170345217883417,0.8704714640198511,0.8723502304147466,"[[920, 165], [96, 834]]"
best_seed28,0.35,10,28,0.5315,0.6214516129032258,0.61667879375859,0.8704714640198511,0.8723502304147466,"[[920, 165], [96, 834]]"
best_seed198,0.35,8,198,0.5445,0.6143548387096774,0.6091114883984154,0.8704714640198511,0.8722734254992319,"[[921, 164], [97, 833]]"
best_seed198,0.35,8,198,0.4695,0.6290322580645161,0.6293152235427277,0.8699751861042183,0.8787250384024577,"[[830, 255], [7, 923]]"
seed50_leaf8,0.35,8,50,0.5479999999999999,0.6180645161290322,0.6129840730859406,0.8699751861042183,0.8721966205837174,"[[915, 170], [92, 838]]"
seed50_leaf8,0.35,8,50,0.5485,0.6179032258064516,0.6128142937990138,0.8699751861042183,0.8721966205837174,"[[915, 170], [92, 838]]"
seed50_leaf8,0.35,8,50,0.5485247747684563,0.6179032258064516,0.6128142937990138,0.8699751861042183,0.8721966205837174,"[[915, 170], [92, 838]]"
best_seed28,0.35,10,28,0.5319999999999999,0.6211290322580645,0.6163392351847361,0.8699751861042183,0.8718125960061445,"[[920, 165], [97, 833]]"
best_seed28,0.35,10,28,0.532180998500667,0.6212903225806452,0.6164928450157652,0.8699751861042183,0.8718125960061445,"[[920, 165], [97, 833]]"
best_seed198,0.35,8,198,0.469,0.6287096774193548,0.6290080038806694,0.8694789081885856,0.8782642089093702,"[[829, 256], [7, 923]]"
best_seed28,0.35,10,28,0.46349999999999997,0.6306451612903226,0.6307704745735305,0.8694789081885856,0.8781105990783411,"[[831, 254], [9, 921]]"
best_seed198,0.35,8,198,0.5449999999999999,0.6141935483870967,0.6089255396555906,0.8694789081885856,0.8711981566820277,"[[921, 164], [99, 831]]"
best_seed198,0.35,8,198,0.5455,0.6141935483870967,0.6088770312878972,0.8694789081885856,0.8711981566820277,"[[921, 164], [99, 831]]"
best_seed198,0.35,8,198,0.5475,0.6143548387096774,0.6088366076481526,0.8694789081885856,0.8709677419354839,"[[924, 161], [102, 828]]"
seed50_leaf8,0.35,8,50,0.477,0.6270967741935484,0.627100008084728,0.8689826302729529,0.8780337941628265,"[[825, 260], [4, 926]]"
best_seed28,0.35,10,28,0.46299999999999997,0.6308064516129033,0.6309725927722531,0.8689826302729529,0.8776497695852534,"[[830, 255], [9, 921]]"
best_seed198,0.35,8,198,0.5469999999999999,0.6146774193548387,0.6092085051338022,0.8689826302729529,0.8705069124423963,"[[923, 162], [102, 828]]"
best_seed198,0.35,8,198,0.5476990045554376,0.614516129032258,0.6089902174791818,0.8689826302729529,0.8704301075268817,"[[924, 161], [103, 827]]"
best_seed198,0.35,8,198,0.5485,0.6140322580645161,0.6084485407066053,0.8689826302729529,0.8703533026113671,"[[925, 160], [104, 826]]"
best_seed28,0.35,10,28,0.5349999999999999,0.6196774193548387,0.6145686797639259,0.8689826302729529,0.8702764976958526,"[[926, 159], [105, 825]]"
best_seed28,0.35,10,28,0.5355,0.6198387096774194,0.6147061201390573,0.8689826302729529,0.8701996927803379,"[[927, 158], [106, 824]]"
seed50_leaf8,0.35,8,50,0.476,0.6269354838709678,0.6269787371654945,0.8684863523573201,0.8776497695852534,"[[823, 262], [3, 927]]"
seed50_leaf8,0.35,8,50,0.4765,0.627258064516129,0.6272859568275527,0.8684863523573201,0.8775729646697389,"[[824, 261], [4, 926]]"
seed50_leaf8,0.35,8,50,0.47661239049958515,0.627258064516129,0.6272859568275527,0.8684863523573201,0.8775729646697389,"[[824, 261], [4, 926]]"
best_seed198,0.35,8,198,0.46849999999999997,0.6287096774193548,0.6290241733365672,0.8684863523573201,0.877342549923195,"[[827, 258], [7, 923]]"
best_seed28,0.35,10,28,0.4628199789444283,0.6309677419354839,0.631158541515078,0.8684863523573201,0.877188940092166,"[[829, 256], [9, 921]]"
seed50_leaf8,0.35,8,50,0.5489999999999999,0.6175806451612903,0.6124262268574663,0.8684863523573201,0.870583717357911,"[[915, 170], [95, 835]]"
seed50_leaf8,0.35,8,50,0.5495,0.6172580645161291,0.6120704988277145,0.8684863523573201,0.870583717357911,"[[915, 170], [95, 835]]"
best_seed28,0.35,10,28,0.5325,0.6208064516129033,0.6159835071549842,0.8684863523573201,0.8701996927803379,"[[920, 165], [100, 830]]"
best_seed198,0.35,8,198,0.5459999999999999,0.614516129032258,0.6091357425822621,0.8684863523573201,0.8701228878648233,"[[921, 164], [101, 829]]"
best_seed198,0.35,8,198,0.5465,0.6146774193548387,0.6092570135014956,0.8684863523573201,0.8701228878648233,"[[921, 164], [101, 829]]"
best_seed28,0.35,10,28,0.5335,0.6209677419354839,0.6159754224270353,0.8684863523573201,0.8699692780337942,"[[923, 162], [103, 827]]"
best_seed198,0.35,8,198,0.5479999999999999,0.614516129032258,0.6089902174791818,0.8684863523573201,0.8698924731182796,"[[924, 161], [104, 826]]"
best_seed28,0.35,10,28,0.5345,0.62,0.61490823833778,0.8684863523573201,0.8698156682027649,"[[925, 160], [105, 825]]"
seed50_leaf8,0.35,8,50,0.474,0.6266129032258064,0.6267685342388228,0.8679900744416873,0.877188940092166,"[[822, 263], [3, 927]]"
seed50_leaf8,0.35,8,50,0.4745,0.6270967741935484,0.6272293637319104,0.8679900744416873,0.877188940092166,"[[822, 263], [3, 927]]"
seed50_leaf8,0.35,8,50,0.475,0.6270967741935484,0.6271970248201149,0.8679900744416873,0.877188940092166,"[[822, 263], [3, 927]]"
seed50_leaf8,0.35,8,50,0.4755,0.6269354838709678,0.62701107607729,0.8679900744416873,0.877188940092166,"[[822, 263], [3, 927]]"
best_seed198,0.35,8,198,0.46799999999999997,0.6288709677419355,0.629210122079392,0.8679900744416873,0.8768817204301075,"[[826, 259], [7, 923]]"
best_seed28,0.35,10,28,0.46149999999999997,0.6303225806451613,0.6306087800145526,0.8679900744416873,0.8767281105990783,"[[828, 257], [9, 921]]"
best_seed28,0.35,10,28,0.46199999999999997,0.6309677419354839,0.6312070498827714,0.8679900744416873,0.8767281105990783,"[[828, 257], [9, 921]]"
best_seed28,0.35,10,28,0.46249999999999997,0.6306451612903226,0.6308674913089174,0.8679900744416873,0.8767281105990783,"[[828, 257], [9, 921]]"
seed50_leaf8,0.35,8,50,0.5499999999999999,0.6172580645161291,0.6119896515482254,0.8679900744416873,0.8699692780337942,"[[916, 169], [97, 833]]"
seed50_leaf8,0.35,8,50,0.5505,0.6172580645161291,0.6119411431805319,0.8679900744416873,0.8699692780337942,"[[916, 169], [97, 833]]"
seed50_leaf8,0.35,8,50,0.5509999999999999,0.6170967741935484,0.6117390249818093,0.8679900744416873,0.8699692780337942,"[[916, 169], [97, 833]]"
seed50_leaf8,0.35,8,50,0.5519999999999999,0.6166129032258064,0.6111650092974372,0.8679900744416873,0.8698924731182796,"[[917, 168], [98, 832]]"
best_seed28,0.35,10,28,0.5339457127482437,0.6208064516129033,0.6157733042283127,0.8679900744416873,0.8694316436251921,"[[923, 162], [104, 826]]"
best_seed28,0.35,10,28,0.5339999999999999,0.6208064516129033,0.6157733042283127,0.8679900744416873,0.8693548387096774,"[[924, 161], [105, 825]]"
best_seed198,0.35,8,198,0.5495,0.6141935483870967,0.608553642169941,0.8679900744416873,0.8692012288786481,"[[926, 159], [107, 823]]"
best_seed198,0.35,8,198,0.5499999999999999,0.6148387096774194,0.6091357425822621,0.8679900744416873,0.8692012288786481,"[[926, 159], [107, 823]]"
best_seed198,0.35,8,198,0.5505,0.6151612903225806,0.6094267927884227,0.8679900744416873,0.8692012288786481,"[[926, 159], [107, 823]]"
best_seed28,0.35,10,28,0.5359999999999999,0.6191935483870967,0.6140270029913493,0.8679900744416873,0.8691244239631337,"[[927, 158], [108, 822]]"
best_seed28,0.35,10,28,0.5394789086387245,0.617741935483871,0.6123534643059261,0.8679900744416873,0.868663594470046,"[[933, 152], [114, 816]]"
best_seed28,0.35,10,28,0.5399999999999999,0.6172580645161291,0.6118117875333495,0.8679900744416873,0.8685867895545315,"[[934, 151], [115, 815]]"
best_seed28,0.35,10,28,0.5405,0.6174193548387097,0.6119653973643787,0.8679900744416873,0.868509984639017,"[[935, 150], [116, 814]]"
seed50_leaf8,0.35,8,50,0.472,0.6269354838709678,0.6272212790039615,0.8674937965260546,0.8768049155145929,"[[820, 265], [2, 928]]"
seed50_leaf8,0.35,8,50,0.4725,0.6266129032258064,0.6268655509742097,0.8674937965260546,0.8768049155145929,"[[820, 265], [2, 928]]"
seed50_leaf8,0.35,8,50,0.473,0.6266129032258064,0.6268170426065163,0.8674937965260546,0.8768049155145929,"[[820, 265], [2, 928]]"
seed50_leaf8,0.35,8,50,0.4735,0.6266129032258064,0.6268008731506185,0.8674937965260546,0.8767281105990783,"[[821, 264], [3, 927]]"
best_seed28,0.35,10,28,0.46049999999999996,0.6301612903225806,0.6304551701835233,0.8674937965260546,0.8763440860215054,"[[826, 259], [8, 922]]"
seed50_leaf8,0.35,8,50,0.5515,0.6164516129032258,0.6110599078341014,0.8674937965260546,0.8694316436251921,"[[916, 169], [98, 832]]"
seed50_leaf8,0.35,8,50,0.5529999999999999,0.6166129032258064,0.6111003314738459,0.8674937965260546,0.8691244239631337,"[[920, 165], [102, 828]]"
best_seed28,0.35,10,28,0.5329999999999999,0.6211290322580645,0.6161937100816557,0.8674937965260546,0.8690476190476191,"[[921, 164], [103, 827]]"
seed50_leaf8,0.35,8,50,0.5535,0.6158064516129033,0.6102352655833132,0.8674937965260546,0.8690476190476191,"[[921, 164], [103, 827]]"
seed50_leaf8,0.35,8,50,0.5539999999999999,0.6159677419354839,0.6103403670466488,0.8674937965260546,0.8689708141321044,"[[922, 163], [104, 826]]"
best_seed198,0.35,8,198,0.5489999999999999,0.6137096774193549,0.6081089821327512,0.8674937965260546,0.8687403993855607,"[[925, 160], [107, 823]]"
best_seed28,0.35,10,28,0.5365,0.6191935483870967,0.6140108335354515,0.8674937965260546,0.8685867895545315,"[[927, 158], [109, 821]]"
best_seed198,0.35,8,198,0.5509999999999999,0.6156451612903225,0.6098714528256124,0.8674937965260546,0.8685867895545315,"[[927, 158], [109, 821]]"
best_seed198,0.35,8,198,0.5515,0.6154838709677419,0.6096693346268898,0.8674937965260546,0.8685867895545315,"[[927, 158], [109, 821]]"
best_seed28,0.35,10,28,0.5379999999999999,0.6180645161290322,0.6127577007033713,0.8674937965260546,0.8683563748079877,"[[930, 155], [112, 818]]"
best_seed28,0.35,10,28,0.5395,0.617741935483871,0.6123534643059261,0.8674937965260546,0.8681259600614439,"[[933, 152], [115, 815]]"
best_seed28,0.35,10,28,0.5409999999999999,0.6167741935483871,0.6112539413048751,0.8674937965260546,0.8679723502304147,"[[935, 150], [117, 813]]"
seed50_leaf8,0.35,8,50,0.469,0.6277419354838709,0.6282318699975746,0.8669975186104218,0.8763440860215054,"[[819, 266], [2, 928]]"
seed50_leaf8,0.35,8,50,0.4695,0.6274193548387097,0.6278761419678227,0.8669975186104218,0.8763440860215054,"[[819, 266], [2, 928]]"
seed50_leaf8,0.35,8,50,0.47,0.6274193548387097,0.6278761419678227,0.8669975186104218,0.8763440860215054,"[[819, 266], [2, 928]]"
seed50_leaf8,0.35,8,50,0.4705,0.627258064516129,0.6276578543132023,0.8669975186104218,0.8763440860215054,"[[819, 266], [2, 928]]"
seed50_leaf8,0.35,8,50,0.471,0.6270967741935484,0.6274557361144797,0.8669975186104218,0.8763440860215054,"[[819, 266], [2, 928]]"
seed50_leaf8,0.35,8,50,0.4715,0.6266129032258064,0.6269302287978009,0.8669975186104218,0.8763440860215054,"[[819, 266], [2, 928]]"
best_seed28,0.35,10,28,0.45749999999999996,0.6309677419354839,0.6314657611771364,0.8669975186104218,0.8759600614439325,"[[824, 261], [7, 923]]"
best_seed28,0.35,10,28,0.45799999999999996,0.6309677419354839,0.6314495917212386,0.8669975186104218,0.8759600614439325,"[[824, 261], [7, 923]]"
best_seed28,0.35,10,28,0.45849999999999996,0.6309677419354839,0.6314172528094429,0.8669975186104218,0.8759600614439325,"[[824, 261], [7, 923]]"
best_seed198,0.35,8,198,0.46699999999999997,0.6288709677419355,0.6292586304470854,0.8669975186104218,0.8759600614439325,"[[824, 261], [7, 923]]"
best_seed198,0.35,8,198,0.46749999999999997,0.6288709677419355,0.6292424609911876,0.8669975186104218,0.8759600614439325,"[[824, 261], [7, 923]]"
best_seed28,0.35,10,28,0.45949999999999996,0.6311290322580645,0.631490015360983,0.8669975186104218,0.8758832565284178,"[[825, 260], [8, 922]]"
best_seed28,0.35,10,28,0.45999999999999996,0.6304838709677419,0.6308108982132752,0.8669975186104218,0.8758832565284178,"[[825, 260], [8, 922]]"
best_seed28,0.35,10,28,0.46099999999999997,0.6303225806451613,0.6306087800145526,0.8669975186104218,0.8758064516129032,"[[826, 259], [9, 921]]"
seed50_leaf8,0.35,8,50,0.5522411303346562,0.6166129032258064,0.6111650092974372,0.8669975186104218,0.8688172043010753,"[[917, 168], [100, 830]]"
seed50_leaf8,0.35,8,50,0.5525,0.6164516129032258,0.6109790605546124,0.8669975186104218,0.8687403993855607,"[[918, 167], [101, 829]]"
seed50_leaf8,0.35,8,50,0.5545,0.6159677419354839,0.6103080281348532,0.8669975186104218,0.8684331797235023,"[[922, 163], [105, 825]]"
seed50_leaf8,0.35,8,50,0.554617575664832,0.6156451612903225,0.6099684695609993,0.8669975186104218,0.8684331797235023,"[[922, 163], [105, 825]]"
seed50_leaf8,0.35,8,50,0.5549999999999999,0.6154838709677419,0.6097825208181744,0.8669975186104218,0.8683563748079877,"[[923, 162], [106, 824]]"
best_seed28,0.35,10,28,0.5367435239952488,0.6187096774193548,0.6135014956746705,0.8669975186104218,0.8680491551459293,"[[927, 158], [110, 820]]"
best_seed198,0.35,8,198,0.5518846603411343,0.6151612903225806,0.6093136065971381,0.8669975186104218,0.8680491551459293,"[[927, 158], [110, 820]]"
best_seed28,0.35,10,28,0.5369999999999999,0.6185483870967742,0.6132993774759479,0.8669975186104218,0.8679723502304147,"[[928, 157], [111, 819]]"
best_seed28,0.35,10,28,0.5385,0.618225806451613,0.6128951410785027,0.8669975186104218,0.8678187403993856,"[[930, 155], [113, 817]]"
best_seed28,0.35,10,28,0.5389999999999999,0.6179032258064516,0.6125232435928532,0.8669975186104218,0.8677419354838709,"[[931, 154], [114, 816]]"
seed50_leaf8,0.35,8,50,0.46849999999999997,0.6275806451612903,0.628110599078341,0.8665012406947891,0.8758832565284178,"[[818, 267], [2, 928]]"
best_seed28,0.35,10,28,0.45599999999999996,0.6306451612903226,0.6312232193386693,0.8665012406947891,0.8755760368663594,"[[822, 263], [6, 924]]"
best_seed28,0.35,10,28,0.4561024411435031,0.6306451612903226,0.6312070498827715,0.8665012406947891,0.8755760368663594,"[[822, 263], [6, 924]]"
best_seed198,0.35,8,198,0.46649999999999997,0.6290322580645161,0.629460748645808,0.8665012406947891,0.8754992319508448,"[[823, 262], [7, 923]]"
best_seed28,0.35,10,28,0.45899999999999996,0.6309677419354839,0.6313687444417495,0.8665012406947891,0.8754224270353304,"[[824, 261], [8, 922]]"
seed50_leaf8,0.35,8,50,0.5555,0.6158064516129033,0.6100574015684372,0.8665012406947891,0.8678187403993856,"[[923, 162], [107, 823]]"
seed50_leaf8,0.35,8,50,0.5559999999999999,0.6148387096774194,0.6090387258468752,0.8665012406947891,0.8677419354838709,"[[924, 161], [108, 822]]"
best_seed28,0.35,10,28,0.5375,0.618225806451613,0.6129436494461962,0.8665012406947891,0.8674347158218125,"[[928, 157], [112, 818]]"
best_seed28,0.35,10,28,0.5415,0.6174193548387097,0.611852211173094,0.8665012406947891,0.8668970814132104,"[[935, 150], [119, 811]]"
seed50_leaf8,0.35,8,50,0.46699999999999997,0.6279032258064516,0.6285471743875819,0.8660049627791563,0.8754992319508448,"[[816, 269], [1, 929]]"
seed50_leaf8,0.35,8,50,0.46799999999999997,0.6274193548387097,0.6279731587032096,0.8660049627791563,0.8754224270353302,"[[817, 268], [2, 928]]"
best_seed28,0.35,10,28,0.45399999999999996,0.6312903225806452,0.6319831837658663,0.8660049627791563,0.8751920122887864,"[[820, 265], [5, 925]]"
best_seed28,0.35,10,28,0.45649999999999996,0.6306451612903226,0.6311908804268737,0.8660049627791563,0.8750384024577573,"[[822, 263], [7, 923]]"
best_seed28,0.35,10,28,0.45699999999999996,0.6308064516129033,0.631328320802005,0.8660049627791563,0.8750384024577573,"[[822, 263], [7, 923]]"
best_seed198,0.35,8,198,0.46499999999999997,0.6279032258064516,0.6284016492845016,0.8660049627791563,0.8750384024577573,"[[822, 263], [7, 923]]"
best_seed198,0.35,8,198,0.46549999999999997,0.6280645161290322,0.6285552591155308,0.8660049627791563,0.8750384024577573,"[[822, 263], [7, 923]]"
best_seed198,0.35,8,198,0.46599999999999997,0.6291935483870967,0.629630527932735,0.8660049627791563,0.8750384024577573,"[[822, 263], [7, 923]]"
seed50_leaf8,0.35,8,50,0.5565,0.614516129032258,0.6086829978171234,0.8660049627791563,0.8672043010752688,"[[924, 161], [109, 821]]"
best_seed198,0.35,8,198,0.5519999999999999,0.6153225806451613,0.6094672164281671,0.8660049627791563,0.8669738863287251,"[[927, 158], [112, 818]]"
best_seed198,0.35,8,198,0.5525,0.6146774193548387,0.6087880992804593,0.8660049627791563,0.8669738863287251,"[[927, 158], [112, 818]]"
best_seed28,0.35,10,28,0.5419920731931188,0.6166129032258064,0.611003314738459,0.8660049627791563,0.8662826420890937,"[[936, 149], [121, 809]]"
best_seed28,0.35,10,28,0.5419999999999999,0.6166129032258064,0.611003314738459,0.8660049627791563,0.8662826420890937,"[[936, 149], [121, 809]]"
seed50_leaf8,0.35,8,50,0.46499999999999997,0.6277419354838709,0.6284259034683484,0.8655086848635236,0.8750384024577573,"[[815, 270], [1, 929]]"
seed50_leaf8,0.35,8,50,0.46549999999999997,0.6277419354838709,0.6284259034683484,0.8655086848635236,0.8750384024577573,"[[815, 270], [1, 929]]"
seed50_leaf8,0.35,8,50,0.46599999999999997,0.6275806451612903,0.6282561241814213,0.8655086848635236,0.8750384024577573,"[[815, 270], [1, 929]]"
seed50_leaf8,0.35,8,50,0.46649999999999997,0.6279032258064516,0.6285633438434797,0.8655086848635236,0.8750384024577573,"[[815, 270], [1, 929]]"
seed50_leaf8,0.35,8,50,0.46749999999999997,0.6274193548387097,0.6280216670709031,0.8655086848635236,0.8749615975422427,"[[816, 269], [2, 928]]"
seed50_leaf8,0.35,8,50,0.4676304164676787,0.6275806451612903,0.6281591074460344,0.8655086848635236,0.8749615975422427,"[[816, 269], [2, 928]]"
best_seed28,0.35,10,28,0.44949999999999996,0.6324193548387097,0.6333980111569246,0.8655086848635236,0.8748847926267281,"[[817, 268], [3, 927]]"
best_seed28,0.35,10,28,0.44999999999999996,0.6324193548387097,0.633365672245129,0.8655086848635236,0.8748847926267281,"[[817, 268], [3, 927]]"
best_seed28,0.35,10,28,0.45049999999999996,0.6320967741935484,0.6330261136712749,0.8655086848635236,0.8748847926267281,"[[817, 268], [3, 927]]"
best_seed28,0.35,10,28,0.45099999999999996,0.631774193548387,0.632686555097421,0.8655086848635236,0.8748847926267281,"[[817, 268], [3, 927]]"
best_seed28,0.35,10,28,0.45449999999999996,0.6314516129032258,0.6321367935968955,0.8655086848635236,0.8746543778801843,"[[820, 265], [6, 924]]"
best_seed28,0.35,10,28,0.45499999999999996,0.6316129032258064,0.6322742339720269,0.8655086848635236,0.8746543778801843,"[[820, 265], [6, 924]]"
best_seed28,0.35,10,28,0.45549999999999996,0.6311290322580645,0.6317648961112459,0.8655086848635236,0.8746543778801843,"[[820, 265], [6, 924]]"
best_seed198,0.35,8,198,0.46449999999999997,0.6279032258064516,0.6284339881962973,0.8655086848635236,0.8745775729646696,"[[821, 264], [7, 923]]"
best_seed198,0.35,8,198,0.46460243173771343,0.6279032258064516,0.6284339881962973,0.8655086848635236,0.8745775729646696,"[[821, 264], [7, 923]]"
seed50_leaf8,0.35,8,50,0.46449999999999997,0.6277419354838709,0.6284420729242461,0.8650124069478908,0.8745775729646696,"[[814, 271], [1, 929]]"
best_seed28,0.35,10,28,0.44749999999999995,0.6337096774193548,0.6348532621877274,0.8650124069478908,0.8744239631336406,"[[816, 269], [3, 927]]"
best_seed28,0.35,10,28,0.44799999999999995,0.6337096774193548,0.6348370927318296,0.8650124069478908,0.8744239631336406,"[[816, 269], [3, 927]]"
best_seed28,0.35,10,28,0.44849999999999995,0.6337096774193548,0.6347724149082383,0.8650124069478908,0.8744239631336406,"[[816, 269], [3, 927]]"
best_seed28,0.35,10,28,0.44899999999999995,0.6333870967741936,0.6344166868784866,0.8650124069478908,0.8744239631336406,"[[816, 269], [3, 927]]"
best_seed28,0.35,10,28,0.45149999999999996,0.6311290322580645,0.632007437949713,0.8650124069478908,0.8743471582181259,"[[817, 268], [4, 926]]"
best_seed28,0.35,10,28,0.45349999999999996,0.6312903225806452,0.631999353221764,0.8650124069478908,0.8742703533026114,"[[818, 267], [5, 925]]"
best_seed198,0.35,8,198,0.46399999999999997,0.6280645161290322,0.6286361063950199,0.8650124069478908,0.8741167434715822,"[[820, 265], [7, 923]]"
best_seed198,0.35,8,198,0.5529999999999999,0.6141935483870967,0.6082625919637804,0.8650124069478908,0.8658218125960062,"[[928, 157], [115, 815]]"
best_seed198,0.35,8,198,0.5532236044426918,0.6141935483870967,0.6082625919637804,0.8650124069478908,0.8656682027649769,"[[930, 155], [117, 813]]"
seed50_leaf8,0.35,8,50,0.46299999999999997,0.6280645161290322,0.6288786482334869,0.864516129032258,0.8741167434715822,"[[813, 272], [1, 929]]"
seed50_leaf8,0.35,8,50,0.46349999999999997,0.6279032258064516,0.6286603605788665,0.864516129032258,0.8741167434715822,"[[813, 272], [1, 929]]"
seed50_leaf8,0.35,8,50,0.46399999999999997,0.6280645161290322,0.6287978009539978,0.864516129032258,0.8741167434715822,"[[813, 272], [1, 929]]"
best_seed28,0.35,10,28,0.4465,0.6340322580645161,0.6352089902174791,0.864516129032258,0.873963133640553,"[[815, 270], [3, 927]]"
best_seed28,0.35,10,28,0.4469011706704899,0.6341935483870967,0.6353626000485084,0.864516129032258,0.873963133640553,"[[815, 270], [3, 927]]"
best_seed28,0.35,10,28,0.44699999999999995,0.6340322580645161,0.6351928207615813,0.864516129032258,0.873963133640553,"[[815, 270], [3, 927]]"
best_seed28,0.35,10,28,0.45199999999999996,0.6304838709677419,0.6312959818902094,0.864516129032258,0.8738095238095238,"[[817, 268], [5, 925]]"
best_seed28,0.35,10,28,0.45249999999999996,0.6309677419354839,0.6317244724715013,0.864516129032258,0.8738095238095238,"[[817, 268], [5, 925]]"
best_seed28,0.35,10,28,0.45299999999999996,0.6312903225806452,0.6320155226776618,0.864516129032258,0.8738095238095238,"[[817, 268], [5, 925]]"
best_seed198,0.35,8,198,0.46299999999999997,0.6279032258064516,0.6285471743875819,0.864516129032258,0.8736559139784946,"[[819, 266], [7, 923]]"
best_seed198,0.35,8,198,0.46349999999999997,0.6275806451612903,0.6281752769019322,0.864516129032258,0.8736559139784946,"[[819, 266], [7, 923]]"
seed50_leaf8,0.35,8,50,0.5569999999999999,0.6143548387096774,0.608464710162503,0.864516129032258,0.8655913978494623,"[[924, 161], [112, 818]]"
best_seed28,0.35,10,28,0.5429999999999999,0.6169354838709677,0.6112781954887219,0.864516129032258,0.8644393241167434,"[[939, 146], [127, 803]]"
best_seed28,0.35,10,28,0.5455,0.6148387096774194,0.6089578785673863,0.864516129032258,0.864132104454685,"[[943, 142], [131, 799]]"
best_seed28,0.35,10,28,0.5459999999999999,0.614516129032258,0.6085698116258388,0.864516129032258,0.8640552995391705,"[[944, 141], [132, 798]]"
best_seed28,0.35,10,28,0.4435,0.6343548387096775,0.6357425822621069,0.8640198511166253,0.8735791090629801,"[[813, 272], [2, 928]]"
best_seed28,0.35,10,28,0.44399999999999995,0.6343548387096775,0.635726412806209,0.8640198511166253,0.8735791090629801,"[[813, 272], [2, 928]]"
best_seed28,0.35,10,28,0.44599999999999995,0.6340322580645161,0.6352574985851727,0.8640198511166253,0.8735023041474654,"[[814, 271], [3, 927]]"
best_seed198,0.35,8,198,0.46249999999999997,0.6274193548387097,0.62811868380629,0.8640198511166253,0.8731950844854071,"[[818, 267], [7, 923]]"
seed50_leaf8,0.35,8,50,0.5571899681312916,0.6148387096774194,0.6089255396555906,0.8640198511166253,0.8650537634408602,"[[924, 161], [113, 817]]"
best_seed198,0.35,8,198,0.5535,0.6140322580645161,0.6080766432209557,0.8640198511166253,0.8645929339477727,"[[930, 155], [119, 811]]"
best_seed28,0.35,10,28,0.5425,0.6169354838709677,0.6113105344005174,0.8640198511166253,0.8640552995391705,"[[937, 148], [126, 804]]"
best_seed28,0.35,10,28,0.5435,0.6162903225806452,0.6105990783410138,0.8640198511166253,0.8639016897081413,"[[939, 146], [128, 802]]"
best_seed28,0.35,10,28,0.5437321170604057,0.6162903225806452,0.6105667394292182,0.8640198511166253,0.8639016897081413,"[[939, 146], [128, 802]]"
best_seed28,0.35,10,28,0.5439999999999999,0.6161290322580645,0.6103807906863934,0.8640198511166253,0.8637480798771122,"[[941, 144], [130, 800]]"
best_seed28,0.35,10,28,0.5449999999999999,0.6148387096774194,0.6089902174791818,0.8640198511166253,0.8636712749615976,"[[942, 143], [131, 799]]"
best_seed28,0.35,10,28,0.5460192242332218,0.6143548387096774,0.6084000323389118,0.8640198511166253,0.8635176651305683,"[[944, 141], [133, 797]]"
seed50_leaf8,0.35,8,50,0.46249999999999997,0.6280645161290322,0.6288786482334869,0.8635235732009926,0.8731950844854071,"[[811, 274], [1, 929]]"
best_seed28,0.35,10,28,0.4425,0.6346774193548387,0.636146818659552,0.8635235732009926,0.8731182795698924,"[[812, 273], [2, 928]]"
best_seed28,0.35,10,28,0.443,0.6345161290322581,0.6359285310049316,0.8635235732009926,0.8731182795698924,"[[812, 273], [2, 928]]"
best_seed28,0.35,10,28,0.4445,0.6341935483870967,0.6355404640633843,0.8635235732009926,0.873041474654378,"[[813, 272], [3, 927]]"
best_seed28,0.35,10,28,0.44499999999999995,0.6341935483870967,0.6354919556956908,0.8635235732009926,0.873041474654378,"[[813, 272], [3, 927]]"
best_seed28,0.35,10,28,0.4455,0.6343548387096775,0.6356132266149244,0.8635235732009926,0.873041474654378,"[[813, 272], [3, 927]]"
best_seed198,0.35,8,198,0.46099999999999997,0.6282258064516129,0.6289999191527205,0.8635235732009926,0.8727342549923195,"[[817, 268], [7, 923]]"
best_seed198,0.35,8,198,0.46149999999999997,0.6282258064516129,0.6289675802409249,0.8635235732009926,0.8727342549923195,"[[817, 268], [7, 923]]"
best_seed198,0.35,8,198,0.46199999999999997,0.6279032258064516,0.628628021667071,0.8635235732009926,0.8727342549923195,"[[817, 268], [7, 923]]"
seed50_leaf8,0.35,8,50,0.5575,0.6146774193548387,0.6087557603686636,0.8635235732009926,0.864516129032258,"[[924, 161], [114, 816]]"
seed50_leaf8,0.35,8,50,0.5579999999999999,0.6140322580645161,0.6080604737650579,0.8635235732009926,0.8644393241167434,"[[925, 160], [115, 815]]"
best_seed198,0.35,8,198,0.5545,0.6141935483870967,0.6081655752283935,0.8635235732009926,0.8639016897081413,"[[932, 153], [122, 808]]"
best_seed198,0.35,8,198,0.5549999999999999,0.6140322580645161,0.6079634570296709,0.8635235732009926,0.8638248847926268,"[[933, 152], [123, 807]]"
best_seed198,0.35,8,198,0.5555,0.6137096774193549,0.6076077289999191,0.8635235732009926,0.8638248847926268,"[[933, 152], [123, 807]]"
best_seed198,0.35,8,198,0.5569999999999999,0.613225806451613,0.6070660522273426,0.8635235732009926,0.8636712749615976,"[[935, 150], [125, 805]]"
best_seed28,0.35,10,28,0.5445,0.6154838709677419,0.6096855040827877,0.8635235732009926,0.86321044546851,"[[941, 144], [131, 799]]"
seed50_leaf8,0.35,8,50,0.46049999999999996,0.6287096774193548,0.6296386126606839,0.8630272952853598,0.8727342549923195,"[[810, 275], [1, 929]]"
seed50_leaf8,0.35,8,50,0.46099999999999997,0.6290322580645161,0.6299296628668445,0.8630272952853598,0.8727342549923195,"[[810, 275], [1, 929]]"
seed50_leaf8,0.35,8,50,0.46149999999999997,0.6287096774193548,0.6295739348370928,0.8630272952853598,0.8727342549923195,"[[810, 275], [1, 929]]"
seed50_leaf8,0.35,8,50,0.46199999999999997,0.6283870967741936,0.6292343762632387,0.8630272952853598,0.8727342549923195,"[[810, 275], [1, 929]]"
best_seed28,0.35,10,28,0.4415,0.6346774193548387,0.6362276659390411,0.8630272952853598,0.872657450076805,"[[811, 274], [2, 928]]"
best_seed28,0.35,10,28,0.442,0.6346774193548387,0.6361953270272456,0.8630272952853598,0.872657450076805,"[[811, 274], [2, 928]]"
best_seed198,0.35,8,198,0.45999999999999996,0.6283870967741936,0.6292505457191365,0.8630272952853598,0.8722734254992319,"[[816, 269], [7, 923]]"
best_seed198,0.35,8,198,0.46049999999999996,0.6285483870967742,0.6293718166383702,0.8630272952853598,0.8722734254992319,"[[816, 269], [7, 923]]"
seed50_leaf8,0.35,8,50,0.5585,0.6141935483870967,0.6081979141401892,0.8630272952853598,0.8638248847926266,"[[926, 159], [117, 813]]"
seed50_leaf8,0.35,8,50,0.5589999999999999,0.6138709677419355,0.6078421861104374,0.8630272952853598,0.8638248847926266,"[[926, 159], [117, 813]]"
seed50_leaf8,0.35,8,50,0.5595,0.6141935483870967,0.6080847279489046,0.8630272952853598,0.8636712749615976,"[[928, 157], [119, 811]]"
seed50_leaf8,0.35,8,50,0.5596581184198531,0.6140322580645161,0.6079149486619775,0.8630272952853598,0.8636712749615976,"[[928, 157], [119, 811]]"
seed50_leaf8,0.35,8,50,0.5599999999999999,0.6135483870967742,0.6074056108011965,0.8630272952853598,0.8635944700460829,"[[929, 156], [120, 810]]"
best_seed198,0.35,8,198,0.5539999999999999,0.6140322580645161,0.6080119653973644,0.8630272952853598,0.8635176651305683,"[[930, 155], [121, 809]]"
best_seed198,0.35,8,198,0.5559999999999999,0.6133870967741936,0.6072520009701674,0.8630272952853598,0.8632872503840245,"[[933, 152], [124, 806]]"
best_seed198,0.35,8,198,0.5562084516601967,0.6133870967741936,0.6072520009701674,0.8630272952853598,0.8632872503840245,"[[933, 152], [124, 806]]"
best_seed198,0.35,8,198,0.5565,0.6133870967741936,0.6072358315142695,0.8630272952853598,0.86321044546851,"[[934, 151], [125, 805]]"
best_seed198,0.35,8,198,0.5575,0.6125806451612903,0.6063869350796346,0.8630272952853598,0.8631336405529955,"[[935, 150], [126, 804]]"
best_seed28,0.35,10,28,0.5465,0.6141935483870967,0.608214083596087,0.8630272952853598,0.8624423963133641,"[[944, 141], [135, 795]]"
best_seed28,0.35,10,28,0.5495,0.6143548387096774,0.6081736599563425,0.8630272952853598,0.862058371735791,"[[949, 136], [140, 790]]"
best_seed28,0.35,10,28,0.441,0.6351612903225806,0.6367531732557199,0.862531017369727,0.8721966205837173,"[[810, 275], [2, 928]]"
best_seed198,0.35,8,198,0.5579999999999999,0.6124193548387097,0.606184816880912,0.862531017369727,0.8625192012288786,"[[936, 149], [128, 802]]"
best_seed28,0.35,10,28,0.5479999999999999,0.6140322580645161,0.6079311181178754,0.862531017369727,0.8616743471582182,"[[947, 138], [139, 791]]"
best_seed28,0.35,10,28,0.5489999999999999,0.615,0.6088527771040505,0.862531017369727,0.8615975422427036,"[[948, 137], [140, 790]]"
seed50_leaf8,0.35,8,50,0.45949999999999996,0.6291935483870967,0.6301802894332605,0.8620347394540943,0.8718125960061444,"[[808, 277], [1, 929]]"
seed50_leaf8,0.35,8,50,0.45999999999999996,0.6291935483870967,0.6301479505214649,0.8620347394540943,0.8718125960061444,"[[808, 277], [1, 929]]"
best_seed198,0.35,8,198,0.45949999999999996,0.6285483870967742,0.629468833373757,0.8620347394540943,0.8713517665130568,"[[814, 271], [7, 923]]"
seed50_leaf8,0.35,8,50,0.5605,0.6138709677419355,0.6076966610073571,0.8620347394540943,0.8625192012288787,"[[929, 156], [122, 808]]"
best_seed28,0.35,10,28,0.5469999999999999,0.614516129032258,0.6085051338022476,0.8620347394540943,0.8612903225806452,"[[945, 140], [138, 792]]"
best_seed28,0.35,10,28,0.5475,0.6141935483870967,0.6081494057724958,0.8620347394540943,0.8612135176651305,"[[946, 139], [139, 791]]"
best_seed28,0.35,10,28,0.5485,0.6143548387096774,0.6082383377799337,0.8620347394540943,0.861136712749616,"[[947, 138], [140, 790]]"
best_seed28,0.35,10,28,0.548653094819645,0.614516129032258,0.6083919476109629,0.8620347394540943,0.861136712749616,"[[947, 138], [140, 790]]"
seed50_leaf8,0.35,8,50,0.45649999999999996,0.6288709677419355,0.630050933786078,0.8615384615384616,0.8713517665130568,"[[807, 278], [1, 929]]"
seed50_leaf8,0.35,8,50,0.45699999999999996,0.6288709677419355,0.6300185948742825,0.8615384615384616,0.8713517665130568,"[[807, 278], [1, 929]]"
seed50_leaf8,0.35,8,50,0.45749999999999996,0.6288709677419355,0.6300185948742825,0.8615384615384616,0.8713517665130568,"[[807, 278], [1, 929]]"
seed50_leaf8,0.35,8,50,0.45799999999999996,0.6290322580645161,0.6301722047053117,0.8615384615384616,0.8713517665130568,"[[807, 278], [1, 929]]"
seed50_leaf8,0.35,8,50,0.45800738005854325,0.6290322580645161,0.6301722047053117,0.8615384615384616,0.8713517665130568,"[[807, 278], [1, 929]]"
seed50_leaf8,0.35,8,50,0.45849999999999996,0.6295161290322581,0.6306006952866037,0.8615384615384616,0.8713517665130568,"[[807, 278], [1, 929]]"
seed50_leaf8,0.35,8,50,0.45899999999999996,0.6296774193548387,0.6307057967499393,0.8615384615384616,0.8713517665130568,"[[807, 278], [1, 929]]"
best_seed28,0.35,10,28,0.4395,0.6362903225806451,0.6379577977201067,0.8615384615384616,0.8712749615975421,"[[808, 277], [2, 928]]"
best_seed28,0.35,10,28,0.44,0.6356451612903226,0.6372786805723987,0.8615384615384616,0.8712749615975421,"[[808, 277], [2, 928]]"
best_seed28,0.35,10,28,0.4405,0.635483870967742,0.6370927318295739,0.8615384615384616,0.8712749615975421,"[[808, 277], [2, 928]]"
best_seed198,0.35,8,198,0.45899999999999996,0.6293548387096775,0.630317729808392,0.8615384615384616,0.8708909370199693,"[[813, 272], [7, 923]]"
best_seed198,0.35,8,198,0.5589999999999999,0.6119354838709677,0.605594631740642,0.8615384615384616,0.8613671274961597,"[[937, 148], [131, 799]]"
seed50_leaf8,0.35,8,50,0.45599999999999996,0.6290322580645161,0.6302368825289029,0.8610421836228288,0.8708909370199693,"[[806, 279], [1, 929]]"
best_seed28,0.35,10,28,0.439,0.6359677419354839,0.6376667475139461,0.8610421836228288,0.8708141321044547,"[[807, 278], [2, 928]]"
best_seed198,0.35,8,198,0.45849999999999996,0.6295161290322581,0.6304875090953189,0.8610421836228288,0.8704301075268817,"[[812, 273], [7, 923]]"
best_seed198,0.35,8,198,0.5585,0.6122580645161291,0.6059826986821893,0.8610421836228288,0.8609062980030722,"[[936, 149], [131, 799]]"
best_seed198,0.35,8,198,0.5585817996847733,0.6119354838709677,0.6056431401083353,0.8610421836228288,0.8609062980030722,"[[936, 149], [131, 799]]"
best_seed28,0.35,10,28,0.5499999999999999,0.6146774193548387,0.6084808796184009,0.8610421836228288,0.8599078341013825,"[[949, 136], [144, 786]]"
seed50_leaf8,0.35,8,50,0.45199999999999996,0.6279032258064516,0.6293394777265745,0.860545905707196,0.8705069124423963,"[[804, 281], [0, 930]]"
seed50_leaf8,0.35,8,50,0.45249999999999996,0.6282258064516129,0.629630527932735,0.860545905707196,0.8705069124423963,"[[804, 281], [0, 930]]"
seed50_leaf8,0.35,8,50,0.45299999999999996,0.6285483870967742,0.6299215781388956,0.860545905707196,0.8705069124423963,"[[804, 281], [0, 930]]"
seed50_leaf8,0.35,8,50,0.45349999999999996,0.6285483870967742,0.6298892392271,0.860545905707196,0.8704301075268817,"[[805, 280], [1, 929]]"
seed50_leaf8,0.35,8,50,0.45399999999999996,0.6287096774193548,0.6300105101463336,0.860545905707196,0.8704301075268817,"[[805, 280], [1, 929]]"
seed50_leaf8,0.35,8,50,0.45449999999999996,0.6285483870967742,0.6298245614035087,0.860545905707196,0.8704301075268817,"[[805, 280], [1, 929]]"
seed50_leaf8,0.35,8,50,0.45499999999999996,0.6290322580645161,0.6302853908965963,0.860545905707196,0.8704301075268817,"[[805, 280], [1, 929]]"
seed50_leaf8,0.35,8,50,0.45549999999999996,0.6291935483870967,0.6304228312717277,0.860545905707196,0.8704301075268817,"[[805, 280], [1, 929]]"
best_seed28,0.35,10,28,0.4375,0.635483870967742,0.6372705958444498,0.860545905707196,0.8703533026113671,"[[806, 279], [2, 928]]"
best_seed28,0.35,10,28,0.438,0.6356451612903226,0.6374080362195812,0.860545905707196,0.8703533026113671,"[[806, 279], [2, 928]]"
best_seed28,0.35,10,28,0.43805125401434,0.6356451612903226,0.6373918667636834,0.860545905707196,0.8703533026113671,"[[806, 279], [2, 928]]"
best_seed28,0.35,10,28,0.4385,0.6358064516129033,0.6375454765947126,0.860545905707196,0.8703533026113671,"[[806, 279], [2, 928]]"
best_seed198,0.35,8,198,0.45749999999999996,0.6298387096774194,0.630827067669173,0.860545905707196,0.8699692780337942,"[[811, 274], [7, 923]]"
best_seed198,0.35,8,198,0.45798972511738306,0.6296774193548387,0.6306572883822459,0.860545905707196,0.8699692780337942,"[[811, 274], [7, 923]]"
best_seed198,0.35,8,198,0.45799999999999996,0.6296774193548387,0.6306572883822459,0.860545905707196,0.8699692780337942,"[[811, 274], [7, 923]]"
seed50_leaf8,0.35,8,50,0.5609999999999999,0.6137096774193549,0.6074945428086345,0.860545905707196,0.8609062980030722,"[[929, 156], [125, 805]]"
best_seed198,0.35,8,198,0.5595,0.6116129032258064,0.605255073166788,0.860545905707196,0.8602918586789554,"[[937, 148], [133, 797]]"
best_seed28,0.35,10,28,0.5505,0.6140322580645161,0.6077694235588973,0.860545905707196,0.8592165898617512,"[[951, 134], [147, 783]]"
best_seed28,0.35,10,28,0.5509999999999999,0.6143548387096774,0.60804430430916,0.860545905707196,0.8591397849462366,"[[952, 133], [148, 782]]"
seed50_leaf8,0.35,8,50,0.45149999999999996,0.6279032258064516,0.6293718166383702,0.8600496277915632,0.8700460829493087,"[[803, 282], [0, 930]]"
best_seed28,0.35,10,28,0.435,0.6358064516129033,0.6377233406095885,0.8600496277915632,0.8698924731182796,"[[805, 280], [2, 928]]"
best_seed28,0.35,10,28,0.4355,0.635483870967742,0.6373837820357344,0.8600496277915632,0.8698924731182796,"[[805, 280], [2, 928]]"
best_seed28,0.35,10,28,0.436,0.6351612903225806,0.6370442234618805,0.8600496277915632,0.8698924731182796,"[[805, 280], [2, 928]]"
best_seed28,0.35,10,28,0.4365,0.6353225806451613,0.6371816638370118,0.8600496277915632,0.8698924731182796,"[[805, 280], [2, 928]]"
best_seed28,0.35,10,28,0.437,0.6358064516129033,0.6376263238742017,0.8600496277915632,0.8698924731182796,"[[805, 280], [2, 928]]"
best_seed28,0.35,10,28,0.550457642626281,0.6141935483870967,0.6079392028458243,0.8600496277915632,0.8587557603686635,"[[950, 135], [147, 783]]"
best_seed28,0.35,10,28,0.5515,0.6137096774193549,0.6073490177055542,0.8600496277915632,0.8586021505376344,"[[952, 133], [149, 781]]"
best_seed28,0.35,10,28,0.5519999999999999,0.6135483870967742,0.6071307300509338,0.8600496277915632,0.8586021505376344,"[[952, 133], [149, 781]]"
best_seed28,0.35,10,28,0.5525,0.6135483870967742,0.6070983911391381,0.8600496277915632,0.8586021505376344,"[[952, 133], [149, 781]]"
seed50_leaf8,0.35,8,50,0.45099999999999996,0.6279032258064516,0.6293879860942679,0.8595533498759306,0.8695852534562212,"[[802, 283], [0, 930]]"
best_seed28,0.35,10,28,0.434,0.6366129032258064,0.6385884065001213,0.8595533498759306,0.869431643625192,"[[804, 281], [2, 928]]"
best_seed28,0.35,10,28,0.4345,0.6359677419354839,0.6378931198965154,0.8595533498759306,0.869431643625192,"[[804, 281], [2, 928]]"
best_seed198,0.35,8,198,0.45549999999999996,0.6296774193548387,0.6308028134853263,0.8595533498759306,0.8690476190476191,"[[809, 276], [7, 923]]"
best_seed198,0.35,8,198,0.45599999999999996,0.6293548387096775,0.6304470854555744,0.8595533498759306,0.8690476190476191,"[[809, 276], [7, 923]]"
best_seed198,0.35,8,198,0.45649999999999996,0.6296774193548387,0.6307219662058372,0.8595533498759306,0.8690476190476191,"[[809, 276], [7, 923]]"
best_seed198,0.35,8,198,0.45699999999999996,0.6295161290322581,0.6305521869189101,0.8595533498759306,0.8690476190476191,"[[809, 276], [7, 923]]"
best_seed28,0.35,10,28,0.5529999999999999,0.6137096774193549,0.6072358315142695,0.8595533498759306,0.8580645161290323,"[[952, 133], [150, 780]]"
seed50_leaf8,0.35,8,50,0.44949999999999996,0.6285483870967742,0.6300994421537716,0.8590570719602978,0.8691244239631337,"[[801, 284], [0, 930]]"
seed50_leaf8,0.35,8,50,0.44999999999999996,0.6283870967741936,0.6299134934109467,0.8590570719602978,0.8691244239631337,"[[801, 284], [0, 930]]"
seed50_leaf8,0.35,8,50,0.45049999999999996,0.6277419354838709,0.6292343762632387,0.8590570719602978,0.8691244239631337,"[[801, 284], [0, 930]]"
best_seed28,0.35,10,28,0.4335,0.6364516129032258,0.6384671355808877,0.8590570719602978,0.8689708141321044,"[[803, 282], [2, 928]]"
best_seed198,0.35,8,198,0.45299999999999996,0.6298387096774194,0.6311181178753336,0.8590570719602978,0.868663594470046,"[[807, 278], [6, 924]]"
best_seed198,0.35,8,198,0.45349999999999996,0.6301612903225806,0.6313929986255962,0.8590570719602978,0.868663594470046,"[[807, 278], [6, 924]]"
best_seed198,0.35,8,198,0.45399999999999996,0.6296774193548387,0.6308674913089174,0.8590570719602978,0.8685867895545314,"[[808, 277], [7, 923]]"
best_seed198,0.35,8,198,0.45449999999999996,0.6298387096774194,0.6310049316840489,0.8590570719602978,0.8685867895545314,"[[808, 277], [7, 923]]"
best_seed198,0.35,8,198,0.45499999999999996,0.6298387096774194,0.6309725927722531,0.8590570719602978,0.8685867895545314,"[[808, 277], [7, 923]]"
seed50_leaf8,0.35,8,50,0.5612528534220205,0.6135483870967742,0.6073085940658097,0.8590570719602978,0.8592933947772657,"[[929, 156], [128, 802]]"
best_seed198,0.35,8,198,0.5605061327324338,0.6116129032258064,0.6052065647990945,0.8590570719602978,0.8585253456221198,"[[939, 146], [138, 792]]"
best_seed198,0.35,8,198,0.5619999999999999,0.6109677419354839,0.6044627698277953,0.8590570719602978,0.8583717357910907,"[[941, 144], [140, 790]]"
best_seed198,0.35,8,198,0.5625,0.6103225806451613,0.6037674832241895,0.8590570719602978,0.8582949308755761,"[[942, 143], [141, 789]]"
best_seed28,0.35,10,28,0.5535,0.613225806451613,0.606694154741693,0.8590570719602978,0.8575268817204301,"[[952, 133], [151, 779]]"
best_seed198,0.35,8,198,0.45099999999999996,0.6306451612903226,0.6320963699571509,0.858560794044665,0.8682795698924731,"[[805, 280], [5, 925]]"
best_seed198,0.35,8,198,0.45149999999999996,0.6301612903225806,0.6315870320963699,0.858560794044665,0.8682795698924731,"[[805, 280], [5, 925]]"
best_seed198,0.35,8,198,0.45199999999999996,0.6298387096774194,0.6312313040666182,0.858560794044665,0.8682795698924731,"[[805, 280], [5, 925]]"
best_seed198,0.35,8,198,0.45249999999999996,0.6296774193548387,0.6310130164119977,0.858560794044665,0.8682027649769586,"[[806, 279], [6, 924]]"
best_seed198,0.35,8,198,0.5599999999999999,0.6117741935483871,0.6053763440860215,0.858560794044665,0.8581413210445468,"[[937, 148], [137, 793]]"
best_seed198,0.35,8,198,0.5605,0.6116129032258064,0.6052065647990945,0.858560794044665,0.8580645161290322,"[[938, 147], [138, 792]]"
best_seed198,0.35,8,198,0.5609999999999999,0.6116129032258064,0.6051580564314011,0.858560794044665,0.8579877112135177,"[[939, 146], [139, 791]]"
best_seed198,0.35,8,198,0.5614999999999999,0.6112903225806452,0.6048023284016493,0.858560794044665,0.857910906298003,"[[940, 145], [140, 790]]"
seed50_leaf8,0.35,8,50,0.44749999999999995,0.6288709677419355,0.6305036785512168,0.8580645161290322,0.8682027649769586,"[[799, 286], [0, 930]]"
seed50_leaf8,0.35,8,50,0.44799999999999995,0.6283870967741936,0.6299943406904358,0.8580645161290322,0.8682027649769586,"[[799, 286], [0, 930]]"
seed50_leaf8,0.35,8,50,0.44849999999999995,0.6287096774193548,0.6303015603524942,0.8580645161290322,0.8682027649769586,"[[799, 286], [0, 930]]"
seed50_leaf8,0.35,8,50,0.44899999999999995,0.6285483870967742,0.6301156116096693,0.8580645161290322,0.8682027649769586,"[[799, 286], [0, 930]]"
best_seed28,0.35,10,28,0.43,0.6361290322580645,0.6383054410219096,0.8580645161290322,0.8680491551459293,"[[801, 284], [2, 928]]"
best_seed28,0.35,10,28,0.4305,0.6361290322580645,0.6382892715660118,0.8580645161290322,0.8680491551459293,"[[801, 284], [2, 928]]"
best_seed28,0.35,10,28,0.431,0.6364516129032258,0.6385964912280702,0.8580645161290322,0.8680491551459293,"[[801, 284], [2, 928]]"
best_seed28,0.35,10,28,0.4315,0.6361290322580645,0.6382569326542162,0.8580645161290322,0.8680491551459293,"[[801, 284], [2, 928]]"
best_seed28,0.35,10,28,0.432,0.6361290322580645,0.6382407631983185,0.8580645161290322,0.8680491551459293,"[[801, 284], [2, 928]]"
best_seed28,0.35,10,28,0.4325,0.6366129032258064,0.6386854232355081,0.8580645161290322,0.8680491551459293,"[[801, 284], [2, 928]]"
best_seed28,0.35,10,28,0.433,0.6366129032258064,0.6386692537796104,0.8580645161290322,0.8680491551459293,"[[801, 284], [2, 928]]"
best_seed198,0.35,8,198,0.44999999999999996,0.6306451612903226,0.6321610477807422,0.8580645161290322,0.8678955453149002,"[[803, 282], [4, 926]]"
best_seed198,0.35,8,198,0.45049999999999996,0.6308064516129033,0.6322984881558735,0.8580645161290322,0.8678187403993856,"[[804, 281], [5, 925]]"
seed50_leaf8,0.35,8,50,0.5614999999999999,0.6133870967741936,0.6071388147788828,0.8580645161290322,0.8582181259600614,"[[929, 156], [130, 800]]"
best_seed198,0.35,8,198,0.563,0.6098387096774194,0.6032581453634085,0.8580645161290322,0.8572196620583716,"[[942, 143], [143, 787]]"
best_seed28,0.35,10,28,0.5539999999999999,0.613225806451613,0.6066618158298973,0.8580645161290322,0.8564516129032258,"[[952, 133], [153, 777]]"
seed50_leaf8,0.35,8,50,0.44599999999999995,0.6287096774193548,0.630398577087881,0.8575682382133996,0.8677419354838709,"[[798, 287], [0, 930]]"
seed50_leaf8,0.35,8,50,0.4465,0.6288709677419355,0.6305360174630124,0.8575682382133996,0.8677419354838709,"[[798, 287], [0, 930]]"
seed50_leaf8,0.35,8,50,0.44685678691806313,0.6290322580645161,0.6306734578381438,0.8575682382133996,0.8677419354838709,"[[798, 287], [0, 930]]"
seed50_leaf8,0.35,8,50,0.44699999999999995,0.6290322580645161,0.6306734578381438,0.8575682382133996,0.8677419354838709,"[[798, 287], [0, 930]]"
best_seed198,0.35,8,198,0.44949999999999996,0.6311290322580645,0.6326703856415232,0.8575682382133996,0.8675115207373272,"[[801, 284], [3, 927]]"
best_seed198,0.35,8,198,0.4502500208570863,0.6306451612903226,0.6321610477807422,0.8575682382133996,0.867357910906298,"[[803, 282], [5, 925]]"
best_seed198,0.35,8,198,0.5634999999999999,0.609516129032258,0.6028700784218611,0.8575682382133996,0.8566820276497695,"[[942, 143], [144, 786]]"
best_seed198,0.35,8,198,0.44899999999999995,0.6309677419354839,0.6325167758104939,0.8570719602977668,0.8670506912442397,"[[800, 285], [3, 927]]"
seed50_leaf8,0.35,8,50,0.5619999999999999,0.6135483870967742,0.6072439162422184,0.8570719602977668,0.8571428571428572,"[[929, 156], [132, 798]]"
seed50_leaf8,0.35,8,50,0.563,0.6137096774193549,0.6073328482496564,0.8570719602977668,0.8570660522273426,"[[930, 155], [133, 797]]"
best_seed198,0.35,8,198,0.5635455408828147,0.6093548387096774,0.6027002991349342,0.8570719602977668,0.8561443932411674,"[[942, 143], [145, 785]]"
best_seed198,0.35,8,198,0.564,0.6090322580645161,0.6023284016492845,0.8570719602977668,0.8560675883256528,"[[943, 142], [146, 784]]"
best_seed28,0.35,10,28,0.5542543991302248,0.6129032258064516,0.6063222572560434,0.8570719602977668,0.8553763440860216,"[[952, 133], [155, 775]]"
seed50_leaf8,0.35,8,50,0.44499999999999995,0.6288709677419355,0.6306330341983992,0.856575682382134,0.8668202764976958,"[[796, 289], [0, 930]]"
seed50_leaf8,0.35,8,50,0.4455,0.6290322580645161,0.6307543051176328,0.856575682382134,0.8668202764976958,"[[796, 289], [0, 930]]"
best_seed198,0.35,8,198,0.44849999999999995,0.6314516129032258,0.6330422831271727,0.856575682382134,0.866589861751152,"[[799, 286], [3, 927]]"
seed50_leaf8,0.35,8,50,0.5625,0.6135483870967742,0.607195407874525,0.856575682382134,0.856605222734255,"[[929, 156], [133, 797]]"
seed50_leaf8,0.35,8,50,0.5634999999999999,0.6133870967741936,0.6069771202199046,0.856575682382134,0.8565284178187405,"[[930, 155], [134, 796]]"
best_seed28,0.35,10,28,0.5545,0.612741935483871,0.6061201390573208,0.856575682382134,0.8547619047619048,"[[953, 132], [157, 773]]"
best_seed28,0.35,10,28,0.5549999999999999,0.6122580645161291,0.6055784622847441,0.856575682382134,0.8546850998463902,"[[954, 131], [158, 772]]"
best_seed28,0.35,10,28,0.5555,0.6119354838709677,0.6052065647990945,0.856575682382134,0.8546850998463902,"[[954, 131], [158, 772]]"
seed50_leaf8,0.35,8,50,0.4445,0.6290322580645161,0.6308028134853263,0.8560794044665012,0.8663594470046083,"[[795, 290], [0, 930]]"
best_seed28,0.35,10,28,0.4295,0.6361290322580645,0.6383054410219096,0.8560794044665012,0.866205837173579,"[[797, 288], [2, 928]]"
best_seed28,0.35,10,28,0.4265,0.636774193548387,0.6391300832726978,0.8555831265508684,0.8657450076804916,"[[796, 289], [2, 928]]"
best_seed28,0.35,10,28,0.427,0.6364516129032258,0.6387743552429461,0.8555831265508684,0.8657450076804916,"[[796, 289], [2, 928]]"
best_seed28,0.35,10,28,0.4275,0.6364516129032258,0.6387258468752526,0.8555831265508684,0.8657450076804916,"[[796, 289], [2, 928]]"
best_seed28,0.35,10,28,0.428,0.6364516129032258,0.638693507963457,0.8555831265508684,0.8657450076804916,"[[796, 289], [2, 928]]"
best_seed28,0.35,10,28,0.42823574816412563,0.6364516129032258,0.638693507963457,0.8555831265508684,0.8657450076804916,"[[796, 289], [2, 928]]"
best_seed28,0.35,10,28,0.4285,0.6362903225806451,0.6385075592206322,0.8555831265508684,0.8657450076804916,"[[796, 289], [2, 928]]"
best_seed28,0.35,10,28,0.429,0.6361290322580645,0.6383216104778073,0.8555831265508684,0.8657450076804916,"[[796, 289], [2, 928]]"
best_seed198,0.35,8,198,0.44749999999999995,0.6311290322580645,0.6327512329210122,0.8555831265508684,0.8656682027649769,"[[797, 288], [3, 927]]"
best_seed198,0.35,8,198,0.44799999999999995,0.6314516129032258,0.6330584525830706,0.8555831265508684,0.8656682027649769,"[[797, 288], [3, 927]]"
seed50_leaf8,0.35,8,50,0.564,0.6129032258064516,0.6064516129032258,0.8555831265508684,0.855453149001536,"[[930, 155], [136, 794]]"
best_seed198,0.35,8,198,0.5645,0.6090322580645161,0.6022960627374889,0.8555831265508684,0.8544546850998465,"[[943, 142], [149, 781]]"
seed50_leaf8,0.35,8,50,0.4435,0.6288709677419355,0.6306977120219904,0.8550868486352358,0.8654377880184332,"[[793, 292], [0, 930]]"
seed50_leaf8,0.35,8,50,0.44399999999999995,0.6291935483870967,0.630988762228151,0.8550868486352358,0.8654377880184332,"[[793, 292], [0, 930]]"
best_seed28,0.35,10,28,0.426,0.6366129032258064,0.6389764734416687,0.8550868486352358,0.865284178187404,"[[795, 290], [2, 928]]"
best_seed198,0.35,8,198,0.44599999999999995,0.6312903225806452,0.6329695205756326,0.8550868486352358,0.8652073732718895,"[[796, 289], [3, 927]]"
best_seed198,0.35,8,198,0.4465,0.6311290322580645,0.6327835718328079,0.8550868486352358,0.8652073732718895,"[[796, 289], [3, 927]]"
best_seed198,0.35,8,198,0.44699999999999995,0.6309677419354839,0.632597623089983,0.8550868486352358,0.8652073732718895,"[[796, 289], [3, 927]]"
seed50_leaf8,0.35,8,50,0.5640723038534623,0.6129032258064516,0.6064516129032258,0.8550868486352358,0.8549155145929339,"[[930, 155], [137, 793]]"
seed50_leaf8,0.35,8,50,0.5645,0.6129032258064516,0.606435443447328,0.8550868486352358,0.8547619047619048,"[[932, 153], [139, 791]]"
best_seed198,0.35,8,198,0.565,0.6088709677419355,0.6020939445387663,0.8550868486352358,0.8538402457757297,"[[944, 141], [151, 779]]"
best_seed28,0.35,10,28,0.5559999999999999,0.6114516129032258,0.6046648880265179,0.8550868486352358,0.8530721966205836,"[[954, 131], [161, 769]]"
best_seed28,0.35,10,28,0.425,0.6366129032258064,0.63904115126526,0.854590570719603,0.8649001536098311,"[[793, 292], [1, 929]]"
best_seed28,0.35,10,28,0.4255,0.636774193548387,0.6391785916403914,0.854590570719603,0.8648233486943164,"[[794, 291], [2, 928]]"
best_seed198,0.35,8,198,0.44499999999999995,0.631774193548387,0.6334950278923114,0.854590570719603,0.8647465437788019,"[[795, 290], [3, 927]]"
best_seed198,0.35,8,198,0.4455,0.6316129032258064,0.6333090791494866,0.854590570719603,0.8647465437788019,"[[795, 290], [3, 927]]"
best_seed198,0.35,8,198,0.4455106953157366,0.6316129032258064,0.6333090791494866,0.854590570719603,0.8647465437788019,"[[795, 290], [3, 927]]"
best_seed28,0.35,10,28,0.5565,0.6108064516129033,0.6039696014229121,0.854590570719603,0.8525345622119815,"[[954, 131], [162, 768]]"
seed50_leaf8,0.35,8,50,0.443,0.6287096774193548,0.6305764411027568,0.8540942928039702,0.864516129032258,"[[791, 294], [0, 930]]"
best_seed28,0.35,10,28,0.4245,0.6362903225806451,0.6387339316032016,0.8540942928039702,0.8644393241167434,"[[792, 293], [1, 929]]"
best_seed198,0.35,8,198,0.5653813983241491,0.6085483870967742,0.6017382165090145,0.8540942928039702,0.8527649769585253,"[[944, 141], [153, 777]]"
best_seed28,0.35,10,28,0.55657052297753,0.6108064516129033,0.6039696014229121,0.8540942928039702,0.8519969278033794,"[[954, 131], [163, 767]]"
seed50_leaf8,0.35,8,50,0.4425,0.6287096774193548,0.6306087800145526,0.8535980148883374,0.8640552995391705,"[[790, 295], [0, 930]]"
best_seed28,0.35,10,28,0.424,0.6361290322580645,0.6385964912280702,0.8535980148883374,0.863978494623656,"[[791, 294], [1, 929]]"
best_seed198,0.35,8,198,0.44399999999999995,0.6316129032258064,0.6334060958848735,0.8535980148883374,0.8638248847926268,"[[793, 292], [3, 927]]"
best_seed198,0.35,8,198,0.4445,0.6316129032258064,0.63335758751718,0.8535980148883374,0.8638248847926268,"[[793, 292], [3, 927]]"
seed50_leaf8,0.35,8,50,0.565,0.612741935483871,0.6062171557927076,0.8535980148883374,0.8531490015360983,"[[932, 153], [142, 788]]"
seed50_leaf8,0.35,8,50,0.4415,0.6295161290322581,0.6314576764491875,0.8531017369727047,0.8635944700460829,"[[789, 296], [0, 930]]"
seed50_leaf8,0.35,8,50,0.442,0.6293548387096775,0.6312878971622605,0.8531017369727047,0.8635944700460829,"[[789, 296], [0, 930]]"
best_seed28,0.35,10,28,0.423,0.6351612903225806,0.6376910016977928,0.8531017369727047,0.8635176651305683,"[[790, 295], [1, 929]]"
best_seed28,0.35,10,28,0.4235,0.6356451612903226,0.6381356617349826,0.8531017369727047,0.8635176651305683,"[[790, 295], [1, 929]]"
best_seed198,0.35,8,198,0.443,0.6324193548387097,0.6342873312313041,0.8531017369727047,0.8633640552995392,"[[792, 293], [3, 927]]"
best_seed198,0.35,8,198,0.4435,0.6319354838709678,0.6337456544587274,0.8531017369727047,0.8633640552995392,"[[792, 293], [3, 927]]"
seed50_leaf8,0.35,8,50,0.5654999999999999,0.6125806451612903,0.6060312070498828,0.8531017369727047,0.8526113671274962,"[[932, 153], [143, 787]]"
seed50_leaf8,0.35,8,50,0.5658695135071375,0.6120967741935484,0.605505699733204,0.8531017369727047,0.8525345622119815,"[[933, 152], [144, 786]]"
best_seed198,0.35,8,198,0.5654999999999999,0.608225806451613,0.6013986579351605,0.8531017369727047,0.8516897081413211,"[[944, 141], [155, 775]]"
seed50_leaf8,0.35,8,50,0.4413547304489863,0.6291935483870967,0.6311504567871291,0.852605459057072,0.8631336405529955,"[[788, 297], [0, 930]]"
best_seed28,0.35,10,28,0.422,0.635483870967742,0.6380790686393403,0.852605459057072,0.8630568356374808,"[[789, 296], [1, 929]]"
best_seed28,0.35,10,28,0.4225,0.635,0.6375697307785593,0.852605459057072,0.8630568356374808,"[[789, 296], [1, 929]]"
best_seed198,0.35,8,198,0.442,0.6325806451612903,0.6345056188859245,0.852605459057072,0.8629800307219662,"[[790, 295], [2, 928]]"
best_seed198,0.35,8,198,0.4425,0.6324193548387097,0.6343196701430998,0.852605459057072,0.8629800307219662,"[[790, 295], [2, 928]]"
best_seed28,0.35,10,28,0.5569999999999999,0.6111290322580645,0.6042606516290727,0.852605459057072,0.8503072196620584,"[[955, 130], [167, 763]]"
best_seed28,0.35,10,28,0.5575,0.6108064516129033,0.6039049235993209,0.852605459057072,0.8503072196620584,"[[955, 130], [167, 763]]"
seed50_leaf8,0.35,8,50,0.441,0.6290322580645161,0.6310130164119978,0.8521091811414392,0.8626728110599078,"[[787, 298], [0, 930]]"
best_seed198,0.35,8,198,0.4415,0.6329032258064516,0.6348613469156763,0.8521091811414392,0.8625192012288787,"[[789, 296], [2, 928]]"
seed50_leaf8,0.35,8,50,0.566,0.6120967741935484,0.605505699733204,0.8521091811414392,0.8514592933947773,"[[933, 152], [146, 784]]"
seed50_leaf8,0.35,8,50,0.5665,0.6117741935483871,0.6051338022475544,0.8521091811414392,0.8513824884792627,"[[934, 151], [147, 783]]"
seed50_leaf8,0.35,8,50,0.568,0.6117741935483871,0.6049559382326785,0.8521091811414392,0.8509216589861751,"[[940, 145], [153, 777]]"
seed50_leaf8,0.35,8,50,0.437,0.63,0.6321933866925378,0.8516129032258064,0.8622119815668203,"[[786, 299], [0, 930]]"
seed50_leaf8,0.35,8,50,0.4375,0.6303225806451613,0.6324844368986984,0.8516129032258064,0.8622119815668203,"[[786, 299], [0, 930]]"
seed50_leaf8,0.35,8,50,0.438,0.6304838709677419,0.6326057078179319,0.8516129032258064,0.8622119815668203,"[[786, 299], [0, 930]]"
seed50_leaf8,0.35,8,50,0.4385,0.6301612903225806,0.632266149244078,0.8516129032258064,0.8622119815668203,"[[786, 299], [0, 930]]"
seed50_leaf8,0.35,8,50,0.439,0.6298387096774194,0.6318942517584283,0.8516129032258064,0.8622119815668203,"[[786, 299], [0, 930]]"
seed50_leaf8,0.35,8,50,0.4395,0.6296774193548387,0.6316921335597057,0.8516129032258064,0.8622119815668203,"[[786, 299], [0, 930]]"
seed50_leaf8,0.35,8,50,0.44,0.6295161290322581,0.6315223542727788,0.8516129032258064,0.8622119815668203,"[[786, 299], [0, 930]]"
seed50_leaf8,0.35,8,50,0.4405,0.6291935483870967,0.6311827956989248,0.8516129032258064,0.8622119815668203,"[[786, 299], [0, 930]]"
best_seed28,0.35,10,28,0.4213961369025498,0.6356451612903226,0.6382650173821651,0.8516129032258064,0.8621351766513057,"[[787, 298], [1, 929]]"
best_seed28,0.35,10,28,0.4215,0.6356451612903226,0.6382650173821651,0.8516129032258064,0.8621351766513057,"[[787, 298], [1, 929]]"
best_seed198,0.35,8,198,0.441,0.6330645161290323,0.6350634651143989,0.8516129032258064,0.862058371735791,"[[788, 297], [2, 928]]"
seed50_leaf8,0.35,8,50,0.5685,0.6117741935483871,0.6049235993208828,0.8516129032258064,0.8503072196620585,"[[941, 144], [155, 775]]"
best_seed198,0.35,8,198,0.566,0.6080645161290322,0.6012127091923357,0.8516129032258064,0.85,"[[945, 140], [159, 771]]"
best_seed28,0.35,10,28,0.421,0.6358064516129033,0.63845096612499,0.8511166253101737,0.8616743471582181,"[[786, 299], [1, 929]]"
best_seed198,0.35,8,198,0.44,0.6337096774193548,0.6357910906298003,0.8511166253101737,0.8615975422427036,"[[787, 298], [2, 928]]"
best_seed198,0.35,8,198,0.4405,0.6332258064516129,0.6352655833131216,0.8511166253101737,0.8615975422427036,"[[787, 298], [2, 928]]"
seed50_leaf8,0.35,8,50,0.5671757528145672,0.6117741935483871,0.6050206160562697,0.8511166253101737,0.8501536098310292,"[[936, 149], [151, 779]]"
seed50_leaf8,0.35,8,50,0.5674999999999999,0.6119354838709677,0.6051418869755033,0.8511166253101737,0.85,"[[938, 147], [153, 777]]"
seed50_leaf8,0.35,8,50,0.5688307710510118,0.6119354838709677,0.6050772091519121,0.8511166253101737,0.8497695852534562,"[[941, 144], [156, 774]]"
best_seed198,0.35,8,198,0.5665,0.6074193548387097,0.6004850836769342,0.8511166253101737,0.8494623655913979,"[[945, 140], [160, 770]]"
best_seed198,0.35,8,198,0.5667770383886803,0.6074193548387097,0.6004850836769342,0.8511166253101737,0.8493855606758833,"[[946, 139], [161, 769]]"
best_seed28,0.35,10,28,0.5579999999999999,0.6104838709677419,0.6035168566577734,0.8511166253101737,0.8486943164362519,"[[955, 130], [170, 760]]"
best_seed28,0.35,10,28,0.5595,0.6101612903225806,0.6030317729808392,0.8511166253101737,0.8485407066052227,"[[957, 128], [172, 758]]"
seed50_leaf8,0.35,8,50,0.4365,0.6298387096774194,0.6320721157733042,0.850620347394541,0.8612903225806452,"[[784, 301], [0, 930]]"
best_seed28,0.35,10,28,0.42,0.635483870967742,0.6381760853747271,0.850620347394541,0.8612135176651305,"[[785, 300], [1, 929]]"
best_seed28,0.35,10,28,0.4205,0.6356451612903226,0.6383135257498584,0.850620347394541,0.8612135176651305,"[[785, 300], [1, 929]]"
best_seed198,0.35,8,198,0.437,0.6330645161290323,0.635306006952866,0.850620347394541,0.8612135176651305,"[[785, 300], [1, 929]]"
best_seed198,0.35,8,198,0.4375,0.6332258064516129,0.6354434473279974,0.850620347394541,0.8612135176651305,"[[785, 300], [1, 929]]"
best_seed198,0.35,8,198,0.438,0.6337096774193548,0.6358881073651872,0.850620347394541,0.8612135176651305,"[[785, 300], [1, 929]]"
best_seed198,0.35,8,198,0.4385,0.6337096774193548,0.6358719379092894,0.850620347394541,0.8611367127496159,"[[786, 299], [2, 928]]"
best_seed198,0.35,8,198,0.439,0.6337096774193548,0.6358557684533915,0.850620347394541,0.8611367127496159,"[[786, 299], [2, 928]]"
best_seed198,0.35,8,198,0.4391823622134001,0.6337096774193548,0.6358395989974936,0.850620347394541,0.8611367127496159,"[[786, 299], [2, 928]]"
best_seed198,0.35,8,198,0.4395,0.6333870967741936,0.6355000404236397,0.850620347394541,0.8611367127496159,"[[786, 299], [2, 928]]"
seed50_leaf8,0.35,8,50,0.567,0.6114516129032258,0.6047295658501091,0.850620347394541,0.8496927803379417,"[[935, 150], [151, 779]]"
seed50_leaf8,0.35,8,50,0.5705,0.6106451612903225,0.6037028054005983,0.850620347394541,0.8490015360983103,"[[944, 141], [160, 770]]"
best_seed198,0.35,8,198,0.567,0.607741935483871,0.6007761338830948,0.850620347394541,0.8488479262672811,"[[946, 139], [162, 768]]"
seed50_leaf8,0.35,8,50,0.572,0.6098387096774194,0.602789231142372,0.850620347394541,0.8486943164362519,"[[948, 137], [164, 766]]"
best_seed198,0.35,8,198,0.568,0.6069354838709677,0.5998948985366642,0.850620347394541,0.8486175115207373,"[[949, 136], [165, 765]]"
best_seed28,0.35,10,28,0.5585,0.6096774193548387,0.6026517907672407,0.850620347394541,0.8481566820276498,"[[955, 130], [171, 759]]"
best_seed28,0.35,10,28,0.5599999999999999,0.6101612903225806,0.6029994340690435,0.850620347394541,0.8480030721966205,"[[957, 128], [173, 757]]"
best_seed28,0.35,10,28,0.5605,0.6098387096774194,0.602627536583394,0.850620347394541,0.8480030721966205,"[[957, 128], [173, 757]]"
seed50_leaf8,0.35,8,50,0.569,0.6117741935483871,0.604907429864985,0.8501240694789082,0.8486943164362519,"[[941, 144], [158, 772]]"
seed50_leaf8,0.35,8,50,0.5694999999999999,0.6112903225806452,0.604398092004204,0.8501240694789082,0.8486943164362519,"[[941, 144], [158, 772]]"
seed50_leaf8,0.35,8,50,0.571,0.6103225806451613,0.6033309079149487,0.8501240694789082,0.8484639016897082,"[[944, 141], [161, 769]]"
seed50_leaf8,0.35,8,50,0.5712047047361232,0.6103225806451613,0.6033147384590509,0.8501240694789082,0.8483870967741935,"[[945, 140], [162, 768]]"
seed50_leaf8,0.35,8,50,0.5714999999999999,0.6101612903225806,0.6031449591721239,0.8501240694789082,0.8482334869431644,"[[947, 138], [164, 766]]"
best_seed198,0.35,8,198,0.5674999999999999,0.6074193548387097,0.6004042363974452,0.8501240694789082,0.8481566820276498,"[[948, 137], [165, 765]]"
best_seed198,0.35,8,198,0.5685,0.6069354838709677,0.5998787290807664,0.8501240694789082,0.8480030721966205,"[[950, 135], [167, 763]]"
best_seed198,0.35,8,198,0.5685158236388913,0.6069354838709677,0.5998787290807664,0.8501240694789082,0.8480030721966205,"[[950, 135], [167, 763]]"
best_seed28,0.35,10,28,0.5589989375744907,0.6098387096774194,0.6027407227746786,0.8501240694789082,0.8476190476190476,"[[955, 130], [172, 758]]"
best_seed28,0.35,10,28,0.5589999999999999,0.6098387096774194,0.6027407227746786,0.8501240694789082,0.8476190476190476,"[[955, 130], [172, 758]]"
best_seed28,0.35,10,28,0.5614999999999999,0.6093548387096774,0.6020696903549195,0.8501240694789082,0.8472350230414747,"[[960, 125], [177, 753]]"
best_seed28,0.35,10,28,0.5616252807968302,0.6093548387096774,0.6020535208990218,0.8501240694789082,0.8472350230414747,"[[960, 125], [177, 753]]"
best_seed198,0.35,8,198,0.4365,0.6330645161290323,0.6353545153205595,0.8496277915632754,0.8602918586789554,"[[783, 302], [1, 929]]"
seed50_leaf8,0.35,8,50,0.57,0.6108064516129033,0.603888754143423,0.8496277915632754,0.8480798771121352,"[[942, 143], [160, 770]]"
seed50_leaf8,0.35,8,50,0.5725,0.6096774193548387,0.6026032823995473,0.8496277915632754,0.8476190476190476,"[[948, 137], [166, 764]]"
best_seed198,0.35,8,198,0.569,0.6067741935483871,0.599660441426146,0.8496277915632754,0.8474654377880184,"[[950, 135], [168, 762]]"
best_seed28,0.35,10,28,0.5609999999999999,0.6098387096774194,0.6025790282157005,0.8496277915632754,0.8468509984639017,"[[958, 127], [176, 754]]"
seed50_leaf8,0.35,8,50,0.435,0.6298387096774194,0.6321206241409977,0.8491315136476427,0.8599078341013825,"[[781, 304], [0, 930]]"
seed50_leaf8,0.35,8,50,0.4355,0.6298387096774194,0.6321044546850998,0.8491315136476427,0.8599078341013825,"[[781, 304], [0, 930]]"
seed50_leaf8,0.35,8,50,0.436,0.6298387096774194,0.632088285229202,0.8491315136476427,0.8599078341013825,"[[781, 304], [0, 930]]"
best_seed198,0.35,8,198,0.435,0.6330645161290323,0.6354677015118442,0.8486352357320099,0.8593701996927803,"[[781, 304], [1, 929]]"
best_seed198,0.35,8,198,0.4355,0.6332258064516129,0.6355889724310777,0.8486352357320099,0.8593701996927803,"[[781, 304], [1, 929]]"
best_seed198,0.35,8,198,0.436,0.6325806451612903,0.6349098552833696,0.8486352357320099,0.8593701996927803,"[[781, 304], [1, 929]]"
best_seed198,0.35,8,198,0.5694999999999999,0.6069354838709677,0.5997817123453796,0.8486352357320099,0.8463901689708142,"[[950, 135], [170, 760]]"
best_seed28,0.35,10,28,0.5619999999999999,0.6093548387096774,0.602037351443124,0.8486352357320099,0.8456221198156681,"[[960, 125], [180, 750]]"
seed50_leaf8,0.35,8,50,0.4345,0.6298387096774194,0.6321206241409977,0.8481389578163772,0.8589861751152074,"[[779, 306], [0, 930]]"
best_seed198,0.35,8,198,0.4345,0.6330645161290323,0.635483870967742,0.8481389578163772,0.8589093701996928,"[[780, 305], [1, 929]]"
seed50_leaf8,0.35,8,50,0.573,0.6090322580645161,0.6019079957959415,0.8481389578163772,0.8460061443932412,"[[948, 137], [169, 761]]"
seed50_leaf8,0.35,8,50,0.5734999999999999,0.6090322580645161,0.6018756568841458,0.8481389578163772,0.8460061443932412,"[[948, 137], [169, 761]]"
seed50_leaf8,0.35,8,50,0.5736555376566175,0.6088709677419355,0.6017058775972188,0.8481389578163772,0.8460061443932412,"[[948, 137], [169, 761]]"
seed50_leaf8,0.35,8,50,0.574,0.6088709677419355,0.6016735386854233,0.8481389578163772,0.8460061443932412,"[[948, 137], [169, 761]]"
best_seed198,0.35,8,198,0.57,0.6069354838709677,0.5997332039776861,0.8481389578163772,0.845852534562212,"[[950, 135], [171, 759]]"
best_seed198,0.35,8,198,0.5705,0.6067741935483871,0.5995472552348614,0.8481389578163772,0.845852534562212,"[[950, 135], [171, 759]]"
best_seed28,0.35,10,28,0.41114807419041394,0.636774193548387,0.6399062171557928,0.8476426799007444,0.8585253456221198,"[[778, 307], [0, 930]]"
seed50_leaf8,0.35,8,50,0.4343789154939871,0.6298387096774194,0.6321206241409977,0.8476426799007444,0.8585253456221198,"[[778, 307], [0, 930]]"
best_seed198,0.35,8,198,0.433,0.6327419354838709,0.635225159673377,0.8476426799007444,0.8584485407066051,"[[779, 306], [1, 929]]"
best_seed198,0.35,8,198,0.4335,0.6330645161290323,0.6355323793354354,0.8476426799007444,0.8584485407066051,"[[779, 306], [1, 929]]"
best_seed198,0.35,8,198,0.434,0.6332258064516129,0.6356698197105668,0.8476426799007444,0.8584485407066051,"[[779, 306], [1, 929]]"
best_seed198,0.35,8,198,0.571,0.6066129032258064,0.5993613064920364,0.8476426799007444,0.8453149001536098,"[[950, 135], [172, 758]]"
seed50_leaf8,0.35,8,50,0.434,0.63,0.6323227423397203,0.8471464019851117,0.8580645161290323,"[[777, 308], [0, 930]]"
best_seed198,0.35,8,198,0.4325,0.6324193548387097,0.6349341094672165,0.8471464019851117,0.8579877112135177,"[[778, 307], [1, 929]]"
seed50_leaf8,0.35,8,50,0.5745,0.6088709677419355,0.6016411997736276,0.8471464019851117,0.8448540706605223,"[[949, 136], [172, 758]]"
best_seed198,0.35,8,198,0.5714999999999999,0.6066129032258064,0.5993451370361387,0.8471464019851117,0.8447772657450077,"[[950, 135], [173, 757]]"
best_seed198,0.35,8,198,0.5722878918207356,0.6062903225806452,0.5989732395504891,0.8471464019851117,0.8446236559139785,"[[952, 133], [175, 755]]"
best_seed198,0.35,8,198,0.5742822975822909,0.6054838709677419,0.5980434958363651,0.8471464019851117,0.8442396313364056,"[[957, 128], [180, 750]]"
best_seed28,0.35,10,28,0.5625,0.6093548387096774,0.6020211819872261,0.8471464019851117,0.8440092165898618,"[[960, 125], [183, 747]]"
best_seed28,0.35,10,28,0.563,0.6090322580645161,0.6016654539574744,0.8471464019851117,0.8439324116743472,"[[961, 124], [184, 746]]"
best_seed28,0.35,10,28,0.5634999999999999,0.6080645161290322,0.6006306087800146,0.8471464019851117,0.8439324116743472,"[[961, 124], [184, 746]]"
best_seed198,0.35,8,198,0.432,0.6324193548387097,0.6349664483790121,0.8466501240694789,0.8575268817204301,"[[777, 308], [1, 929]]"
best_seed198,0.35,8,198,0.43209426566931647,0.6325806451612903,0.6351200582100412,0.8466501240694789,0.8575268817204301,"[[777, 308], [1, 929]]"
seed50_leaf8,0.35,8,50,0.575,0.6083870967741936,0.6011156924569488,0.8466501240694789,0.8443164362519201,"[[949, 136], [173, 757]]"
best_seed198,0.35,8,198,0.572,0.6062903225806452,0.5990055784622847,0.8466501240694789,0.8441628264208909,"[[951, 134], [175, 755]]"
best_seed198,0.35,8,198,0.5725,0.6064516129032258,0.5991268493815183,0.8466501240694789,0.8440860215053764,"[[952, 133], [176, 754]]"
best_seed198,0.35,8,198,0.5734999999999999,0.6059677419354839,0.5986013420648395,0.8466501240694789,0.8438556067588325,"[[955, 130], [179, 751]]"
best_seed198,0.35,8,198,0.574,0.6058064516129033,0.5984153933220147,0.8466501240694789,0.8437788018433179,"[[956, 129], [180, 750]]"
seed50_leaf8,0.35,8,50,0.4335,0.6298387096774194,0.6321853019645889,0.8461538461538461,0.8571428571428572,"[[775, 310], [0, 930]]"
best_seed198,0.35,8,198,0.4315,0.6333870967741936,0.6359851241005741,0.8461538461538461,0.8570660522273426,"[[776, 309], [1, 929]]"
best_seed28,0.35,10,28,0.564,0.6075806451612903,0.6001212709192336,0.8461538461538461,0.8428571428571429,"[[961, 124], [186, 744]]"
best_seed28,0.35,10,28,0.5642297303453819,0.6074193548387097,0.5999353221764088,0.8461538461538461,0.8428571428571429,"[[961, 124], [186, 744]]"
seed50_leaf8,0.35,8,50,0.4315,0.6288709677419355,0.6312798124343115,0.8456575682382134,0.8566820276497695,"[[774, 311], [0, 930]]"
seed50_leaf8,0.35,8,50,0.432,0.6290322580645161,0.6314334222653408,0.8456575682382134,0.8566820276497695,"[[774, 311], [0, 930]]"
seed50_leaf8,0.35,8,50,0.4325,0.6293548387096775,0.6317406419273992,0.8456575682382134,0.8566820276497695,"[[774, 311], [0, 930]]"
seed50_leaf8,0.35,8,50,0.433,0.6298387096774194,0.6322014714204867,0.8456575682382134,0.8566820276497695,"[[774, 311], [0, 930]]"
best_seed198,0.35,8,198,0.4295,0.6333870967741936,0.6361468186595521,0.8456575682382134,0.856605222734255,"[[775, 310], [1, 929]]"
best_seed198,0.35,8,198,0.43,0.6332258064516129,0.6359447004608294,0.8456575682382134,0.856605222734255,"[[775, 310], [1, 929]]"
best_seed198,0.35,8,198,0.4305,0.6332258064516129,0.6358961920931361,0.8456575682382134,0.856605222734255,"[[775, 310], [1, 929]]"
best_seed198,0.35,8,198,0.431,0.6337096774193548,0.6363408521303258,0.8456575682382134,0.856605222734255,"[[775, 310], [1, 929]]"
best_seed198,0.35,8,198,0.573,0.6062903225806452,0.5989570700945913,0.8456575682382134,0.8429339477726574,"[[953, 132], [179, 751]]"
best_seed198,0.35,8,198,0.5745,0.6051612903225806,0.5976877678066133,0.8456575682382134,0.842626728110599,"[[957, 128], [183, 747]]"
best_seed28,0.35,10,28,0.5645,0.607741935483871,0.6002102029266715,0.8456575682382134,0.8423195084485406,"[[961, 124], [187, 743]]"
best_seed198,0.35,8,198,0.4275,0.6337096774193548,0.6365833939687929,0.8451612903225807,0.8562211981566821,"[[773, 312], [0, 930]]"
seed50_leaf8,0.35,8,50,0.4305,0.6293548387096775,0.631837658662786,0.8451612903225807,0.8562211981566821,"[[773, 312], [0, 930]]"
seed50_leaf8,0.35,8,50,0.431,0.6291935483870967,0.6316355404640634,0.8451612903225807,0.8562211981566821,"[[773, 312], [0, 930]]"
best_seed198,0.35,8,198,0.429,0.6330645161290323,0.6358395989974938,0.8451612903225807,0.8561443932411674,"[[774, 311], [1, 929]]"
seed50_leaf8,0.35,8,50,0.5754999999999999,0.6080645161290322,0.6007761338830948,0.8451612903225807,0.8427035330261137,"[[949, 136], [176, 754]]"
seed50_leaf8,0.35,8,50,0.5757981736935682,0.6079032258064516,0.6006063545961678,0.8451612903225807,0.842626728110599,"[[950, 135], [177, 753]]"
best_seed28,0.35,10,28,0.5654542626781762,0.6070967741935483,0.599498746867168,0.8451612903225807,0.8414746543778802,"[[965, 120], [192, 738]]"
best_seed28,0.35,10,28,0.5654999999999999,0.6067741935483871,0.5991591882933139,0.8451612903225807,0.8414746543778802,"[[965, 120], [192, 738]]"
best_seed198,0.35,8,198,0.4265,0.6335483870967742,0.6364782925054572,0.8446650124069479,0.8557603686635944,"[[772, 313], [0, 930]]"
best_seed198,0.35,8,198,0.427,0.6338709677419355,0.6367531732557199,0.8446650124069479,0.8557603686635944,"[[772, 313], [0, 930]]"
seed50_leaf8,0.35,8,50,0.43,0.6298387096774194,0.632346996523567,0.8446650124069479,0.8557603686635944,"[[772, 313], [0, 930]]"
best_seed198,0.35,8,198,0.428,0.6333870967741936,0.6361953270272456,0.8446650124069479,0.8556835637480799,"[[773, 312], [1, 929]]"
best_seed198,0.35,8,198,0.4285,0.6330645161290323,0.6358557684533915,0.8446650124069479,0.8556835637480799,"[[773, 312], [1, 929]]"
best_seed198,0.35,8,198,0.575,0.605,0.5974694801519929,0.8446650124069479,0.8415514592933948,"[[957, 128], [185, 745]]"
best_seed198,0.35,8,198,0.576,0.6040322580645161,0.5963376182391462,0.8446650124069479,0.8414746543778802,"[[958, 127], [186, 744]]"
best_seed198,0.35,8,198,0.5765,0.6035483870967742,0.5957959414665697,0.8446650124069479,0.8413978494623656,"[[959, 126], [187, 743]]"
best_seed198,0.35,8,198,0.426,0.6335483870967742,0.6365106314172528,0.8441687344913151,0.8552995391705069,"[[771, 314], [0, 930]]"
seed50_leaf8,0.35,8,50,0.4285,0.6304838709677419,0.633106960950764,0.8441687344913151,0.8552995391705069,"[[771, 314], [0, 930]]"
seed50_leaf8,0.35,8,50,0.429,0.6301612903225806,0.6327350634651144,0.8441687344913151,0.8552995391705069,"[[771, 314], [0, 930]]"
seed50_leaf8,0.35,8,50,0.4295,0.63,0.6325329452663917,0.8441687344913151,0.8552995391705069,"[[771, 314], [0, 930]]"
best_seed198,0.35,8,198,0.5754999999999999,0.6041935483870968,0.5965559058937667,0.8441687344913151,0.8410138248847927,"[[957, 128], [186, 744]]"
best_seed198,0.35,8,198,0.577,0.603225806451613,0.59542404398092,0.8441687344913151,0.8408602150537634,"[[959, 126], [188, 742]]"
best_seed198,0.35,8,198,0.5770584194931765,0.603225806451613,0.59542404398092,0.8441687344913151,0.8408602150537634,"[[959, 126], [188, 742]]"
best_seed198,0.35,8,198,0.5774999999999999,0.6030645161290322,0.5951572479586063,0.8441687344913151,0.8407834101382489,"[[960, 125], [189, 741]]"
best_seed198,0.35,8,198,0.578,0.6029032258064516,0.5949712992157814,0.8441687344913151,0.8407066052227342,"[[961, 124], [190, 740]]"
best_seed28,0.35,10,28,0.565,0.6074193548387097,0.5998544748969197,0.8441687344913151,0.8406298003072197,"[[962, 123], [191, 739]]"
best_seed198,0.35,8,198,0.425,0.6327419354838709,0.6358234295415959,0.8436724565756824,0.8548387096774194,"[[770, 315], [0, 930]]"
best_seed198,0.35,8,198,0.4255,0.6330645161290323,0.6360983102918587,0.8436724565756824,0.8548387096774194,"[[770, 315], [0, 930]]"
seed50_leaf8,0.35,8,50,0.428,0.6309677419354839,0.633616298811545,0.8436724565756824,0.8548387096774194,"[[770, 315], [0, 930]]"
seed50_leaf8,0.35,8,50,0.576,0.6075806451612903,0.6002667960223138,0.8436724565756824,0.840937019969278,"[[951, 134], [181, 749]]"
best_seed28,0.35,10,28,0.566,0.6069354838709677,0.5992804592125475,0.8436724565756824,0.8398617511520737,"[[965, 120], [195, 735]]"
seed50_leaf8,0.35,8,50,0.4275,0.6306451612903226,0.6333090791494866,0.8431761786600497,0.8543778801843318,"[[769, 316], [0, 930]]"
best_seed28,0.35,10,28,0.4023803877928329,0.635483870967742,0.6390654054491066,0.8426799007444169,0.8539170506912442,"[[768, 317], [0, 930]]"
best_seed198,0.35,8,198,0.4245,0.6327419354838709,0.6358395989974938,0.8426799007444169,0.8539170506912442,"[[768, 317], [0, 930]]"
best_seed198,0.35,8,198,0.42465583969139836,0.6327419354838709,0.6358395989974938,0.8426799007444169,0.8539170506912442,"[[768, 317], [0, 930]]"
seed50_leaf8,0.35,8,50,0.425,0.631774193548387,0.634546042525669,0.8426799007444169,0.8539170506912442,"[[768, 317], [0, 930]]"
seed50_leaf8,0.35,8,50,0.4255,0.6314516129032258,0.6341903144959172,0.8426799007444169,0.8539170506912442,"[[768, 317], [0, 930]]"
seed50_leaf8,0.35,8,50,0.426,0.6312903225806452,0.6340043657530925,0.8426799007444169,0.8539170506912442,"[[768, 317], [0, 930]]"
seed50_leaf8,0.35,8,50,0.4265,0.6311290322580645,0.6338184170102676,0.8426799007444169,0.8539170506912442,"[[768, 317], [0, 930]]"
seed50_leaf8,0.35,8,50,0.42658458541554284,0.6311290322580645,0.6338184170102676,0.8426799007444169,0.8539170506912442,"[[768, 317], [0, 930]]"
seed50_leaf8,0.35,8,50,0.427,0.6308064516129033,0.6334788584364136,0.8426799007444169,0.8539170506912442,"[[768, 317], [0, 930]]"
seed50_leaf8,0.35,8,50,0.5765,0.6067741935483871,0.5993855606758832,0.8426799007444169,0.8398617511520737,"[[951, 134], [183, 747]]"
seed50_leaf8,0.35,8,50,0.577,0.6064516129032258,0.5990136631902336,0.8426799007444169,0.8398617511520737,"[[951, 134], [183, 747]]"
best_seed198,0.35,8,198,0.5785,0.6020967741935483,0.594073894413453,0.8426799007444169,0.8390937019969278,"[[961, 124], [193, 737]]"
best_seed198,0.35,8,198,0.4235,0.6327419354838709,0.6358881073651872,0.8421836228287841,0.8534562211981567,"[[767, 318], [0, 930]]"
best_seed198,0.35,8,198,0.424,0.6327419354838709,0.6358719379092894,0.8421836228287841,0.8534562211981567,"[[767, 318], [0, 930]]"
seed50_leaf8,0.35,8,50,0.4225,0.6320967741935484,0.6349502789231143,0.8421836228287841,0.8534562211981567,"[[767, 318], [0, 930]]"
seed50_leaf8,0.35,8,50,0.423,0.6320967741935484,0.6349341094672164,0.8421836228287841,0.8534562211981567,"[[767, 318], [0, 930]]"
seed50_leaf8,0.35,8,50,0.4235,0.6320967741935484,0.6349341094672164,0.8421836228287841,0.8534562211981567,"[[767, 318], [0, 930]]"
seed50_leaf8,0.35,8,50,0.424,0.632258064516129,0.6350877192982456,0.8421836228287841,0.8534562211981567,"[[767, 318], [0, 930]]"
seed50_leaf8,0.35,8,50,0.4245,0.6320967741935484,0.634885601099523,0.8421836228287841,0.8534562211981567,"[[767, 318], [0, 930]]"
seed50_leaf8,0.35,8,50,0.5774902175030817,0.6064516129032258,0.5989651548225402,0.8421836228287841,0.839247311827957,"[[952, 133], [185, 745]]"
seed50_leaf8,0.35,8,50,0.5774999999999999,0.6064516129032258,0.5989651548225402,0.8421836228287841,0.839247311827957,"[[952, 133], [185, 745]]"
best_seed198,0.35,8,198,0.579,0.6014516129032258,0.5933947772657451,0.8421836228287841,0.8385560675883257,"[[961, 124], [194, 736]]"
best_seed198,0.35,8,198,0.42,0.6324193548387097,0.6357425822621069,0.8416873449131513,0.8529953917050691,"[[766, 319], [0, 930]]"
best_seed198,0.35,8,198,0.4205,0.6327419354838709,0.6360012935564718,0.8416873449131513,0.8529953917050691,"[[766, 319], [0, 930]]"
best_seed198,0.35,8,198,0.421,0.6327419354838709,0.6359851241005741,0.8416873449131513,0.8529953917050691,"[[766, 319], [0, 930]]"
best_seed198,0.35,8,198,0.4215,0.6325806451612903,0.6357991753577492,0.8416873449131513,0.8529953917050691,"[[766, 319], [0, 930]]"
best_seed198,0.35,8,198,0.422,0.6327419354838709,0.6359366157328805,0.8416873449131513,0.8529953917050691,"[[766, 319], [0, 930]]"
best_seed198,0.35,8,198,0.4225,0.6330645161290323,0.6362276659390411,0.8416873449131513,0.8529953917050691,"[[766, 319], [0, 930]]"
best_seed198,0.35,8,198,0.423,0.6327419354838709,0.6358881073651872,0.8416873449131513,0.8529953917050691,"[[766, 319], [0, 930]]"
seed50_leaf8,0.35,8,50,0.422,0.6325806451612903,0.6354919556956908,0.8411910669975186,0.8525345622119815,"[[765, 320], [0, 930]]"
seed50_leaf8,0.35,8,50,0.578,0.6069354838709677,0.5993774759479343,0.8411910669975186,0.8381720430107527,"[[952, 133], [187, 743]]"
best_seed198,0.35,8,198,0.5792726714161014,0.6012903225806452,0.593224997978818,0.8411910669975186,0.8374807987711214,"[[961, 124], [196, 734]]"
best_seed28,0.35,10,28,0.5665,0.6064516129032258,0.5987387824399709,0.8411910669975186,0.837173579109063,"[[965, 120], [200, 730]]"
seed50_leaf8,0.35,8,50,0.5785,0.6070967741935483,0.5994664079553723,0.8406947890818859,0.8376344086021505,"[[952, 133], [188, 742]]"
best_seed198,0.35,8,198,0.58,0.6011290322580645,0.5930390492359933,0.8406947890818859,0.8367127496159754,"[[964, 121], [200, 730]]"
best_seed28,0.35,10,28,0.567,0.6062903225806452,0.5985528336971461,0.8406947890818859,0.8365591397849463,"[[966, 119], [202, 728]]"
best_seed28,0.35,10,28,0.5674999999999999,0.6064516129032258,0.5986741046163797,0.8406947890818859,0.8365591397849463,"[[966, 119], [202, 728]]"
best_seed28,0.35,10,28,0.568,0.6059677419354839,0.598132427843803,0.8406947890818859,0.8364823348694317,"[[967, 118], [203, 727]]"
seed50_leaf8,0.35,8,50,0.4215,0.6327419354838709,0.6356617349826178,0.8401985111662531,0.8516129032258064,"[[763, 322], [0, 930]]"
best_seed198,0.35,8,198,0.5794999999999999,0.6011290322580645,0.593055218691891,0.8401985111662531,0.836405529953917,"[[961, 124], [198, 732]]"
best_seed28,0.35,10,28,0.5666336381392713,0.6064516129032258,0.598722612984073,0.8401985111662531,0.8360983102918587,"[[965, 120], [202, 728]]"
best_seed198,0.35,8,198,0.5803497965827836,0.6008064516129032,0.5926994906621392,0.8401985111662531,0.8360983102918587,"[[965, 120], [202, 728]]"
seed50_leaf8,0.35,8,50,0.579,0.6069354838709677,0.5992966286684454,0.8397022332506203,0.8364823348694317,"[[953, 132], [191, 739]]"
best_seed28,0.35,10,28,0.5685,0.6061290322580645,0.5982375293071388,0.8397022332506203,0.8353302611367127,"[[968, 117], [206, 724]]"
seed50_leaf8,0.35,8,50,0.5794999999999999,0.6066129032258064,0.5989247311827957,0.8392059553349875,0.8359447004608296,"[[953, 132], [192, 738]]"
seed50_leaf8,0.35,8,50,0.4205,0.6329032258064516,0.6358315142695448,0.8387096774193549,0.8502304147465438,"[[760, 325], [0, 930]]"
seed50_leaf8,0.35,8,50,0.421,0.6327419354838709,0.6356617349826178,0.8387096774193549,0.8502304147465438,"[[760, 325], [0, 930]]"
best_seed28,0.35,10,28,0.569,0.6056451612903225,0.5976958525345621,0.8387096774193549,0.8342549923195084,"[[968, 117], [208, 722]]"
seed50_leaf8,0.35,8,50,0.5799740884597184,0.6062903225806452,0.598569003153044,0.8382133995037221,0.8348694316436251,"[[953, 132], [194, 736]]"
seed50_leaf8,0.35,8,50,0.58,0.6062903225806452,0.598569003153044,0.8382133995037221,0.8348694316436251,"[[953, 132], [194, 736]]"
best_seed28,0.35,10,28,0.569382126335935,0.6056451612903225,0.5976796830786644,0.8382133995037221,0.8337173579109063,"[[968, 117], [209, 721]]"
best_seed28,0.35,10,28,0.5694999999999999,0.6056451612903225,0.5976796830786644,0.8382133995037221,0.8337173579109063,"[[968, 117], [209, 721]]"
best_seed198,0.35,8,198,0.5815361731991562,0.6003225806451613,0.5921254749777669,0.8382133995037221,0.8337173579109063,"[[968, 117], [209, 721]]"
best_seed28,0.35,10,28,0.5705,0.6056451612903225,0.5976150052550732,0.8382133995037221,0.8334869431643626,"[[971, 114], [212, 718]]"
best_seed28,0.35,10,28,0.5714960190359422,0.6043548387096774,0.5962406015037593,0.8382133995037221,0.8333333333333333,"[[973, 112], [214, 716]]"
best_seed28,0.35,10,28,0.5714999999999999,0.6043548387096774,0.5962406015037593,0.8382133995037221,0.8333333333333333,"[[973, 112], [214, 716]]"
best_seed28,0.35,10,28,0.3944412252780113,0.6335483870967742,0.6375454765947126,0.8377171215880893,0.8493087557603687,"[[758, 327], [0, 930]]"
best_seed198,0.35,8,198,0.41273773787727347,0.6316129032258064,0.6354111084162017,0.8377171215880893,0.8493087557603687,"[[758, 327], [0, 930]]"
seed50_leaf8,0.35,8,50,0.4199846188942577,0.6330645161290323,0.6360174630123696,0.8377171215880893,0.8493087557603687,"[[758, 327], [0, 930]]"
seed50_leaf8,0.35,8,50,0.42,0.6330645161290323,0.6360174630123696,0.8377171215880893,0.8493087557603687,"[[758, 327], [0, 930]]"
best_seed28,0.35,10,28,0.57,0.6053225806451613,0.5973239550489126,0.8377171215880893,0.8331029185867895,"[[969, 116], [211, 719]]"
best_seed28,0.35,10,28,0.571,0.6051612903225806,0.5970894979383944,0.8377171215880893,0.8329493087557605,"[[971, 114], [213, 717]]"
best_seed28,0.35,10,28,0.572,0.6043548387096774,0.5962082625919638,0.8377171215880893,0.8327188940092165,"[[974, 111], [216, 714]]"
seed50_leaf8,0.35,8,50,0.5837232239072337,0.6037096774193549,0.595593823267847,0.8372208436724565,0.8334869431643626,"[[957, 128], [200, 730]]"
best_seed198,0.35,8,198,0.5825447961344227,0.6008064516129032,0.5925539655590589,0.8372208436724565,0.8323348694316437,"[[972, 113], [215, 715]]"
seed50_leaf8,0.35,8,50,0.5864425002432418,0.6038709677419355,0.5955048912604091,0.8362282878411911,0.8321044546850997,"[[961, 124], [206, 724]]"
best_seed28,0.35,10,28,0.5725,0.6041935483870968,0.5960061443932412,0.8362282878411911,0.8311059907834102,"[[974, 111], [219, 711]]"
best_seed28,0.35,10,28,0.5729225229340466,0.6037096774193549,0.5954968065324602,0.8352357320099255,0.8299539170506912,"[[975, 110], [222, 708]]"
best_seed28,0.35,10,28,0.573,0.6035483870967742,0.5953270272455332,0.8347394540942928,0.8294162826420891,"[[975, 110], [223, 707]]"
best_seed198,0.35,8,198,0.5843963350005925,0.5988709677419355,0.5904681057482416,0.8342431761786601,0.8289554531490015,"[[974, 111], [223, 707]]"
best_seed28,0.35,10,28,0.5734999999999999,0.6035483870967742,0.5952785188778398,0.8337468982630273,0.8283410138248848,"[[975, 110], [225, 705]]"
seed50_leaf8,0.35,8,50,0.5883657982675937,0.6024193548387097,0.5938475220308836,0.8332506203473945,0.8287250384024578,"[[963, 122], [214, 716]]"
best_seed28,0.35,10,28,0.574,0.6025806451612903,0.5942275042444821,0.8332506203473945,0.827726574500768,"[[976, 109], [227, 703]]"
best_seed28,0.35,10,28,0.3880868584217486,0.6330645161290323,0.6373595278518878,0.8327543424317618,0.844700460829493,"[[748, 337], [0, 930]]"
best_seed198,0.35,8,198,0.40896869650276957,0.6306451612903226,0.634634974533107,0.8327543424317618,0.844700460829493,"[[748, 337], [0, 930]]"
seed50_leaf8,0.35,8,50,0.4145482345926711,0.6343548387096775,0.6376020696903549,0.8327543424317618,0.844700460829493,"[[748, 337], [0, 930]]"
best_seed198,0.35,8,198,0.5865251992096621,0.5970967741935483,0.5884711779448621,0.832258064516129,0.8265745007680492,"[[977, 108], [230, 700]]"
best_seed198,0.35,8,198,0.5873985458690589,0.5966129032258064,0.5879295011722856,0.832258064516129,0.8261904761904761,"[[982, 103], [235, 695]]"
best_seed28,0.35,10,28,0.5743976602263209,0.6022580645161291,0.5938879456706282,0.8312655086848635,0.8255760368663594,"[[976, 109], [231, 699]]"
best_seed28,0.35,10,28,0.5745,0.6019354838709677,0.5935483870967742,0.8312655086848635,0.8255760368663594,"[[976, 109], [231, 699]]"
seed50_leaf8,0.35,8,50,0.5905617332717492,0.6022580645161291,0.5934998787290807,0.830272952853598,0.8253456221198157,"[[965, 120], [222, 708]]"
best_seed198,0.35,8,198,0.5892152689721184,0.5951612903225807,0.5862236235750667,0.828287841191067,0.8218125960061444,"[[983, 102], [244, 686]]"
best_seed28,0.35,10,28,0.3849516676743997,0.6343548387096775,0.6388471177944862,0.8277915632754342,0.8400921658986176,"[[738, 347], [0, 930]]"
best_seed198,0.35,8,198,0.40260983872841194,0.6309677419354839,0.6352817527690193,0.8277915632754342,0.8400921658986176,"[[738, 347], [0, 930]]"
seed50_leaf8,0.35,8,50,0.4050317149766852,0.6340322580645161,0.6378931198965154,0.8277915632754342,0.8400921658986176,"[[738, 347], [0, 930]]"
best_seed28,0.35,10,28,0.575,0.6016129032258064,0.5931926590670223,0.8277915632754342,0.8218125960061444,"[[976, 109], [238, 692]]"
seed50_leaf8,0.35,8,50,0.5919473241197196,0.6011290322580645,0.5922305764411028,0.8272952853598015,0.8219662058371735,"[[967, 118], [230, 700]]"
best_seed28,0.35,10,28,0.575469581027655,0.6011290322580645,0.5926348128385479,0.8272952853598015,0.8211981566820277,"[[977, 108], [240, 690]]"
best_seed28,0.35,10,28,0.5754999999999999,0.6011290322580645,0.5926348128385479,0.8272952853598015,0.8211981566820277,"[[977, 108], [240, 690]]"
best_seed28,0.35,10,28,0.576,0.6011290322580645,0.5926186433826501,0.826302729528536,0.8200460829493088,"[[978, 107], [243, 687]]"
best_seed28,0.35,10,28,0.5765,0.6001612903225807,0.5915837982051904,0.8248138957816377,0.8184331797235023,"[[978, 107], [246, 684]]"
best_seed28,0.35,10,28,0.5770467462163485,0.5993548387096774,0.5907025628587598,0.824317617866005,0.8178187403993855,"[[979, 106], [248, 682]]"
best_seed28,0.35,10,28,0.577,0.599516129032258,0.5908723421456867,0.8238213399503722,0.8173579109062981,"[[978, 107], [248, 682]]"
best_seed28,0.35,10,28,0.5774999999999999,0.5988709677419355,0.5901932249979789,0.8238213399503722,0.8172811059907834,"[[979, 106], [249, 681]]"
seed50_leaf8,0.35,8,50,0.5932402338746959,0.5998387096774194,0.5908238337779934,0.8233250620347394,0.8175883256528418,"[[968, 117], [239, 691]]"
best_seed198,0.35,8,198,0.5909132006093344,0.5933870967741935,0.5842913735952786,0.8233250620347394,0.8164362519201229,"[[983, 102], [254, 676]]"
best_seed28,0.35,10,28,0.37860157010349393,0.6330645161290323,0.6379901366319023,0.8228287841191066,0.8354838709677419,"[[728, 357], [0, 930]]"
best_seed198,0.35,8,198,0.3970604746230298,0.6304838709677419,0.635144312393888,0.8228287841191066,0.8354838709677419,"[[728, 357], [0, 930]]"
seed50_leaf8,0.35,8,50,0.39782264299520076,0.6337096774193548,0.6380709839113914,0.8228287841191066,0.8354838709677419,"[[728, 357], [0, 930]]"
best_seed28,0.35,10,28,0.578,0.5983870967741935,0.5896677176813,0.8228287841191066,0.8162058371735791,"[[979, 106], [251, 679]]"
best_seed28,0.35,10,28,0.5785,0.5975806451612903,0.5888026517907672,0.8218362282878412,0.8150537634408602,"[[980, 105], [254, 676]]"
best_seed198,0.35,8,198,0.5925977858827004,0.5922580645161291,0.5830059018514027,0.8213399503722084,0.8140552995391706,"[[986, 99], [261, 669]]"
best_seed28,0.35,10,28,0.579,0.5974193548387097,0.588568194680249,0.820347394540943,0.8134408602150538,"[[980, 105], [257, 673]]"
best_seed28,0.35,10,28,0.5790515808306339,0.5974193548387097,0.588568194680249,0.820347394540943,0.8134408602150538,"[[980, 105], [257, 673]]"
best_seed28,0.35,10,28,0.5794999999999999,0.5972580645161291,0.5883499070256286,0.820347394540943,0.8133640552995391,"[[981, 104], [258, 672]]"
best_seed28,0.35,10,28,0.58,0.5967741935483871,0.5878243997089498,0.8198511166253102,0.812826420890937,"[[981, 104], [259, 671]]"
seed50_leaf8,0.35,8,50,0.5945380612398875,0.5983870967741935,0.5892634812838549,0.8193548387096774,0.81321044546851,"[[969, 116], [248, 682]]"
best_seed28,0.35,10,28,0.5816372875723406,0.5946774193548388,0.5855364216994098,0.818362282878412,0.8110599078341014,"[[983, 102], [264, 666]]"
best_seed28,0.35,10,28,0.3706523652874386,0.6304838709677419,0.6360336324682675,0.8178660049627792,0.8308755760368663,"[[718, 367], [0, 930]]"
best_seed198,0.35,8,198,0.39234758497080363,0.6282258064516129,0.6331878082302531,0.8178660049627792,0.8308755760368663,"[[718, 367], [0, 930]]"
seed50_leaf8,0.35,8,50,0.3921253090591919,0.635,0.6397687767806614,0.8178660049627792,0.8308755760368663,"[[718, 367], [0, 930]]"
seed50_leaf8,0.35,8,50,0.5963337276751336,0.5975806451612903,0.5883013986579352,0.8173697270471464,0.8108294930875577,"[[972, 113], [255, 675]]"
best_seed198,0.35,8,198,0.5936798773042422,0.5919354838709677,0.5826016654539574,0.8173697270471464,0.8096774193548387,"[[987, 98], [270, 660]]"
seed50_leaf8,0.35,8,50,0.5981288309628883,0.5967741935483871,0.5872746382084243,0.8153846153846154,0.8084485407066052,"[[975, 110], [262, 668]]"
best_seed198,0.35,8,198,0.5976188515157602,0.5901612903225807,0.5803945347239066,0.8153846153846154,0.8072964669738864,"[[990, 95], [277, 653]]"
best_seed28,0.35,10,28,0.5831956436737057,0.592741935483871,0.5833858840650012,0.8133995037220844,0.8056835637480799,"[[983, 102], [274, 656]]"
best_seed28,0.35,10,28,0.36658246073081413,0.6309677419354839,0.6368663594470046,0.8129032258064516,0.8262672811059908,"[[708, 377], [0, 930]]"
best_seed198,0.35,8,198,0.3859560147194626,0.6279032258064516,0.6332848249656399,0.8129032258064516,0.8262672811059908,"[[708, 377], [0, 930]]"
seed50_leaf8,0.35,8,50,0.38418554735474997,0.632258064516129,0.6375616460506104,0.8129032258064516,0.8262672811059908,"[[708, 377], [0, 930]]"
best_seed198,0.35,8,198,0.5992127922932945,0.587258064516129,0.5772091519120381,0.8124069478908189,0.8039170506912443,"[[992, 93], [285, 645]]"
seed50_leaf8,0.35,8,50,0.5991662299661757,0.5958064516129032,0.5861912846632711,0.8114143920595533,0.8040706605222734,"[[976, 109], [271, 659]]"
best_seed28,0.35,10,28,0.5850356463977828,0.5922580645161291,0.5827148516452421,0.8114143920595533,0.8033026113671276,"[[986, 99], [281, 649]]"
best_seed198,0.35,8,198,0.6019541963856535,0.5854838709677419,0.5751798851968631,0.8104218362282879,0.8015360983102919,"[[995, 90], [292, 638]]"
seed50_leaf8,0.35,8,50,0.6003317644101999,0.5951612903225807,0.5854474896919719,0.8084367245657568,0.8006912442396313,"[[978, 107], [279, 651]]"
best_seed28,0.35,10,28,0.3597960000622818,0.6285483870967742,0.6349341094672165,0.8079404466501241,0.8216589861751151,"[[698, 387], [0, 930]]"
best_seed198,0.35,8,198,0.3773448406263762,0.6274193548387097,0.6332929096935889,0.8079404466501241,0.8216589861751151,"[[698, 387], [0, 930]]"
seed50_leaf8,0.35,8,50,0.37769735901831014,0.6309677419354839,0.6367693427116177,0.8079404466501241,0.8216589861751151,"[[698, 387], [0, 930]]"
best_seed28,0.35,10,28,0.5868137872565581,0.5916129032258064,0.5819063788503517,0.8074441687344913,0.7989247311827957,"[[987, 98], [290, 640]]"
best_seed28,0.35,10,28,0.5890228723275974,0.5904838709677419,0.580523890371089,0.8074441687344913,0.7985407066052227,"[[992, 93], [295, 635]]"
best_seed198,0.35,8,198,0.6039133843332066,0.5841935483870968,0.5736761257983669,0.8064516129032258,0.7971582181259601,"[[996, 89], [301, 629]]"
seed50_leaf8,0.35,8,50,0.6014313248508115,0.5943548387096774,0.5845177459778479,0.8054590570719603,0.7973118279569893,"[[980, 105], [287, 643]]"
best_seed28,0.35,10,28,0.3559078325878944,0.6270967741935484,0.6337456544587274,0.8034739454094293,0.8175115207373271,"[[689, 396], [0, 930]]"
best_seed198,0.35,8,198,0.3719204270777628,0.6262903225806452,0.6326218772738297,0.8034739454094293,0.8175115207373271,"[[689, 396], [0, 930]]"
seed50_leaf8,0.35,8,50,0.3708624982028787,0.6266129032258064,0.6329290969358881,0.8034739454094293,0.8175115207373271,"[[689, 396], [0, 930]]"
best_seed28,0.35,10,28,0.5905992419202218,0.59,0.5798043495836365,0.8034739454094293,0.7941628264208909,"[[993, 92], [304, 626]]"
seed50_leaf8,0.35,8,50,0.6022420978001319,0.594516129032258,0.5846066779852859,0.8024813895781637,0.7939324116743471,"[[982, 103], [295, 635]]"
best_seed198,0.35,8,198,0.6050506715797834,0.5838709677419355,0.5732557199450239,0.8024813895781637,0.7927803379416283,"[[997, 88], [310, 620]]"
seed50_leaf8,0.35,8,50,0.6043745884442179,0.5933870967741935,0.5833373756973077,0.8014888337468983,0.7925499231950845,"[[986, 99], [301, 629]]"
best_seed28,0.35,10,28,0.5933766711081437,0.5887096774193549,0.5781874039938556,0.8004962779156327,0.7907834101382489,"[[995, 90], [312, 618]]"
best_seed28,0.35,10,28,0.3510374901898544,0.6254838709677419,0.6326623009135743,0.7985111662531017,0.8129032258064517,"[[679, 406], [0, 930]]"
best_seed198,0.35,8,198,0.36802960623524333,0.6258064516129033,0.6324844368986984,0.7985111662531017,0.8129032258064517,"[[679, 406], [0, 930]]"
seed50_leaf8,0.35,8,50,0.36612590120296323,0.6248387096774194,0.6315304390007276,0.7985111662531017,0.8129032258064517,"[[679, 406], [0, 930]]"
best_seed198,0.35,8,198,0.6067653522188757,0.5829032258064516,0.572140027488075,0.7985111662531017,0.7884024577572964,"[[998, 87], [319, 611]]"
seed50_leaf8,0.35,8,50,0.6056995303159856,0.5916129032258064,0.5814374646293152,0.7975186104218362,0.7881720430107526,"[[987, 98], [310, 620]]"
best_seed28,0.35,10,28,0.5947836243805952,0.5888709677419355,0.5782278276336001,0.7965260545905707,0.786405529953917,"[[996, 89], [321, 609]]"
best_seed198,0.35,8,198,0.6082497048563947,0.5809677419354838,0.5700056593095643,0.7950372208436725,0.7845622119815668,"[[999, 86], [327, 603]]"
seed50_leaf8,0.35,8,50,0.607593726425134,0.5896774193548387,0.5792869269949066,0.7945409429280397,0.7847926267281107,"[[989, 96], [318, 612]]"
best_seed28,0.35,10,28,0.5963724040333506,0.5887096774193549,0.5778478454200016,0.794044665012407,0.7835637480798772,"[[998, 87], [328, 602]]"
best_seed28,0.35,10,28,0.3461066236996451,0.6230645161290322,0.6307300509337861,0.7935483870967742,0.808294930875576,"[[669, 416], [0, 930]]"
best_seed198,0.35,8,198,0.3601745449129245,0.6261290322580645,0.6336324682674428,0.7935483870967742,0.808294930875576,"[[669, 416], [0, 930]]"
seed50_leaf8,0.35,8,50,0.36107014476283067,0.6237096774193548,0.6307623898455816,0.7935483870967742,0.808294930875576,"[[669, 416], [0, 930]]"
best_seed198,0.35,8,198,0.6099948111825407,0.5808064516129032,0.5696741854636591,0.7920595533498759,0.7811827956989248,"[[1001, 84], [335, 595]]"
best_seed28,0.35,10,28,0.5986926727795382,0.5862903225806452,0.5751556310130164,0.7910669975186104,0.780184331797235,"[[1000, 85], [336, 594]]"
seed50_leaf8,0.35,8,50,0.6095351928751972,0.5893548387096774,0.5788180127738701,0.7895781637717122,0.7794162826420892,"[[989, 96], [328, 602]]"
best_seed28,0.35,10,28,0.3410223394043786,0.6204838709677419,0.6286603605788665,0.7885856079404466,0.8036866359447005,"[[659, 426], [0, 930]]"
best_seed198,0.35,8,198,0.3549307097828085,0.6238709677419355,0.6319346753981728,0.7885856079404466,0.8036866359447005,"[[659, 426], [0, 930]]"
seed50_leaf8,0.35,8,50,0.3561390539042222,0.6220967741935484,0.6296628668445308,0.7885856079404466,0.8036866359447005,"[[659, 426], [0, 930]]"
best_seed198,0.35,8,198,0.6109726806130714,0.5803225806451613,0.5690840003233891,0.7880893300248138,0.776804915514593,"[[1002, 83], [344, 586]]"
seed50_leaf8,0.35,8,50,0.6119067150165791,0.5875806451612903,0.5767564071468996,0.7861042183622828,0.7755760368663595,"[[990, 95], [336, 594]]"
best_seed28,0.35,10,28,0.5996579886565174,0.5853225806451613,0.5740561080119654,0.7861042183622828,0.7748079877112135,"[[1000, 85], [346, 584]]"
best_seed198,0.35,8,198,0.6123000900056007,0.5788709677419355,0.5673781227261703,0.7841191066997518,0.7724270353302611,"[[1003, 82], [353, 577]]"
best_seed28,0.35,10,28,0.3355104615704324,0.6201612903225806,0.6289190718732314,0.7836228287841192,0.7990783410138249,"[[649, 436], [0, 930]]"
best_seed198,0.35,8,198,0.3475876885958871,0.6220967741935484,0.6310372705958445,0.7836228287841192,0.7990783410138249,"[[649, 436], [0, 930]]"
seed50_leaf8,0.35,8,50,0.349131030469306,0.6216129032258064,0.6299943406904358,0.7836228287841192,0.7990783410138249,"[[649, 436], [0, 930]]"
seed50_leaf8,0.35,8,50,0.6145179226361945,0.5869354838709677,0.5758024092489288,0.7821339950372208,0.7711981566820276,"[[991, 94], [345, 585]]"
best_seed28,0.35,10,28,0.6020530045385548,0.5833870967741935,0.571889400921659,0.7821339950372208,0.7704301075268818,"[[1001, 84], [355, 575]]"
best_seed198,0.35,8,198,0.613996543546581,0.5788709677419355,0.5672002587112943,0.7801488833746898,0.7680491551459293,"[[1004, 81], [362, 568]]"
best_seed28,0.35,10,28,0.6036370292231708,0.5840322580645161,0.5724068235103889,0.7791563275434243,0.7670506912442396,"[[1003, 82], [363, 567]]"
best_seed28,0.35,10,28,0.33163192240769057,0.6180645161290322,0.6272131942760126,0.7786600496277916,0.7944700460829492,"[[639, 446], [0, 930]]"
best_seed198,0.35,8,198,0.33938226704513397,0.6206451612903225,0.6305764411027569,0.7786600496277916,0.7944700460829492,"[[639, 446], [0, 930]]"
seed50_leaf8,0.35,8,50,0.3430589071729729,0.6206451612903225,0.6296224432047861,0.7786600496277916,0.7944700460829492,"[[639, 446], [0, 930]]"
seed50_leaf8,0.35,8,50,0.6165832296944417,0.5853225806451613,0.5740561080119654,0.7771712158808933,0.7658218125960061,"[[991, 94], [355, 575]]"
best_seed198,0.35,8,198,0.6160248603877544,0.5774193548387097,0.5655590589376668,0.7761786600496278,0.7636712749615975,"[[1005, 80], [371, 559]]"
best_seed28,0.35,10,28,0.605659318273901,0.5819354838709677,0.570021828765462,0.7741935483870968,0.7616743471582181,"[[1003, 82], [373, 557]]"
best_seed28,0.35,10,28,0.32677392395697963,0.62,0.6297841377637642,0.773697270471464,0.7898617511520738,"[[629, 456], [0, 930]]"
best_seed198,0.35,8,198,0.33394637668044846,0.6180645161290322,0.6285229202037351,0.773697270471464,0.7898617511520738,"[[629, 456], [0, 930]]"
seed50_leaf8,0.35,8,50,0.33653040552853614,0.6183870967741936,0.6281833616298811,0.773697270471464,0.7898617511520738,"[[629, 456], [0, 930]]"
seed50_leaf8,0.35,8,50,0.6186540875616082,0.584516129032258,0.5730293475624545,0.7732009925558313,0.7614439324116744,"[[992, 93], [364, 566]]"
best_seed198,0.35,8,198,0.6173027227371192,0.577258064516129,0.5652599240035573,0.7712158808933003,0.758294930875576,"[[1005, 80], [381, 549]]"
best_seed28,0.35,10,28,0.6078239608279528,0.5808064516129032,0.5686555097420972,0.7692307692307693,0.7562980030721966,"[[1003, 82], [383, 547]]"
best_seed28,0.35,10,28,0.3182315952355149,0.617741935483871,0.6284905812919396,0.7687344913151365,0.7852534562211981,"[[619, 466], [0, 930]]"
best_seed198,0.35,8,198,0.32613936403828514,0.6146774193548387,0.626170264370604,0.7687344913151365,0.7852534562211981,"[[619, 466], [0, 930]]"
seed50_leaf8,0.35,8,50,0.3309014949395905,0.6175806451612903,0.628110599078341,0.7687344913151365,0.7852534562211981,"[[619, 466], [0, 930]]"
seed50_leaf8,0.35,8,50,0.6201442350149137,0.582741935483871,0.5710970975826664,0.7682382133995037,0.7560675883256529,"[[992, 93], [374, 556]]"
best_seed198,0.35,8,198,0.6194801324496164,0.575,0.56265664160401,0.7672456575682383,0.7539170506912443,"[[1006, 79], [390, 540]]"
seed50_leaf8,0.35,8,50,0.6214991317958987,0.58,0.5680976635136228,0.7642679900744417,0.751689708141321,"[[993, 92], [383, 547]]"
best_seed28,0.35,10,28,0.6096296479341954,0.579516129032258,0.5671355808877031,0.7642679900744417,0.7509216589861751,"[[1003, 82], [393, 537]]"
best_seed28,0.35,10,28,0.308907528506968,0.6148387096774194,0.6266634327754871,0.7637717121588089,0.7806451612903226,"[[609, 476], [0, 930]]"
best_seed198,0.35,8,198,0.32055280306360623,0.6117741935483871,0.6238903710890129,0.7637717121588089,0.7806451612903226,"[[609, 476], [0, 930]]"
seed50_leaf8,0.35,8,50,0.32562606561664226,0.6191935483870967,0.6302773061686474,0.7637717121588089,0.7806451612903226,"[[609, 476], [0, 930]]"
best_seed198,0.35,8,198,0.6206680441419414,0.574516129032258,0.5620502870078422,0.7632754342431762,0.7495391705069124,"[[1007, 78], [399, 531]]"
seed50_leaf8,0.35,8,50,0.6234682054344564,0.5790322580645161,0.5668526154094915,0.7612903225806451,0.748310291858679,"[[995, 90], [391, 539]]"
best_seed28,0.35,10,28,0.6117686075129424,0.5787096774193549,0.5661734982617835,0.7593052109181141,0.7455453149001536,"[[1003, 82], [403, 527]]"
best_seed198,0.35,8,198,0.6225311106575325,0.5725806451612904,0.5599320882852292,0.7593052109181141,0.7451612903225806,"[[1008, 77], [408, 522]]"
best_seed28,0.35,10,28,0.3059740330634398,0.612741935483871,0.6249898940900639,0.7588089330024814,0.776036866359447,"[[599, 486], [0, 930]]"
best_seed198,0.35,8,198,0.315508268864883,0.6090322580645161,0.6216023930794728,0.7588089330024814,0.776036866359447,"[[599, 486], [0, 930]]"
seed50_leaf8,0.35,8,50,0.3211087697154368,0.6188709677419355,0.6303904923599322,0.7588089330024814,0.776036866359447,"[[599, 486], [0, 930]]"
seed50_leaf8,0.35,8,50,0.6248722399676934,0.5775806451612904,0.5652599240035573,0.7583126550868486,0.7449308755760369,"[[997, 88], [399, 531]]"
best_seed198,0.35,8,198,0.6242247858772778,0.5719354838709677,0.559107446034441,0.7583126550868486,0.743778801843318,"[[1012, 73], [414, 516]]"
best_seed28,0.35,10,28,0.6128913650390229,0.5782258064516129,0.5655671436656157,0.7563275434243176,0.7421658986175115,"[[1005, 80], [411, 519]]"
seed50_leaf8,0.35,8,50,0.6259809143853573,0.5766129032258065,0.5641765704584041,0.7553349875930521,0.7415514592933947,"[[999, 86], [407, 523]]"
best_seed198,0.35,8,198,0.6278763761798115,0.5698387096774193,0.556641604010025,0.7553349875930521,0.7403993855606759,"[[1014, 71], [422, 508]]"
best_seed28,0.35,10,28,0.6150289411498531,0.5767741935483871,0.5638612660683968,0.7543424317617866,0.7397849462365591,"[[1008, 77], [418, 512]]"
best_seed28,0.35,10,28,0.3032440243755974,0.6116129032258064,0.6241895060231223,0.7538461538461538,0.7714285714285714,"[[589, 496], [0, 930]]"
best_seed198,0.35,8,198,0.31229859220950174,0.6088709677419355,0.6217721723663999,0.7538461538461538,0.7714285714285714,"[[589, 496], [0, 930]]"
seed50_leaf8,0.35,8,50,0.3166854980319376,0.6180645161290322,0.630059018514027,0.7538461538461538,0.7714285714285714,"[[589, 496], [0, 930]]"
seed50_leaf8,0.35,8,50,0.6275769955723048,0.5762903225806452,0.5636591478696742,0.75136476426799,0.737173579109063,"[[1000, 85], [416, 514]]"
best_seed198,0.35,8,198,0.6294094579455894,0.5683870967741935,0.5549842347804996,0.75136476426799,0.736021505376344,"[[1015, 70], [431, 499]]"
best_seed28,0.35,10,28,0.617054895025863,0.5743548387096774,0.5611690516614116,0.7503722084367246,0.7354070660522274,"[[1009, 76], [427, 503]]"
best_seed28,0.35,10,28,0.2970815815340177,0.6080645161290322,0.6214568679763925,0.7488833746898264,0.7668202764976959,"[[579, 506], [0, 930]]"
best_seed198,0.35,8,198,0.3088559351614131,0.6088709677419355,0.6220793920284583,0.7488833746898264,0.7668202764976959,"[[579, 506], [0, 930]]"
seed50_leaf8,0.35,8,50,0.31390227379654784,0.6167741935483871,0.6291373595278519,0.7488833746898264,0.7668202764976959,"[[579, 506], [0, 930]]"
best_seed28,0.35,10,28,0.6179649177917081,0.5733870967741935,0.5601018675721562,0.7483870967741936,0.733026113671275,"[[1012, 73], [434, 496]]"
seed50_leaf8,0.35,8,50,0.6290985864765785,0.575,0.562236235750667,0.747394540942928,0.7327956989247312,"[[1001, 84], [425, 505]]"
best_seed198,0.35,8,198,0.6310247907157123,0.5670967741935484,0.5535128142937991,0.7464019851116626,0.7306451612903225,"[[1015, 70], [441, 489]]"
seed50_leaf8,0.35,8,50,0.630975888500757,0.5735483870967742,0.560546527609346,0.7444168734491315,0.7294162826420891,"[[1003, 82], [433, 497]]"
best_seed28,0.35,10,28,0.6196228459309648,0.5730645161290323,0.5595521060716306,0.7444168734491315,0.7286482334869432,"[[1013, 72], [443, 487]]"
best_seed28,0.35,10,28,0.2907910199543809,0.6067741935483871,0.6207292424609911,0.7439205955334988,0.7622119815668202,"[[569, 516], [0, 930]]"
best_seed198,0.35,8,198,0.3056901217245556,0.609516129032258,0.6230980677500202,0.7439205955334988,0.7622119815668202,"[[569, 516], [0, 930]]"
seed50_leaf8,0.35,8,50,0.3103112185428674,0.6154838709677419,0.6283288867329615,0.7439205955334988,0.7622119815668202,"[[569, 516], [0, 930]]"
best_seed198,0.35,8,198,0.6319908211736209,0.5661290322580645,0.5524294607486459,0.7424317617866005,0.7262672811059907,"[[1016, 69], [450, 480]]"
seed50_leaf8,0.35,8,50,0.6323464926392796,0.5720967741935484,0.5589538362034118,0.7404466501240695,0.7250384024577573,"[[1004, 81], [442, 488]]"
best_seed28,0.35,10,28,0.6209833901452838,0.5732258064516129,0.5595440213436818,0.7404466501240695,0.7242703533026114,"[[1014, 71], [452, 478]]"
best_seed28,0.35,10,28,0.2859833052483099,0.6048387096774194,0.619306330341984,0.7389578163771712,0.7576036866359447,"[[559, 526], [0, 930]]"
best_seed198,0.35,8,198,0.30145151178716656,0.608225806451613,0.6221925782197428,0.7389578163771712,0.7576036866359447,"[[559, 526], [0, 930]]"
seed50_leaf8,0.35,8,50,0.3018673536580519,0.614516129032258,0.628280378365268,0.7389578163771712,0.7576036866359447,"[[559, 526], [0, 930]]"
seed50_leaf8,0.35,8,50,0.6334448320620303,0.572258064516129,0.5590265987549519,0.7374689826302729,0.7216589861751153,"[[1006, 79], [450, 480]]"
best_seed198,0.35,8,198,0.6335005559386646,0.5658064516129032,0.5519120381599159,0.7374689826302729,0.7208909370199692,"[[1016, 69], [460, 470]]"
best_seed28,0.35,10,28,0.6237680669490038,0.5701612903225807,0.5562050287007843,0.7364764267990075,0.7198924731182795,"[[1015, 70], [461, 469]]"
seed50_leaf8,0.35,8,50,0.6363576461246424,0.5685483870967742,0.5549438111407552,0.7344913151364765,0.7182795698924731,"[[1008, 77], [458, 472]]"
best_seed198,0.35,8,198,0.6353844982806068,0.5633870967741935,0.5492521626647263,0.7344913151364765,0.7175115207373272,"[[1018, 67], [468, 462]]"
best_seed28,0.35,10,28,0.2809100526933444,0.6043548387096774,0.6194437707171153,0.7339950372208437,0.7529953917050691,"[[549, 536], [0, 930]]"
best_seed198,0.35,8,198,0.29686400680195607,0.6079032258064516,0.6223704422346188,0.7339950372208437,0.7529953917050691,"[[549, 536], [0, 930]]"
seed50_leaf8,0.35,8,50,0.29766128548030013,0.6125806451612903,0.6266472633195893,0.7339950372208437,0.7529953917050691,"[[549, 536], [0, 930]]"
best_seed28,0.35,10,28,0.6256510460627592,0.5704838709677419,0.5563667232597623,0.7334987593052109,0.7165130568356375,"[[1017, 68], [469, 461]]"
seed50_leaf8,0.35,8,50,0.637418697386176,0.5687096774193549,0.5549680653246019,0.7315136476426799,0.714900153609831,"[[1010, 75], [466, 464]]"
best_seed198,0.35,8,198,0.6369585706257768,0.5606451612903226,0.5461718813161938,0.7315136476426799,0.7141321044546851,"[[1020, 65], [476, 454]]"
best_seed28,0.35,10,28,0.2774028689802796,0.6022580645161291,0.6177217236639987,0.7290322580645161,0.7483870967741936,"[[539, 546], [0, 930]]"
best_seed198,0.35,8,198,0.29431117682567026,0.6075806451612903,0.6222895949551298,0.7290322580645161,0.7483870967741936,"[[539, 546], [0, 930]]"
seed50_leaf8,0.35,8,50,0.29253027509011337,0.6103225806451613,0.6247392675236478,0.7290322580645161,0.7483870967741936,"[[539, 546], [0, 930]]"
best_seed28,0.35,10,28,0.6273515801878885,0.5679032258064516,0.5535370684776457,0.7285359801488833,0.711136712749616,"[[1017, 68], [479, 451]]"
best_seed198,0.35,8,198,0.6382684843340259,0.5604838709677419,0.5458404074702886,0.7285359801488833,0.710752688172043,"[[1022, 63], [484, 446]]"
seed50_leaf8,0.35,8,50,0.639055863133885,0.5674193548387096,0.5534966448379012,0.7265508684863523,0.7095238095238094,"[[1010, 75], [476, 454]]"
best_seed28,0.35,10,28,0.6283174337771631,0.5669354838709677,0.5524213760206969,0.7255583126550869,0.7077572964669738,"[[1019, 66], [487, 443]]"
best_seed198,0.35,8,198,0.639731002992554,0.5604838709677419,0.545727221279004,0.7255583126550869,0.7073732718894009,"[[1024, 61], [492, 438]]"
best_seed28,0.35,10,28,0.2737135707237879,0.6011290322580645,0.6169051661411593,0.7240694789081886,0.743778801843318,"[[529, 556], [0, 930]]"
best_seed198,0.35,8,198,0.2920839799049978,0.6074193548387097,0.6223300185948742,0.7240694789081886,0.743778801843318,"[[529, 556], [0, 930]]"
seed50_leaf8,0.35,8,50,0.2891899330099769,0.6101612903225806,0.6249575551782682,0.7240694789081886,0.743778801843318,"[[529, 556], [0, 930]]"
best_seed198,0.35,8,198,0.6421239775034077,0.5579032258064516,0.5428975664968874,0.7225806451612903,0.7039938556067589,"[[1026, 59], [500, 430]]"
seed50_leaf8,0.35,8,50,0.64105936915351,0.5658064516129032,0.5516209879537554,0.7215880893300248,0.704147465437788,"[[1010, 75], [486, 444]]"
best_seed28,0.35,10,28,0.6305586320710656,0.5659677419354838,0.5512410057401569,0.7205955334987593,0.7023809523809523,"[[1019, 66], [497, 433]]"
seed50_leaf8,0.35,8,50,0.6432375792445494,0.5637096774193548,0.5492359932088285,0.7196029776674938,0.7017665130568357,"[[1013, 72], [493, 437]]"
best_seed28,0.35,10,28,0.2710931086020788,0.6,0.6159592529711375,0.719106699751861,0.7391705069124423,"[[519, 566], [0, 930]]"
best_seed198,0.35,8,198,0.2878848298254545,0.6058064516129033,0.6211334788584364,0.719106699751861,0.7391705069124423,"[[519, 566], [0, 930]]"
seed50_leaf8,0.35,8,50,0.28238529366384085,0.6090322580645161,0.624464386773385,0.719106699751861,0.7391705069124423,"[[519, 566], [0, 930]]"
best_seed198,0.35,8,198,0.6439386855526145,0.5569354838709677,0.5416686878486539,0.7186104218362283,0.699615975422427,"[[1027, 58], [509, 421]]"
best_seed28,0.35,10,28,0.6322911076773403,0.5648387096774193,0.5499231950844854,0.7156327543424318,0.6970046082949308,"[[1019, 66], [507, 423]]"
best_seed198,0.35,8,198,0.6453233910049325,0.5559677419354838,0.5405368259358072,0.7156327543424318,0.696236559139785,"[[1029, 56], [517, 413]]"
seed50_leaf8,0.35,8,50,0.645086482966538,0.5624193548387096,0.5477484032662301,0.7146401985111662,0.6963901689708142,"[[1013, 72], [503, 427]]"
best_seed28,0.35,10,28,0.26884325276028714,0.5985483870967742,0.6147869674185463,0.7141439205955334,0.7345622119815668,"[[509, 576], [0, 930]]"
best_seed198,0.35,8,198,0.28524460010439634,0.6041935483870968,0.6197105667394291,0.7141439205955334,0.7345622119815668,"[[509, 576], [0, 930]]"
seed50_leaf8,0.35,8,50,0.27919214423309935,0.6093548387096774,0.6251111650092974,0.7141439205955334,0.7345622119815668,"[[509, 576], [0, 930]]"
best_seed28,0.35,10,28,0.6357254562296217,0.5641935483870968,0.5487589942598431,0.7126550868486352,0.6936251920122888,"[[1021, 64], [515, 415]]"
seed50_leaf8,0.35,8,50,0.646808147197495,0.562741935483871,0.547926267281106,0.7106699751861042,0.6920122887864824,"[[1014, 71], [512, 418]]"
best_seed198,0.35,8,198,0.6471839171946628,0.555483870967742,0.5398496240601504,0.7106699751861042,0.6908602150537635,"[[1029, 56], [527, 403]]"
best_seed28,0.35,10,28,0.2670010065409869,0.5980645161290322,0.614487832484437,0.709181141439206,0.7299539170506912,"[[499, 586], [0, 930]]"
best_seed198,0.35,8,198,0.2798755605484972,0.6008064516129032,0.6168243188616702,0.709181141439206,0.7299539170506912,"[[499, 586], [0, 930]]"
seed50_leaf8,0.35,8,50,0.27542083665626493,0.6072580645161291,0.6233567790443851,0.709181141439206,0.7299539170506912,"[[499, 586], [0, 930]]"
seed50_leaf8,0.35,8,50,0.6489764448143569,0.5619354838709677,0.5469156762874929,0.7086848635235732,0.68963133640553,"[[1017, 68], [519, 411]]"
best_seed28,0.35,10,28,0.6371563174035212,0.5648387096774193,0.5492279084808797,0.7086848635235732,0.689247311827957,"[[1022, 63], [524, 406]]"
best_seed28,0.35,10,28,0.6398048954396219,0.5625806451612904,0.546656964993128,0.7066997518610422,0.6868663594470046,"[[1025, 60], [531, 399]]"
best_seed198,0.35,8,198,0.6482579081377438,0.5546774193548387,0.5389037108901286,0.7066997518610422,0.6864823348694317,"[[1030, 55], [536, 394]]"
seed50_leaf8,0.35,8,50,0.6504036171274177,0.5606451612903226,0.5454280863448945,0.7047146401985112,0.6852534562211982,"[[1018, 67], [528, 402]]"
best_seed28,0.35,10,28,0.26258005126526784,0.5970967741935483,0.6139865793516048,0.7042183622828784,0.7253456221198157,"[[489, 596], [0, 930]]"
best_seed198,0.35,8,198,0.27653537952771085,0.6006451612903225,0.6169779286926995,0.7042183622828784,0.7253456221198157,"[[489, 596], [0, 930]]"
seed50_leaf8,0.35,8,50,0.27090649816731494,0.6058064516129033,0.6223785269625677,0.7042183622828784,0.7253456221198157,"[[489, 596], [0, 930]]"
best_seed28,0.35,10,28,0.6407752880257509,0.5632258064516129,0.54715821812596,0.7037220843672457,0.6834869431643625,"[[1027, 58], [539, 391]]"
best_seed198,0.35,8,198,0.6495840957673057,0.5535483870967742,0.5376667475139462,0.7037220843672457,0.6831029185867896,"[[1032, 53], [544, 386]]"
seed50_leaf8,0.35,8,50,0.6526570014454265,0.5588709677419355,0.543350311262026,0.7017369727047147,0.6818740399385561,"[[1020, 65], [536, 394]]"
best_seed28,0.35,10,28,0.6426103747538718,0.5632258064516129,0.5469641846551864,0.7007444168734491,0.6801075268817204,"[[1029, 56], [547, 383]]"
best_seed198,0.35,8,198,0.6517492241158206,0.5532258064516129,0.5371008165575228,0.7007444168734491,0.6797235023041475,"[[1034, 51], [552, 378]]"
best_seed28,0.35,10,28,0.26048287322911107,0.5961290322580645,0.6131457676449188,0.6992555831265509,0.7207373271889401,"[[479, 606], [0, 930]]"
best_seed198,0.35,8,198,0.2713978646079366,0.5974193548387097,0.614229121190072,0.6992555831265509,0.7207373271889401,"[[479, 606], [0, 930]]"
seed50_leaf8,0.35,8,50,0.2686253309689272,0.6043548387096774,0.6211739024981809,0.6992555831265509,0.7207373271889401,"[[479, 606], [0, 930]]"
seed50_leaf8,0.35,8,50,0.6544690768182455,0.5582258064516129,0.5424286522758509,0.6977667493796526,0.6774961597542243,"[[1021, 64], [545, 385]]"
best_seed28,0.35,10,28,0.6435199990410466,0.5635483870967742,0.5471743875818579,0.6957816377171215,0.6747311827956989,"[[1029, 56], [557, 373]]"
best_seed198,0.35,8,198,0.6544750466597468,0.5532258064516129,0.5368259358072601,0.6957816377171215,0.674347158218126,"[[1034, 51], [562, 368]]"
best_seed28,0.35,10,28,0.2581158649550739,0.5972580645161291,0.6144635783005902,0.6942928039702233,0.7161290322580645,"[[469, 616], [0, 930]]"
best_seed198,0.35,8,198,0.2691599888696561,0.5970967741935483,0.6140674266310939,0.6942928039702233,0.7161290322580645,"[[469, 616], [0, 930]]"
seed50_leaf8,0.35,8,50,0.2665187447163,0.6043548387096774,0.6213841054248525,0.6942928039702233,0.7161290322580645,"[[469, 616], [0, 930]]"
seed50_leaf8,0.35,8,50,0.6565677153592869,0.5564516129032258,0.5404155550165737,0.6928039702233251,0.6721198156682027,"[[1021, 64], [555, 375]]"
best_seed198,0.35,8,198,0.6572572650763104,0.5516129032258065,0.5349341094672164,0.6928039702233251,0.6709677419354838,"[[1036, 49], [570, 360]]"
best_seed28,0.35,10,28,0.6451337955313661,0.562741935483871,0.5461799660441427,0.6918114143920595,0.6703533026113672,"[[1030, 55], [566, 364]]"
seed50_leaf8,0.35,8,50,0.6585829374112617,0.5556451612903226,0.5393402861993694,0.6898263027295285,0.6687403993855607,"[[1023, 62], [563, 367]]"
best_seed28,0.35,10,28,0.25297274854093793,0.5953225806451613,0.6129921578138895,0.6893300248138958,0.7115207373271889,"[[459, 626], [0, 930]]"
best_seed198,0.35,8,198,0.26541064320312796,0.5962903225806452,0.6135742582262107,0.6893300248138958,0.7115207373271889,"[[459, 626], [0, 930]]"
seed50_leaf8,0.35,8,50,0.2632871021986755,0.6024193548387097,0.6197833292909694,0.6893300248138958,0.7115207373271889,"[[459, 626], [0, 930]]"
best_seed28,0.35,10,28,0.6480051911917406,0.562258064516129,0.5453310696095076,0.688833746898263,0.6669738863287251,"[[1032, 53], [574, 356]]"
best_seed198,0.35,8,198,0.6601851630690272,0.550483870967742,0.5335516209879537,0.688833746898263,0.6665898617511521,"[[1037, 48], [579, 351]]"
seed50_leaf8,0.35,8,50,0.6606114358721684,0.5537096774193548,0.5371250707413695,0.686848635235732,0.6653609831029186,"[[1025, 60], [571, 359]]"
best_seed28,0.35,10,28,0.649474976867191,0.5617741935483871,0.5447247150133397,0.6858560794044665,0.663594470046083,"[[1034, 51], [582, 348]]"
best_seed198,0.35,8,198,0.6626381353354283,0.5508064516129032,0.5336648071792385,0.6858560794044665,0.66321044546851,"[[1039, 46], [587, 343]]"
seed50_leaf8,0.35,8,50,0.6620891449071904,0.5530645161290323,0.5363327674023769,0.684863523573201,0.6629800307219662,"[[1028, 57], [578, 352]]"
best_seed28,0.35,10,28,0.24967451520080564,0.5930645161290322,0.6110194841943568,0.6843672456575682,0.7069124423963133,"[[449, 636], [0, 930]]"
best_seed198,0.35,8,198,0.26106483249914414,0.5935483870967742,0.6112054329371817,0.6843672456575682,0.7069124423963133,"[[449, 636], [0, 930]]"
seed50_leaf8,0.35,8,50,0.26081061129903454,0.6012903225806452,0.6189344328563344,0.6843672456575682,0.7069124423963133,"[[449, 636], [0, 930]]"
best_seed28,0.35,10,28,0.6516421683204979,0.5593548387096774,0.5420648395181502,0.6818858560794044,0.6592165898617511,"[[1035, 50], [591, 339]]"
best_seed198,0.35,8,198,0.6648711886835653,0.5506451612903226,0.5332524860538442,0.6818858560794044,0.6588325652841782,"[[1040, 45], [596, 334]]"
seed50_leaf8,0.35,8,50,0.6646710446581724,0.5514516129032258,0.5344732799741289,0.680893300248139,0.6586021505376344,"[[1029, 56], [587, 343]]"
best_seed28,0.35,10,28,0.24653443865662755,0.5929032258064516,0.611092246745897,0.6794044665012406,0.7023041474654378,"[[439, 646], [0, 930]]"
best_seed198,0.35,8,198,0.2557271718640609,0.5916129032258064,0.6096855040827875,0.6794044665012406,0.7023041474654378,"[[439, 646], [0, 930]]"
seed50_leaf8,0.35,8,50,0.25683189556486546,0.5988709677419355,0.616856657773466,0.6794044665012406,0.7023041474654378,"[[439, 646], [0, 930]]"
best_seed198,0.35,8,198,0.666863702569867,0.5495161290322581,0.5319023364863773,0.6794044665012406,0.6559907834101383,"[[1042, 43], [603, 327]]"
best_seed28,0.35,10,28,0.6541472216591652,0.5582258064516129,0.5406985204947853,0.6779156327543424,0.6548387096774193,"[[1036, 49], [600, 330]]"
best_seed198,0.35,8,198,0.6688362376468806,0.5496774193548387,0.5318942517584283,0.6774193548387096,0.6536098310291859,"[[1045, 40], [610, 320]]"
seed50_leaf8,0.35,8,50,0.665979159953003,0.5501612903225807,0.5330180289433261,0.6759305210918114,0.6532258064516129,"[[1029, 56], [597, 333]]"
best_seed28,0.35,10,28,0.2413203370907599,0.5922580645161291,0.6108011965397364,0.6744416873449132,0.6976958525345622,"[[429, 656], [0, 930]]"
best_seed198,0.35,8,198,0.25265698060122227,0.5909677419354838,0.6091519120381599,0.6744416873449132,0.6976958525345622,"[[429, 656], [0, 930]]"
seed50_leaf8,0.35,8,50,0.25337872058940825,0.5987096774193549,0.6169132508691082,0.6744416873449132,0.6976958525345622,"[[429, 656], [0, 930]]"
best_seed28,0.35,10,28,0.6561320040218369,0.5566129032258065,0.5388066941547417,0.6744416873449132,0.6509984639016897,"[[1037, 48], [608, 322]]"
best_seed198,0.35,8,198,0.6719543200430541,0.5485483870967742,0.530398577087881,0.6734491315136476,0.6492319508448541,"[[1046, 39], [619, 311]]"
seed50_leaf8,0.35,8,50,0.6679227314518719,0.55,0.5326703856415231,0.6729528535980149,0.6498463901689708,"[[1031, 54], [605, 325]]"
best_seed28,0.35,10,28,0.6590073370944854,0.557258064516129,0.5391300832726978,0.6724565756823822,0.6486175115207373,"[[1040, 45], [615, 315]]"
best_seed28,0.35,10,28,0.23746933902136996,0.5901612903225807,0.6089336243835395,0.6694789081885856,0.6930875576036867,"[[419, 666], [0, 930]]"
best_seed198,0.35,8,198,0.24932613119932215,0.5901612903225807,0.6085293879860942,0.6694789081885856,0.6930875576036867,"[[419, 666], [0, 930]]"
seed50_leaf8,0.35,8,50,0.24545778967072726,0.5930645161290322,0.6118441264451451,0.6694789081885856,0.6930875576036867,"[[419, 666], [0, 930]]"
best_seed28,0.35,10,28,0.6606763118333006,0.5570967741935484,0.5387986094267928,0.6694789081885856,0.6452380952380952,"[[1042, 43], [623, 307]]"
seed50_leaf8,0.35,8,50,0.670077891233361,0.5495161290322581,0.5319508448540706,0.6684863523573201,0.6450076804915514,"[[1031, 54], [614, 316]]"
best_seed198,0.35,8,198,0.6746155607046792,0.5488709677419354,0.5304632549114723,0.6684863523573201,0.6438556067588326,"[[1046, 39], [629, 301]]"
best_seed28,0.35,10,28,0.6634659536556583,0.5566129032258065,0.5381114075511358,0.6665012406947891,0.6418586789554532,"[[1044, 41], [631, 299]]"
best_seed28,0.35,10,28,0.2323659500440464,0.5880645161290322,0.6070983911391381,0.6645161290322581,0.6884792626728111,"[[409, 676], [0, 930]]"
best_seed198,0.35,8,198,0.24645442557026298,0.5888709677419355,0.6074622038968389,0.6645161290322581,0.6884792626728111,"[[409, 676], [0, 930]]"
seed50_leaf8,0.35,8,50,0.24103987707637356,0.5898387096774194,0.6089012854717438,0.6645161290322581,0.6884792626728111,"[[409, 676], [0, 930]]"
seed50_leaf8,0.35,8,50,0.671805060421228,0.5495161290322581,0.5317729808391948,0.6645161290322581,0.6406298003072197,"[[1032, 53], [623, 307]]"
best_seed198,0.35,8,198,0.676403236663338,0.5482258064516129,0.5296547821165818,0.6645161290322581,0.6394777265745007,"[[1047, 38], [638, 292]]"
best_seed28,0.35,10,28,0.6656673252900744,0.5558064516129032,0.5370846471016251,0.6615384615384615,0.6364823348694316,"[[1044, 41], [641, 289]]"
seed50_leaf8,0.35,8,50,0.6744791109968679,0.547741935483871,0.5297437141240198,0.6605459057071961,0.6362519201228879,"[[1033, 52], [632, 298]]"
best_seed28,0.35,10,28,0.2262848759308825,0.587258064516129,0.6065082059988681,0.6595533498759305,0.6838709677419355,"[[399, 686], [0, 930]]"
best_seed198,0.35,8,198,0.24144007552845365,0.5861290322580646,0.605077209151912,0.6595533498759305,0.6838709677419355,"[[399, 686], [0, 930]]"
seed50_leaf8,0.35,8,50,0.23584445267670934,0.5882258064516129,0.6075268817204301,0.6595533498759305,0.6838709677419355,"[[399, 686], [0, 930]]"
best_seed198,0.35,8,198,0.6787052727561054,0.5491935483870968,0.5303338992642898,0.6595533498759305,0.6341013824884792,"[[1047, 38], [648, 282]]"
best_seed28,0.35,10,28,0.668579092353432,0.5537096774193548,0.534715821812596,0.6575682382133995,0.6321044546850999,"[[1045, 40], [650, 280]]"
seed50_leaf8,0.35,8,50,0.6758884754625009,0.5474193548387096,0.5292586304470854,0.656575682382134,0.6318740399385561,"[[1034, 51], [641, 289]]"
best_seed198,0.35,8,198,0.6816245764803051,0.5496774193548387,0.5305360174630124,0.656575682382134,0.6307219662058372,"[[1049, 36], [656, 274]]"
seed50_leaf8,0.35,8,50,0.6774150694097233,0.5462903225806451,0.527940819791414,0.6555831265508685,0.6304915514592935,"[[1038, 47], [647, 283]]"
best_seed28,0.35,10,28,0.6709629435101223,0.5529032258064516,0.5337214002748808,0.6555831265508685,0.6297235023041474,"[[1048, 37], [657, 273]]"
best_seed198,0.35,8,198,0.6844461562124705,0.547741935483871,0.5283531409168082,0.6555831265508685,0.6293394777265745,"[[1053, 32], [662, 268]]"
best_seed28,0.35,10,28,0.22411828532440264,0.5870967741935483,0.6064192739914301,0.654590570719603,0.6792626728110599,"[[389, 696], [0, 930]]"
best_seed198,0.35,8,198,0.23459582304735535,0.5843548387096774,0.6036300428490582,0.654590570719603,0.6792626728110599,"[[389, 696], [0, 930]]"
seed50_leaf8,0.35,8,50,0.2329253899395025,0.5864516129032258,0.605837173579109,0.654590570719603,0.6792626728110599,"[[389, 696], [0, 930]]"
seed50_leaf8,0.35,8,50,0.680725458938631,0.5456451612903226,0.5270191608052389,0.6516129032258065,0.6261136712749616,"[[1039, 46], [656, 274]]"
best_seed28,0.35,10,28,0.6734855693848528,0.5508064516129032,0.5313687444417495,0.6516129032258065,0.6253456221198157,"[[1049, 36], [666, 264]]"
best_seed198,0.35,8,198,0.6861609487273055,0.5480645161290323,0.5285633438434796,0.6516129032258065,0.6249615975422427,"[[1054, 31], [671, 259]]"
best_seed28,0.35,10,28,0.21936183355512545,0.585,0.6045193629234376,0.6496277915632754,0.6746543778801843,"[[379, 706], [0, 930]]"
best_seed198,0.35,8,198,0.2304261363714749,0.5830645161290322,0.6024820114803138,0.6496277915632754,0.6746543778801843,"[[379, 706], [0, 930]]"
seed50_leaf8,0.35,8,50,0.2306488502069864,0.5856451612903226,0.6051176327916565,0.6496277915632754,0.6746543778801843,"[[379, 706], [0, 930]]"
best_seed28,0.35,10,28,0.6782308450830928,0.55,0.5302449672568518,0.6496277915632754,0.6225806451612903,"[[1057, 28], [678, 252]]"
best_seed28,0.35,10,28,0.6757656308124388,0.5509677419354839,0.5313768291696984,0.6486352357320099,0.6219662058371735,"[[1051, 34], [674, 256]]"
seed50_leaf8,0.35,8,50,0.6820459589969282,0.5458064516129032,0.5271242622685747,0.6476426799007444,0.6217357910906298,"[[1040, 45], [665, 265]]"
best_seed198,0.35,8,198,0.6878532979027229,0.5501612903225807,0.5304632549114722,0.6476426799007444,0.620583717357911,"[[1055, 30], [680, 250]]"
best_seed198,0.35,8,198,0.6893762903527071,0.5491935483870968,0.5293637319104212,0.6466501240694789,0.6192012288786483,"[[1059, 26], [686, 244]]"
seed50_leaf8,0.35,8,50,0.6842396854891021,0.545483870967742,0.5266553480475382,0.6456575682382134,0.6193548387096774,"[[1043, 42], [672, 258]]"
best_seed28,0.35,10,28,0.6822720979946544,0.5487096774193548,0.5287412078583555,0.6456575682382134,0.6182027649769585,"[[1058, 27], [687, 243]]"
best_seed28,0.35,10,28,0.2124613464044266,0.5837096774193549,0.6034360093782845,0.6451612903225806,0.6705069124423964,"[[370, 715], [0, 930]]"
best_seed198,0.35,8,198,0.22286084009591497,0.58,0.599741288705635,0.6451612903225806,0.6705069124423964,"[[370, 715], [0, 930]]"
seed50_leaf8,0.35,8,50,0.22752007254563913,0.5830645161290322,0.6027245533187808,0.6451612903225806,0.6705069124423964,"[[370, 715], [0, 930]]"
best_seed198,0.35,8,198,0.6914347818337027,0.5493548387096774,0.5293394777265745,0.6446650124069478,0.6168202764976959,"[[1062, 23], [693, 237]]"
seed50_leaf8,0.35,8,50,0.6871569214717459,0.5459677419354839,0.5269383135257498,0.6426799007444168,0.6159754224270353,"[[1045, 40], [680, 250]]"
best_seed28,0.35,10,28,0.6839435650830493,0.5483870967741935,0.5282399547255234,0.6426799007444168,0.6148233486943164,"[[1060, 25], [695, 235]]"
best_seed198,0.35,8,198,0.6934489663771948,0.547741935483871,0.5275446681219177,0.6426799007444168,0.6144393241167434,"[[1065, 20], [700, 230]]"
seed50_leaf8,0.35,8,50,0.6889077817266834,0.5464516129032259,0.5272374484598593,0.6416873449131514,0.6145929339477727,"[[1049, 36], [686, 244]]"
best_seed28,0.35,10,28,0.20606044119582834,0.5824193548387097,0.6022718085536422,0.6401985111662531,0.6658986175115207,"[[360, 725], [0, 930]]"
best_seed198,0.35,8,198,0.21422472005568372,0.577741935483871,0.5977201067184089,0.6401985111662531,0.6658986175115207,"[[360, 725], [0, 930]]"
seed50_leaf8,0.35,8,50,0.22041882730566775,0.5801612903225807,0.600088932007438,0.6401985111662531,0.6658986175115207,"[[360, 725], [0, 930]]"
best_seed28,0.35,10,28,0.6872043586290497,0.5451612903225806,0.5246503355162099,0.6397022332506204,0.6114439324116744,"[[1062, 23], [703, 227]]"
seed50_leaf8,0.35,8,50,0.6910778396561795,0.5443548387096774,0.5249494704503194,0.6387096774193548,0.6112135176651305,"[[1051, 34], [694, 236]]"
best_seed198,0.35,8,198,0.6954053381322881,0.5469354838709677,0.5266149244077937,0.6387096774193548,0.6100614439324117,"[[1066, 19], [709, 221]]"
best_seed28,0.35,10,28,0.6894451158236493,0.5459677419354839,0.5253375373918667,0.6377171215880894,0.6090629800307219,"[[1065, 20], [710, 220]]"
seed50_leaf8,0.35,8,50,0.6940504760845528,0.5445161290322581,0.5248605384428814,0.6357320099255583,0.6078341013824885,"[[1053, 32], [702, 228]]"
best_seed198,0.35,8,198,0.6974093680230329,0.5464516129032259,0.5260085698116259,0.6357320099255583,0.6066820276497696,"[[1068, 17], [717, 213]]"
best_seed28,0.35,10,28,0.19645848231082255,0.5780645161290323,0.5981566820276498,0.6352357320099256,0.6612903225806451,"[[350, 735], [0, 930]]"
best_seed198,0.35,8,198,0.20788766088033975,0.5758064516129032,0.5959091276578543,0.6352357320099256,0.6612903225806451,"[[350, 735], [0, 930]]"
seed50_leaf8,0.35,8,50,0.20782964889805908,0.575,0.5952380952380952,0.6352357320099256,0.6612903225806451,"[[350, 735], [0, 930]]"
best_seed28,0.35,10,28,0.6923282528314271,0.5451612903225806,0.5242946074864581,0.6347394540942928,0.6056835637480799,"[[1067, 18], [718, 212]]"
seed50_leaf8,0.35,8,50,0.6967292926189121,0.5445161290322581,0.5245371493249252,0.6327543424317618,0.6044546850998465,"[[1055, 30], [710, 220]]"
best_seed198,0.35,8,198,0.6989002188735711,0.5459677419354839,0.5254345541272536,0.6327543424317618,0.6033026113671275,"[[1070, 15], [725, 205]]"
seed50_leaf8,0.35,8,50,0.7002600752706688,0.5446774193548387,0.5244158784056917,0.6307692307692307,0.602073732718894,"[[1058, 27], [717, 213]]"
best_seed28,0.35,10,28,0.695073075726822,0.5446774193548387,0.5235912361549034,0.6307692307692307,0.6013056835637481,"[[1068, 17], [727, 203]]"
best_seed198,0.35,8,198,0.7005231833733837,0.5446774193548387,0.5240278114641442,0.6307692307692307,0.6009216589861751,"[[1073, 12], [732, 198]]"
best_seed28,0.35,10,28,0.18317984566726642,0.572741935483871,0.5930875576036866,0.630272952853598,0.6566820276497696,"[[340, 745], [0, 930]]"
best_seed198,0.35,8,198,0.19796101506652597,0.5719354838709677,0.5923033389926429,0.630272952853598,0.6566820276497696,"[[340, 745], [0, 930]]"
seed50_leaf8,0.35,8,50,0.19281702312093016,0.5688709677419355,0.5894009216589862,0.630272952853598,0.6566820276497696,"[[340, 745], [0, 930]]"
best_seed198,0.35,8,198,0.7038688450555448,0.5419354838709678,0.5209798690274072,0.6287841191066997,0.5985407066052227,"[[1076, 9], [739, 191]]"
seed50_leaf8,0.35,8,50,0.7031742754748593,0.5432258064516129,0.5227423397202684,0.6277915632754343,0.5986943164362519,"[[1060, 25], [725, 205]]"
best_seed28,0.35,10,28,0.696730876307507,0.5440322580645162,0.522863610639502,0.6277915632754343,0.597926267281106,"[[1070, 15], [735, 195]]"
best_seed28,0.35,10,28,0.14149735272776995,0.5609677419354838,0.581874039938556,0.6253101736972705,0.652073732718894,"[[330, 755], [0, 930]]"
best_seed198,0.35,8,198,0.17369892576744797,0.5658064516129032,0.5864823348694317,0.6253101736972705,0.652073732718894,"[[330, 755], [0, 930]]"
seed50_leaf8,0.35,8,50,0.16236690932245615,0.5601612903225807,0.5811059907834102,0.6253101736972705,0.652073732718894,"[[330, 755], [0, 930]]"
best_seed28,0.35,10,28,0.6996209107032926,0.5412903225806451,0.519896515482254,0.6238213399503723,0.5935483870967742,"[[1071, 14], [744, 186]]"
best_seed198,0.35,8,198,0.7074649382861691,0.5387096774193548,0.5174549276416849,0.6238213399503723,0.5931643625192012,"[[1076, 9], [749, 181]]"
seed50_leaf8,0.35,8,50,0.7056616513738294,0.5419354838709678,0.5212547497776701,0.6228287841191067,0.5933179723502304,"[[1060, 25], [735, 195]]"
seed50_leaf8,0.35,8,50,0.7093461568800583,0.540483870967742,0.5195327027245533,0.6208436724565757,0.590937019969278,"[[1063, 22], [742, 188]]"
best_seed28,0.35,10,28,0.7023293897297614,0.54,0.518457433907349,0.6208436724565757,0.5901689708141321,"[[1073, 12], [752, 178]]"
best_seed28,0.35,10,28,0.12034751425272237,0.5533870967741935,0.5746543778801844,0.6203473945409429,0.6474654377880185,"[[320, 765], [0, 930]]"
best_seed198,0.35,8,198,0.11640806588905857,0.5512903225806451,0.5726574500768049,0.6203473945409429,0.6474654377880185,"[[320, 765], [0, 930]]"
seed50_leaf8,0.35,8,50,0.12203971085451701,0.5491935483870968,0.5706605222734255,0.6203473945409429,0.6474654377880185,"[[320, 765], [0, 930]]"
best_seed198,0.35,8,198,0.7102331626578839,0.5382258064516129,0.5168000646778236,0.6198511166253102,0.5887864823348694,"[[1077, 8], [758, 172]]"
best_seed28,0.35,10,28,0.704438650902352,0.5391935483870968,0.5175115207373272,0.6188585607940447,0.5877880184331797,"[[1076, 9], [759, 171]]"
seed50_leaf8,0.35,8,50,0.7122741660015257,0.5388709677419354,0.5177055542081008,0.6178660049627791,0.5875576036866359,"[[1065, 20], [750, 180]]"
seed50_leaf8,0.35,8,50,0.7148657223938353,0.5380645161290323,0.5166626243026923,0.6158808933002481,0.5851766513056835,"[[1068, 17], [757, 173]]"
best_seed198,0.35,8,198,0.7130268541824583,0.5380645161290323,0.5164524213760207,0.6158808933002481,0.5844086021505376,"[[1078, 7], [767, 163]]"
best_seed28,0.35,10,28,0.10041869364864968,0.5459677419354839,0.5675883256528418,0.6153846153846154,0.6428571428571428,"[[310, 775], [0, 930]]"
best_seed198,0.35,8,198,0.10384742586079154,0.5456451612903226,0.5672811059907834,0.6153846153846154,0.6428571428571428,"[[310, 775], [0, 930]]"
seed50_leaf8,0.35,8,50,0.10815912489967068,0.5437096774193548,0.5654377880184331,0.6153846153846154,0.6428571428571428,"[[310, 775], [0, 930]]"
seed50_leaf8,0.35,8,50,0.7168896902023493,0.537258064516129,0.5156843722208747,0.6148883374689826,0.5837941628264209,"[[1072, 13], [763, 167]]"
best_seed28,0.35,10,28,0.7068696679222739,0.537741935483871,0.5158541515078018,0.6148883374689826,0.5834101382488479,"[[1077, 8], [768, 162]]"
seed50_leaf8,0.35,8,50,0.7218106917054227,0.5369354838709678,0.5150052550731667,0.6109181141439206,0.5794162826420891,"[[1073, 12], [772, 158]]"
best_seed28,0.35,10,28,0.708134091270468,0.537258064516129,0.5152801358234296,0.6109181141439206,0.5790322580645161,"[[1078, 7], [777, 153]]"
best_seed198,0.35,8,198,0.7152070054213311,0.5361290322580645,0.5143827310211011,0.6109181141439206,0.5790322580645161,"[[1078, 7], [777, 153]]"
best_seed28,0.35,10,28,0.09139281930065599,0.5409677419354839,0.562826420890937,0.6104218362282878,0.6382488479262673,"[[300, 785], [0, 930]]"
best_seed198,0.35,8,198,0.09958422703502949,0.5432258064516129,0.5649769585253456,0.6104218362282878,0.6382488479262673,"[[300, 785], [0, 930]]"
seed50_leaf8,0.35,8,50,0.10459706679844329,0.5425806451612903,0.5643625192012289,0.6104218362282878,0.6382488479262673,"[[300, 785], [0, 930]]"
seed50_leaf8,0.35,8,50,0.7269074051348905,0.5343548387096774,0.5121432613792546,0.607940446650124,0.5760368663594471,"[[1075, 10], [780, 150]]"
best_seed28,0.35,10,28,0.7107546879867649,0.537258064516129,0.5151346107203493,0.6069478908188586,0.5746543778801844,"[[1079, 6], [786, 144]]"
best_seed198,0.35,8,198,0.7197955496840729,0.5343548387096774,0.512272617026437,0.6069478908188586,0.5746543778801844,"[[1079, 6], [786, 144]]"
best_seed28,0.35,10,28,0.0841760219250398,0.5358064516129032,0.5579109062980031,0.6054590570719603,0.6336405529953917,"[[290, 795], [0, 930]]"
best_seed198,0.35,8,198,0.09404100045732822,0.5396774193548387,0.5615975422427035,0.6054590570719603,0.6336405529953917,"[[290, 795], [0, 930]]"
seed50_leaf8,0.35,8,50,0.0985577683820101,0.5408064516129032,0.5626728110599079,0.6054590570719603,0.6336405529953917,"[[290, 795], [0, 930]]"
seed50_leaf8,0.35,8,50,0.7297403994020644,0.5340322580645162,0.5116420082464225,0.603970223325062,0.5716589861751151,"[[1076, 9], [789, 141]]"
best_seed198,0.35,8,198,0.7224482288622093,0.5333870967741936,0.5111569245694882,0.603970223325062,0.5712749615975423,"[[1081, 4], [794, 136]]"
best_seed28,0.35,10,28,0.7143888310020802,0.5359677419354839,0.5136470207777508,0.601985111662531,0.5692780337941629,"[[1079, 6], [796, 134]]"
best_seed28,0.35,10,28,0.08082828018182983,0.5329032258064517,0.5551459293394777,0.6004962779156328,0.6290322580645161,"[[280, 805], [0, 930]]"
best_seed198,0.35,8,198,0.09128359063740328,0.537258064516129,0.5592933947772657,0.6004962779156328,0.6290322580645161,"[[280, 805], [0, 930]]"
seed50_leaf8,0.35,8,50,0.09248046673623705,0.5375806451612903,0.5596006144393241,0.6004962779156328,0.6290322580645161,"[[280, 805], [0, 930]]"
seed50_leaf8,0.35,8,50,0.7319168720353886,0.5324193548387097,0.5098795375535613,0.6,0.5672811059907834,"[[1077, 8], [798, 132]]"
best_seed28,0.35,10,28,0.7167107935127964,0.5346774193548387,0.5122079392028458,0.5990074441687345,0.5658986175115208,"[[1081, 4], [804, 126]]"
best_seed198,0.35,8,198,0.7254722237712203,0.5329032258064517,0.5105667394292183,0.5990074441687345,0.5658986175115208,"[[1081, 4], [804, 126]]"
seed50_leaf8,0.35,8,50,0.7341845155029149,0.5308064516129032,0.5081170668607001,0.5970223325062035,0.5639016897081414,"[[1079, 6], [806, 124]]"
best_seed28,0.35,10,28,0.07773219915628606,0.5309677419354839,0.5533026113671276,0.5955334987593052,0.6244239631336406,"[[270, 815], [0, 930]]"
best_seed198,0.35,8,198,0.08617531961879499,0.5343548387096774,0.5565284178187404,0.5955334987593052,0.6244239631336406,"[[270, 815], [0, 930]]"
seed50_leaf8,0.35,8,50,0.0875058635718036,0.5348387096774193,0.556989247311828,0.5955334987593052,0.6244239631336406,"[[270, 815], [0, 930]]"
best_seed28,0.35,10,28,0.7201740942142778,0.5341935483870968,0.5115692456948824,0.5940446650124069,0.5605222734254992,"[[1081, 4], [814, 116]]"
best_seed198,0.35,8,198,0.7278580603975137,0.5308064516129032,0.5082787614196782,0.5940446650124069,0.5605222734254992,"[[1081, 4], [814, 116]]"
seed50_leaf8,0.35,8,50,0.7365629896155287,0.5303225806451612,0.5074945428086345,0.5940446650124069,0.5605222734254992,"[[1081, 4], [814, 116]]"
seed50_leaf8,0.35,8,50,0.7403306735787325,0.5306451612903226,0.5076077289999191,0.5910669975186105,0.5571428571428572,"[[1083, 2], [822, 108]]"
best_seed28,0.35,10,28,0.07502349606726635,0.5288709677419355,0.5513056835637481,0.5905707196029777,0.619815668202765,"[[260, 825], [0, 930]]"
best_seed198,0.35,8,198,0.08158138065051836,0.5311290322580645,0.5534562211981566,0.5905707196029777,0.619815668202765,"[[260, 825], [0, 930]]"
seed50_leaf8,0.35,8,50,0.08537356839607971,0.5333870967741936,0.5556067588325653,0.5905707196029777,0.619815668202765,"[[260, 825], [0, 930]]"
best_seed198,0.35,8,198,0.7329078310581187,0.5301612903225806,0.5073247635217075,0.5900744416873449,0.5561443932411674,"[[1082, 3], [823, 107]]"
best_seed28,0.35,10,28,0.7226733514258382,0.5345161290322581,0.5118117875333495,0.5890818858560795,0.5551459293394777,"[[1081, 4], [824, 106]]"
seed50_leaf8,0.35,8,50,0.7439513180857983,0.5301612903225806,0.5069528660360578,0.5870967741935483,0.5527649769585253,"[[1084, 1], [831, 99]]"
best_seed198,0.35,8,198,0.7371423434627679,0.5295161290322581,0.5064031045355324,0.5861042183622829,0.5517665130568357,"[[1083, 2], [832, 98]]"
best_seed28,0.35,10,28,0.07261061883542176,0.5275806451612903,0.5500768049155146,0.5856079404466501,0.6152073732718895,"[[250, 835], [0, 930]]"
best_seed198,0.35,8,198,0.07868387300254387,0.5295161290322581,0.5519201228878649,0.5856079404466501,0.6152073732718895,"[[250, 835], [0, 930]]"
seed50_leaf8,0.35,8,50,0.081439539945272,0.5301612903225806,0.5525345622119816,0.5856079404466501,0.6152073732718895,"[[250, 835], [0, 930]]"
best_seed28,0.35,10,28,0.7268614271691125,0.5346774193548387,0.5117551944377071,0.5841191066997519,0.5497695852534562,"[[1081, 4], [834, 96]]"
seed50_leaf8,0.35,8,50,0.7503534363675952,0.5287096774193548,0.5051984800711455,0.5821339950372209,0.5473886328725038,"[[1084, 1], [841, 89]]"
best_seed198,0.35,8,198,0.7388442805845467,0.5290322580645161,0.5058290888511602,0.5811414392059553,0.5463901689708142,"[[1083, 2], [842, 88]]"
best_seed28,0.35,10,28,0.06967427713743184,0.5251612903225806,0.5477726574500767,0.5806451612903226,0.6105990783410138,"[[240, 845], [0, 930]]"
best_seed198,0.35,8,198,0.07654413705029604,0.5279032258064517,0.550384024577573,0.5806451612903226,0.6105990783410138,"[[240, 845], [0, 930]]"
seed50_leaf8,0.35,8,50,0.07809777216271219,0.5275806451612903,0.5500768049155146,0.5806451612903226,0.6105990783410138,"[[240, 845], [0, 930]]"
best_seed28,0.35,10,28,0.7294174171614631,0.5343548387096774,0.5112862802166707,0.5791563275434243,0.5443932411674347,"[[1081, 4], [844, 86]]"
seed50_leaf8,0.35,8,50,0.7519806178101347,0.5287096774193548,0.5051014633357588,0.5771712158808933,0.5420122887864823,"[[1084, 1], [851, 79]]"
best_seed198,0.35,8,198,0.7428695507747752,0.5280645161290323,0.5046972269383135,0.5761786600496278,0.5410138248847927,"[[1083, 2], [852, 78]]"
best_seed28,0.35,10,28,0.06731344553921151,0.5232258064516129,0.5459293394777266,0.575682382133995,0.6059907834101382,"[[230, 855], [0, 930]]"
best_seed198,0.35,8,198,0.07298837859838028,0.5256451612903226,0.5482334869431643,0.575682382133995,0.6059907834101382,"[[230, 855], [0, 930]]"
seed50_leaf8,0.35,8,50,0.07375594967144193,0.525,0.5476190476190477,0.575682382133995,0.6059907834101382,"[[230, 855], [0, 930]]"
best_seed28,0.35,10,28,0.7327050865136074,0.5325806451612903,0.5093863691486782,0.5741935483870968,0.5390168970814132,"[[1081, 4], [854, 76]]"
best_seed198,0.35,8,198,0.7494727806239938,0.5285483870967742,0.5048993451370362,0.5722084367245658,0.5366359447004608,"[[1084, 1], [861, 69]]"
seed50_leaf8,0.35,8,50,0.7559864041997277,0.5279032258064517,0.5040747028862479,0.5722084367245658,0.5366359447004608,"[[1084, 1], [861, 69]]"
best_seed28,0.35,10,28,0.06607104572208164,0.5224193548387097,0.5451612903225806,0.5707196029776674,0.6013824884792627,"[[220, 865], [0, 930]]"
best_seed198,0.35,8,198,0.06931685601594857,0.5230645161290323,0.5457757296466974,0.5707196029776674,0.6013824884792627,"[[220, 865], [0, 930]]"
seed50_leaf8,0.35,8,50,0.06959376548511584,0.521774193548387,0.5445468509984639,0.5707196029776674,0.6013824884792627,"[[220, 865], [0, 930]]"
best_seed28,0.35,10,28,0.7364496363425618,0.5317741935483871,0.5083919476109628,0.5702233250620348,0.5346390168970814,"[[1082, 3], [863, 67]]"
best_seed198,0.35,8,198,0.7559614543242814,0.5261290322580645,0.50228797800954,0.567741935483871,0.5317972350230414,"[[1084, 1], [870, 60]]"
seed50_leaf8,0.35,8,50,0.759844008346726,0.5279032258064517,0.5039938556067588,0.567741935483871,0.5317972350230414,"[[1084, 1], [870, 60]]"
best_seed28,0.35,10,28,0.7424177042622204,0.5320967741935484,0.5084727948904519,0.5667493796526054,0.5307987711213518,"[[1083, 2], [871, 59]]"
best_seed28,0.35,10,28,0.06399220833806119,0.5211290322580645,0.5439324116743471,0.56575682382134,0.5967741935483871,"[[210, 875], [0, 930]]"
best_seed198,0.35,8,198,0.06616232837433209,0.5208064516129032,0.5436251920122888,0.56575682382134,0.5967741935483871,"[[210, 875], [0, 930]]"
seed50_leaf8,0.35,8,50,0.06506222614692796,0.5175806451612903,0.5405529953917051,0.56575682382134,0.5967741935483871,"[[210, 875], [0, 930]]"
seed50_leaf8,0.35,8,50,0.7671983591347137,0.5267741935483871,0.5025790282157006,0.563771712158809,0.5274193548387097,"[[1085, 0], [879, 51]]"
best_seed28,0.35,10,28,0.7467403741241965,0.5306451612903226,0.5067830867491309,0.5627791563275434,0.5264208909370199,"[[1084, 1], [880, 50]]"
best_seed198,0.35,8,198,0.7609974305430816,0.5264516129032258,0.5024658420244159,0.5627791563275434,0.5264208909370199,"[[1084, 1], [880, 50]]"
best_seed28,0.35,10,28,0.06162809150797414,0.5193548387096775,0.5422427035330262,0.5607940446650124,0.5921658986175116,"[[200, 885], [0, 930]]"
best_seed198,0.35,8,198,0.06333177360121567,0.5188709677419355,0.5417818740399386,0.5607940446650124,0.5921658986175116,"[[200, 885], [0, 930]]"
seed50_leaf8,0.35,8,50,0.06316736185224536,0.5145161290322581,0.5376344086021505,0.5607940446650124,0.5921658986175116,"[[200, 885], [0, 930]]"
seed50_leaf8,0.35,8,50,0.772448201264102,0.527258064516129,0.502959010429299,0.5588089330024814,0.5220430107526882,"[[1085, 0], [889, 41]]"
best_seed28,0.35,10,28,0.7524141110978267,0.5282258064516129,0.5040908723421457,0.5578163771712159,0.5210445468509984,"[[1084, 1], [890, 40]]"
best_seed198,0.35,8,198,0.766251957522045,0.5267741935483871,0.5026598754951896,0.5578163771712159,0.5210445468509984,"[[1084, 1], [890, 40]]"
best_seed28,0.35,10,28,0.05923102020300341,0.5166129032258064,0.53963133640553,0.5558312655086849,0.5875576036866359,"[[190, 895], [0, 930]]"
best_seed198,0.35,8,198,0.060883048841823134,0.5164516129032258,0.5394777265745008,0.5558312655086849,0.5875576036866359,"[[190, 895], [0, 930]]"
seed50_leaf8,0.35,8,50,0.060663613574357254,0.512258064516129,0.535483870967742,0.5558312655086849,0.5875576036866359,"[[190, 895], [0, 930]]"
best_seed28,0.35,10,28,0.7573580179032142,0.5275806451612903,0.5032985690031531,0.5538461538461539,0.5166666666666667,"[[1085, 0], [899, 31]]"
seed50_leaf8,0.35,8,50,0.7768120844472323,0.527258064516129,0.5027811464144232,0.5538461538461539,0.5166666666666667,"[[1085, 0], [899, 31]]"
best_seed198,0.35,8,198,0.7709621150356203,0.5266129032258065,0.5023769100169779,0.5528535980148883,0.5156682027649769,"[[1084, 1], [900, 30]]"
best_seed28,0.35,10,28,0.056984067331725105,0.5148387096774194,0.5379416282642089,0.5508684863523573,0.5829493087557603,"[[180, 905], [0, 930]]"
best_seed198,0.35,8,198,0.05944869666685829,0.5151612903225806,0.5382488479262673,0.5508684863523573,0.5829493087557603,"[[180, 905], [0, 930]]"
seed50_leaf8,0.35,8,50,0.059121835040244555,0.510483870967742,0.5337941628264209,0.5508684863523573,0.5829493087557603,"[[180, 905], [0, 930]]"
best_seed28,0.35,10,28,0.7717935726202139,0.5266129032258065,0.5019565041636349,0.5488833746898263,0.5112903225806451,"[[1085, 0], [909, 21]]"
best_seed198,0.35,8,198,0.7798444574706489,0.5261290322580645,0.5016573692295254,0.5488833746898263,0.5112903225806451,"[[1085, 0], [909, 21]]"
seed50_leaf8,0.35,8,50,0.7873488944429968,0.5267741935483871,0.5021262834505619,0.5488833746898263,0.5112903225806451,"[[1085, 0], [909, 21]]"
best_seed28,0.35,10,28,0.0537672758349971,0.5112903225806451,0.5345622119815668,0.5459057071960298,0.5783410138248848,"[[170, 915], [0, 930]]"
best_seed198,0.35,8,198,0.057350780835052316,0.5133870967741936,0.5365591397849463,0.5459057071960298,0.5783410138248848,"[[170, 915], [0, 930]]"
seed50_leaf8,0.35,8,50,0.057040856876704946,0.5079032258064516,0.5313364055299539,0.5459057071960298,0.5783410138248848,"[[170, 915], [0, 930]]"
best_seed28,0.35,10,28,0.05041955582170866,0.506774193548387,0.5302611367127497,0.5409429280397022,0.5737327188940092,"[[160, 925], [0, 930]]"
best_seed198,0.35,8,198,0.054977080360860436,0.510483870967742,0.5337941628264209,0.5409429280397022,0.5737327188940092,"[[160, 925], [0, 930]]"
seed50_leaf8,0.35,8,50,0.05458093068950803,0.5045161290322581,0.528110599078341,0.5409429280397022,0.5737327188940092,"[[160, 925], [0, 930]]"
best_seed28,0.35,10,28,0.04830771411014633,0.5048387096774194,0.5284178187403994,0.5359801488833746,0.5691244239631337,"[[150, 935], [0, 930]]"
best_seed198,0.35,8,198,0.05219474515973591,0.5083870967741936,0.5317972350230414,0.5359801488833746,0.5691244239631337,"[[150, 935], [0, 930]]"
seed50_leaf8,0.35,8,50,0.05224405898988297,0.5019354838709678,0.525652841781874,0.5359801488833746,0.5691244239631337,"[[150, 935], [0, 930]]"
best_seed28,0.35,10,28,0.04569413479815591,0.5017741935483871,0.5254992319508448,0.5310173697270472,0.564516129032258,"[[140, 945], [0, 930]]"
best_seed198,0.35,8,198,0.05102830381897378,0.506774193548387,0.5302611367127497,0.5310173697270472,0.564516129032258,"[[140, 945], [0, 930]]"
seed50_leaf8,0.35,8,50,0.049390543930658164,0.4985483870967742,0.5224270353302611,0.5310173697270472,0.564516129032258,"[[140, 945], [0, 930]]"
best_seed28,0.35,10,28,0.044452192387657866,0.5009677419354839,0.524731182795699,0.5260545905707196,0.5599078341013825,"[[130, 955], [0, 930]]"
best_seed198,0.35,8,198,0.049313621866540036,0.5045161290322581,0.528110599078341,0.5260545905707196,0.5599078341013825,"[[130, 955], [0, 930]]"
seed50_leaf8,0.35,8,50,0.04707577424220665,0.4975806451612903,0.521505376344086,0.5260545905707196,0.5599078341013825,"[[130, 955], [0, 930]]"
best_seed28,0.35,10,28,0.04372080552126412,0.5006451612903225,0.5244239631336406,0.5210918114143921,0.5552995391705069,"[[120, 965], [0, 930]]"
best_seed198,0.35,8,198,0.04808378044521746,0.5033870967741936,0.5270353302611367,0.5210918114143921,0.5552995391705069,"[[120, 965], [0, 930]]"
seed50_leaf8,0.35,8,50,0.045479190320544864,0.4959677419354839,0.5199692780337941,0.5210918114143921,0.5552995391705069,"[[120, 965], [0, 930]]"
best_seed28,0.35,10,28,0.042915235646358296,0.4996774193548387,0.5235023041474655,0.5161290322580645,0.5506912442396313,"[[110, 975], [0, 930]]"
best_seed198,0.35,8,198,0.04584737811830331,0.5006451612903225,0.5244239631336406,0.5161290322580645,0.5506912442396313,"[[110, 975], [0, 930]]"
seed50_leaf8,0.35,8,50,0.042129804497824934,0.49290322580645163,0.5170506912442396,0.5161290322580645,0.5506912442396313,"[[110, 975], [0, 930]]"
best_seed28,0.35,10,28,0.041595222536079605,0.49870967741935485,0.5225806451612903,0.511166253101737,0.5460829493087558,"[[100, 985], [0, 930]]"
best_seed198,0.35,8,198,0.044439847131821926,0.4990322580645161,0.5228878648233487,0.511166253101737,0.5460829493087558,"[[100, 985], [0, 930]]"
seed50_leaf8,0.35,8,50,0.04074606088981142,0.49193548387096775,0.5161290322580645,0.511166253101737,0.5460829493087558,"[[100, 985], [0, 930]]"
best_seed28,0.35,10,28,0.04070272757288419,0.49790322580645163,0.5218125960061444,0.5062034739454094,0.5414746543778802,"[[90, 995], [0, 930]]"
best_seed198,0.35,8,198,0.04278191772480613,0.4975806451612903,0.521505376344086,0.5062034739454094,0.5414746543778802,"[[90, 995], [0, 930]]"
seed50_leaf8,0.35,8,50,0.03934862570600351,0.49016129032258066,0.5144393241167434,0.5062034739454094,0.5414746543778802,"[[90, 995], [0, 930]]"
best_seed28,0.35,10,28,0.03970268370860481,0.4967741935483871,0.5207373271889401,0.5012406947890818,0.5368663594470046,"[[80, 1005], [0, 930]]"
best_seed198,0.35,8,198,0.041548118370820064,0.49629032258064515,0.5202764976958525,0.5012406947890818,0.5368663594470046,"[[80, 1005], [0, 930]]"
seed50_leaf8,0.35,8,50,0.038382398180242534,0.48951612903225805,0.5138248847926268,0.5012406947890818,0.5368663594470046,"[[80, 1005], [0, 930]]"
best_seed28,0.35,10,28,0.03883498552429058,0.4958064516129032,0.5198156682027649,0.49627791563275436,0.532258064516129,"[[70, 1015], [0, 930]]"
best_seed198,0.35,8,198,0.040477100471618815,0.49483870967741933,0.5188940092165899,0.49627791563275436,0.532258064516129,"[[70, 1015], [0, 930]]"
seed50_leaf8,0.35,8,50,0.037100052245232884,0.4882258064516129,0.5125960061443933,0.49627791563275436,0.532258064516129,"[[70, 1015], [0, 930]]"
best_seed28,0.35,10,28,0.03777765988223384,0.495,0.5190476190476191,0.49181141439205955,0.528110599078341,"[[61, 1024], [0, 930]]"
best_seed198,0.35,8,198,0.039024094228728295,0.4935483870967742,0.5176651305683564,0.49181141439205955,0.528110599078341,"[[61, 1024], [0, 930]]"
seed50_leaf8,0.35,8,50,0.0345157859063254,0.4864516129032258,0.5109062980030722,0.49181141439205955,0.528110599078341,"[[61, 1024], [0, 930]]"
best_seed28,0.35,10,28,0.03596001356011162,0.492258064516129,0.5164362519201229,0.486848635235732,0.5235023041474655,"[[51, 1034], [0, 930]]"
best_seed198,0.35,8,198,0.03760901994955678,0.492258064516129,0.5164362519201229,0.486848635235732,0.5235023041474655,"[[51, 1034], [0, 930]]"
seed50_leaf8,0.35,8,50,0.03268293088894138,0.48516129032258065,0.5096774193548387,0.486848635235732,0.5235023041474655,"[[51, 1034], [0, 930]]"
best_seed28,0.35,10,28,0.03396169929668273,0.48951612903225805,0.5138248847926268,0.4818858560794045,0.5188940092165899,"[[41, 1044], [0, 930]]"
best_seed198,0.35,8,198,0.03510476568502889,0.4885483870967742,0.5129032258064516,0.4818858560794045,0.5188940092165899,"[[41, 1044], [0, 930]]"
seed50_leaf8,0.35,8,50,0.030967309719777826,0.4848387096774194,0.5093701996927803,0.4818858560794045,0.5188940092165899,"[[41, 1044], [0, 930]]"
best_seed28,0.35,10,28,0.03216686470176822,0.48758064516129035,0.5119815668202765,0.47692307692307695,0.5142857142857142,"[[31, 1054], [0, 930]]"
best_seed198,0.35,8,198,0.03244901343519957,0.485,0.5095238095238095,0.47692307692307695,0.5142857142857142,"[[31, 1054], [0, 930]]"
seed50_leaf8,0.35,8,50,0.029879211988216227,0.4840322580645161,0.5086021505376344,0.47692307692307695,0.5142857142857142,"[[31, 1054], [0, 930]]"
best_seed28,0.35,10,28,0.029620318707741317,0.48516129032258065,0.5096774193548387,0.47196029776674936,0.5096774193548387,"[[21, 1064], [0, 930]]"
best_seed198,0.35,8,198,0.030556226935270457,0.4841935483870968,0.5087557603686635,0.47196029776674936,0.5096774193548387,"[[21, 1064], [0, 930]]"
seed50_leaf8,0.35,8,50,0.0288211097005777,0.48338709677419356,0.5079877112135177,0.47196029776674936,0.5096774193548387,"[[21, 1064], [0, 930]]"
