model,threshold_strategy,threshold,fs_accuracy,test_accuracy,test_balanced_accuracy,confusion_matrix
gb_lr0.03_d1,sweep,0.5846980552199383,0.631774193548387,0.8471464019851117,0.854531490015361,"[[823, 262], [46, 884]]"
gb_lr0.03_d1,sweep,0.5882469045253631,0.631774193548387,0.8461538461538461,0.853225806451613,"[[826, 259], [51, 879]]"
gb_lr0.03_d1,sweep,0.593642734715364,0.6290322580645161,0.8461538461538461,0.8527649769585254,"[[832, 253], [57, 873]]"
gb_lr0.03_d1,sweep,0.594512825715553,0.6288709677419355,0.8461538461538461,0.8526881720430107,"[[833, 252], [58, 872]]"
gb_lr0.03_d1,sweep,0.5809991551583812,0.6341935483870967,0.8456575682382134,0.8535330261136713,"[[815, 270], [41, 889]]"
gb_lr0.03_d1,sweep,0.5752697586712892,0.6382258064516129,0.8441687344913151,0.8523809523809524,"[[809, 276], [38, 892]]"
gb_lr0.08_d1,sweep,0.5526822771011847,0.640483870967742,0.8441687344913151,0.8519201228878648,"[[815, 270], [44, 886]]"
gb_lr0.05_d1,sweep,0.5728419876608697,0.6343548387096775,0.8441687344913151,0.8515360983102918,"[[820, 265], [49, 881]]"
gb_lr0.05_d1,sweep,0.58284537307079,0.6330645161290323,0.8441687344913151,0.8507680491551459,"[[830, 255], [59, 871]]"
gb_lr0.03_d1,sweep,0.5692845768691642,0.6395161290322581,0.8436724565756824,0.8525345622119815,"[[800, 285], [30, 900]]"
gb_lr0.03_d1,sweep,0.569740651733486,0.6396774193548387,0.8436724565756824,0.8525345622119815,"[[800, 285], [30, 900]]"
gb_lr0.03_d1,sweep,0.577166602942434,0.636774193548387,0.8436724565756824,0.8517665130568357,"[[810, 275], [40, 890]]"
gb_lr0.03_d1,sweep,0.5997844879735713,0.6251612903225806,0.8436724565756824,0.8497695852534562,"[[836, 249], [66, 864]]"
gb_lr0.08_d1,sweep,0.5594829925347664,0.6391935483870967,0.8431761786600497,0.8505376344086022,"[[819, 266], [50, 880]]"
gb_lr0.08_d1,sweep,0.5599010184373966,0.6390322580645161,0.8431761786600497,0.8504608294930875,"[[820, 265], [51, 879]]"
gb_lr0.05_d1,sweep,0.5783202664319042,0.6332258064516129,0.8431761786600497,0.8500768049155146,"[[825, 260], [56, 874]]"
gb_lr0.08_d1,sweep,0.566943846009913,0.6375806451612903,0.8431761786600497,0.8500768049155146,"[[825, 260], [56, 874]]"
gb_lr0.05_d1,sweep,0.5622664849714755,0.6370967741935484,0.8426799007444169,0.8508448540706606,"[[808, 277], [40, 890]]"
gb_lr0.05_d1,sweep,0.5628833431902898,0.6375806451612903,0.8426799007444169,0.8507680491551459,"[[809, 276], [41, 889]]"
gb_lr0.08_d1,sweep,0.5491851543806655,0.64,0.8426799007444169,0.8507680491551459,"[[809, 276], [41, 889]]"
gb_lr0.05_d1,sweep,0.5698403008671618,0.635,0.8426799007444169,0.8502304147465438,"[[816, 269], [48, 882]]"
gb_lr0.05_d1,sweep,0.584344548733561,0.6330645161290323,0.8426799007444169,0.8491551459293395,"[[830, 255], [62, 868]]"
gb_lr0.03_d1,sweep,0.6023192719990025,0.6246774193548387,0.8421836228287841,0.8480030721966206,"[[838, 247], [71, 859]]"
gb_lr0.05_d1,sweep,0.5895504853343979,0.6301612903225806,0.8421836228287841,0.8480030721966206,"[[838, 247], [71, 859]]"
gb_lr0.05_d1,sweep,0.5911636954158084,0.6295161290322581,0.8421836228287841,0.8478494623655914,"[[840, 245], [73, 857]]"
gb_lr0.03_d1,sweep,0.5614235426856454,0.6424193548387097,0.8416873449131513,0.851305683563748,"[[788, 297], [22, 908]]"
gb_lr0.05_d1,sweep,0.5571524534997326,0.6388709677419355,0.8416873449131513,0.8501536098310292,"[[803, 282], [37, 893]]"
gb_lr0.03_d1,sweep,0.5644634350771204,0.6414516129032258,0.8411910669975186,0.8506144393241167,"[[790, 295], [25, 905]]"
gb_lr0.08_d1,sweep,0.5718483289144322,0.637258064516129,0.8411910669975186,0.8477726574500768,"[[827, 258], [62, 868]]"
gb_lr0.08_d1,sweep,0.5743391353693489,0.6364516129032258,0.8401985111662531,0.8466205837173579,"[[828, 257], [65, 865]]"
gb_lr0.05_d1,sweep,0.5535385794153483,0.64,0.8397022332506203,0.8485407066052227,"[[796, 289], [34, 896]]"
gb_lr0.08_d1,sweep,0.5464276764166404,0.640483870967742,0.8397022332506203,0.8480030721966205,"[[803, 282], [41, 889]]"
gb_lr0.05_d1,sweep,0.5973341003141858,0.6290322580645161,0.8397022332506203,0.8450076804915514,"[[842, 243], [80, 850]]"
gb_lr0.03_d1,sweep,0.5567637691994431,0.645,0.8392059553349875,0.8493087557603687,"[[779, 306], [18, 912]]"
gb_lr0.03_d1,sweep,0.6063623912094938,0.6230645161290322,0.8392059553349875,0.8445468509984639,"[[841, 244], [80, 850]]"
gb_lr0.03_d1,sweep,0.5529254740452536,0.6430645161290323,0.8377171215880893,0.8480798771121352,"[[774, 311], [16, 914]]"
gb_lr0.05_d1,sweep,0.5506365619436627,0.6408064516129032,0.8377171215880893,0.8466973886328726,"[[792, 293], [34, 896]]"
gb_lr0.08_d1,sweep,0.581028767092152,0.6333870967741936,0.8377171215880893,0.8436251920122888,"[[832, 253], [74, 856]]"
gb_lr0.08_d1,sweep,0.5833129756067316,0.6327419354838709,0.8372208436724565,0.843010752688172,"[[833, 252], [76, 854]]"
gb_lr0.08_d1,sweep,0.5880773836448917,0.6320967741935484,0.8372208436724565,0.8428571428571429,"[[835, 250], [78, 852]]"
gb_lr0.08_d1,sweep,0.5946124304088354,0.63,0.8372208436724565,0.8423195084485406,"[[842, 243], [85, 845]]"
gb_lr0.05_d1,sweep,0.6001686302948306,0.6275806451612903,0.8372208436724565,0.8422427035330261,"[[843, 242], [86, 844]]"
gb_lr0.03_d1,sweep,0.5512987203844055,0.6432258064516129,0.8367245657568239,0.84715821812596,"[[772, 313], [16, 914]]"
gb_lr0.05_d1,sweep,0.5433527809933865,0.6411290322580645,0.8367245657568239,0.8463133640552996,"[[783, 302], [27, 903]]"
gb_lr0.05_d1,sweep,0.5436189041961325,0.6412903225806451,0.8367245657568239,0.8463133640552996,"[[783, 302], [27, 903]]"
gb_lr0.08_d1,sweep,0.5372047563279804,0.6412903225806451,0.8367245657568239,0.8455453149001536,"[[793, 292], [37, 893]]"
gb_lr0.08_d1,sweep,0.5404154858929472,0.6403225806451613,0.8367245657568239,0.8454685099846391,"[[794, 291], [38, 892]]"
gb_lr0.08_d1,sweep,0.5951545369997874,0.6296774193548387,0.8362282878411911,0.8412442396313364,"[[842, 243], [87, 843]]"
gb_lr0.08_d1,sweep,0.5322866258438336,0.6420967741935484,0.8357320099255583,0.8447772657450077,"[[789, 296], [35, 895]]"
gb_lr0.03_d1,sweep,0.612036929543383,0.6190322580645161,0.8357320099255583,0.8407066052227343,"[[842, 243], [88, 842]]"
gb_lr0.05_d1,sweep,0.6051997588998079,0.627258064516129,0.8357320099255583,0.8404761904761904,"[[845, 240], [91, 839]]"
gb_lr0.08_d1,sweep,0.6023943317181738,0.6298387096774194,0.8357320099255583,0.8403225806451613,"[[847, 238], [93, 837]]"
gb_lr0.08_d1,sweep,0.6048966887101263,0.6301612903225806,0.8357320099255583,0.8400153609831029,"[[851, 234], [97, 833]]"
gb_lr0.03_d1,sweep,0.6226061246559322,0.6146774193548387,0.8357320099255583,0.8397081413210445,"[[855, 230], [101, 829]]"
gb_lr0.03_d1,sweep,0.5457632926564205,0.6440322580645161,0.8352357320099255,0.8463133640552996,"[[762, 323], [9, 921]]"
gb_lr0.05_d1,sweep,0.5362936928260902,0.6388709677419355,0.8352357320099255,0.8453149001536098,"[[775, 310], [22, 908]]"
gb_lr0.03_d1,sweep,0.6098970509701104,0.6201612903225806,0.8352357320099255,0.8402457757296466,"[[841, 244], [88, 842]]"
gb_lr0.03_d3,sweep,0.598840739541749,0.6196774193548387,0.8352357320099255,0.8402457757296466,"[[841, 244], [88, 842]]"
gb_lr0.03_d1,sweep,0.6199626601872663,0.6151612903225806,0.8347394540942928,0.8390168970814132,"[[850, 235], [98, 832]]"
gb_lr0.05_d1,sweep,0.5289921590845365,0.6419354838709678,0.8342431761786601,0.8445468509984639,"[[771, 314], [20, 910]]"
gb_lr0.03_d1,sweep,0.6172033406211369,0.6167741935483871,0.8342431761786601,0.8387096774193548,"[[847, 238], [96, 834]]"
gb_lr0.05_d1,sweep,0.6120200708005058,0.6251612903225806,0.8342431761786601,0.8384024577572964,"[[851, 234], [100, 830]]"
gb_lr0.03_d1,sweep,0.6269459876677836,0.6119354838709677,0.8342431761786601,0.8377880184331797,"[[859, 226], [108, 822]]"
gb_lr0.05_d1,sweep,0.5280933382944755,0.6412903225806451,0.8337468982630273,0.8440860215053764,"[[770, 315], [20, 910]]"
gb_lr0.03_d3,sweep,0.5959496554246749,0.6201612903225806,0.8337468982630273,0.8389400921658987,"[[837, 248], [87, 843]]"
gb_lr0.03_d2,sweep,0.5810023418459319,0.6337096774193548,0.8337468982630273,0.8385560675883257,"[[842, 243], [92, 838]]"
gb_lr0.05_d1,sweep,0.6110892248587869,0.6256451612903225,0.8337468982630273,0.8380184331797236,"[[849, 236], [99, 831]]"
gb_lr0.03_d1,sweep,0.6275466273512348,0.6111290322580645,0.8337468982630273,0.8372503840245775,"[[859, 226], [109, 821]]"
gb_lr0.03_d2,sweep,0.5777428253546548,0.6338709677419355,0.8332506203473945,0.8382488479262673,"[[839, 246], [90, 840]]"
gb_lr0.03_d3,sweep,0.6053050510289132,0.6179032258064516,0.8332506203473945,0.8377880184331796,"[[845, 240], [96, 834]]"
gb_lr0.03_d2,sweep,0.5882270879742693,0.6308064516129033,0.8332506203473945,0.8374039938556068,"[[850, 235], [101, 829]]"
gb_lr0.08_d1,sweep,0.6109800329347794,0.6290322580645161,0.8332506203473945,0.8368663594470046,"[[857, 228], [108, 822]]"
gb_lr0.03_d1,sweep,0.5433995066906169,0.6443548387096775,0.8327543424317618,0.8440092165898618,"[[757, 328], [9, 921]]"
gb_lr0.03_d2,sweep,0.5735126998912778,0.6341935483870967,0.8327543424317618,0.838095238095238,"[[834, 251], [86, 844]]"
gb_lr0.03_d2,sweep,0.5878778634851839,0.6304838709677419,0.8327543424317618,0.8370199692780338,"[[848, 237], [100, 830]]"
gb_lr0.03_d2,sweep,0.6008457935560095,0.625,0.8327543424317618,0.8362519201228878,"[[858, 227], [110, 820]]"
gb_lr0.03_d2,sweep,0.6013828032266672,0.6246774193548387,0.8327543424317618,0.8362519201228878,"[[858, 227], [110, 820]]"
gb_lr0.08_d1,sweep,0.6168110062868579,0.6258064516129033,0.8327543424317618,0.8358678955453149,"[[863, 222], [115, 815]]"
gb_lr0.08_d1,sweep,0.525122749858629,0.6412903225806451,0.832258064516129,0.8418586789554532,"[[778, 307], [31, 899]]"
gb_lr0.03_d2,sweep,0.5647166877034598,0.6337096774193548,0.832258064516129,0.8380184331797236,"[[828, 257], [81, 849]]"
gb_lr0.03_d2,sweep,0.5662961355564591,0.6340322580645161,0.832258064516129,0.8379416282642089,"[[829, 256], [82, 848]]"
gb_lr0.03_d2,sweep,0.5940224580727554,0.6270967741935484,0.832258064516129,0.8361751152073733,"[[852, 233], [105, 825]]"
gb_lr0.03_d2,sweep,0.6091031785446004,0.6225806451612903,0.832258064516129,0.835099846390169,"[[866, 219], [119, 811]]"
gb_lr0.08_d1,sweep,0.5259658639665072,0.6406451612903226,0.8317617866004963,0.841321044546851,"[[778, 307], [32, 898]]"
gb_lr0.08_d1,sweep,0.6126490995262276,0.6282258064516129,0.8317617866004963,0.8352534562211982,"[[857, 228], [111, 819]]"
gb_lr0.03_d2,sweep,0.6114737057658427,0.6216129032258064,0.8317617866004963,0.8344854070660522,"[[867, 218], [121, 809]]"
gb_lr0.03_d2,sweep,0.6162740135195738,0.6196774193548387,0.8317617866004963,0.8341781874039939,"[[871, 214], [125, 805]]"
gb_lr0.03_d2,sweep,0.6293018542636255,0.613225806451613,0.8317617866004963,0.8331797235023042,"[[884, 201], [138, 792]]"
gb_lr0.03_d1,sweep,0.5303496918377603,0.645483870967742,0.8312655086848635,0.843010752688172,"[[749, 336], [4, 926]]"
gb_lr0.03_d2,sweep,0.5185407273085674,0.6403225806451613,0.8312655086848635,0.8398617511520737,"[[790, 295], [45, 885]]"
gb_lr0.03_d2,sweep,0.5516100723240361,0.6348387096774194,0.8312655086848635,0.8377880184331797,"[[817, 268], [72, 858]]"
gb_lr0.03_d2,sweep,0.5516681518444512,0.6346774193548387,0.8312655086848635,0.8377880184331797,"[[817, 268], [72, 858]]"
gb_lr0.03_d3,sweep,0.5811111281717002,0.6237096774193548,0.8312655086848635,0.8370199692780338,"[[827, 258], [82, 848]]"
gb_lr0.03_d3,sweep,0.5866472768742357,0.6235483870967742,0.8312655086848635,0.8367895545314901,"[[830, 255], [85, 845]]"
gb_lr0.05_d1,sweep,0.6179309101864107,0.6203225806451613,0.8312655086848635,0.8348694316436251,"[[855, 230], [110, 820]]"
gb_lr0.03_d1,sweep,0.6318018323387469,0.6085483870967742,0.8312655086848635,0.8342549923195084,"[[863, 222], [118, 812]]"
gb_lr0.08_d1,sweep,0.6225739674165099,0.6243548387096775,0.8312655086848635,0.8340245775729647,"[[866, 219], [121, 809]]"
gb_lr0.03_d1,sweep,0.5245230077802551,0.6488709677419355,0.8307692307692308,0.8427803379416283,"[[745, 340], [1, 929]]"
gb_lr0.03_d3,sweep,0.6122391805260105,0.6167741935483871,0.8307692307692308,0.8350230414746544,"[[846, 239], [102, 828]]"
gb_lr0.03_d3,sweep,0.613136058650438,0.6174193548387097,0.8307692307692308,0.8349462365591398,"[[847, 238], [103, 827]]"
gb_lr0.08_d1,sweep,0.6229622103947665,0.6243548387096775,0.8307692307692308,0.8334869431643626,"[[866, 219], [122, 808]]"
gb_lr0.03_d1,sweep,0.5279070283865276,0.646774193548387,0.830272952853598,0.8420890937019969,"[[747, 338], [4, 926]]"
gb_lr0.03_d2,sweep,0.6226336022927013,0.6172580645161291,0.830272952853598,0.832258064516129,"[[875, 210], [132, 798]]"
gb_lr0.03_d2,sweep,0.6229518487384915,0.6167741935483871,0.830272952853598,0.832258064516129,"[[875, 210], [132, 798]]"
gb_lr0.08_d1,sweep,0.6306250026362562,0.6222580645161291,0.830272952853598,0.832258064516129,"[[875, 210], [132, 798]]"
gb_lr0.03_d2,sweep,0.6324674960867956,0.6114516129032258,0.830272952853598,0.8314900153609831,"[[885, 200], [142, 788]]"
gb_lr0.03_d1,sweep,0.5364774196885865,0.6458064516129032,0.8297766749379653,0.8413210445468511,"[[750, 335], [8, 922]]"
gb_lr0.03_d2,sweep,0.5431892320907981,0.6366129032258064,0.8297766749379653,0.8367895545314901,"[[809, 276], [67, 863]]"
gb_lr0.03_d2,sweep,0.5591915494355136,0.635483870967742,0.8297766749379653,0.8359447004608295,"[[820, 265], [78, 852]]"
gb_lr0.03_d3,sweep,0.5776227352477592,0.6240322580645161,0.8297766749379653,0.8358678955453149,"[[821, 264], [79, 851]]"
gb_lr0.03_d3,sweep,0.6211629352617507,0.6166129032258064,0.8297766749379653,0.8332565284178188,"[[855, 230], [113, 817]]"
gb_lr0.03_d3,sweep,0.6212728431819775,0.6166129032258064,0.8297766749379653,0.8332565284178188,"[[855, 230], [113, 817]]"
gb_lr0.05_d1,sweep,0.6191355939721036,0.6191935483870967,0.8297766749379653,0.8332565284178188,"[[855, 230], [113, 817]]"
gb_lr0.03_d1,sweep,0.6347176877648176,0.6080645161290322,0.8297766749379653,0.8324884792626728,"[[865, 220], [123, 807]]"
gb_lr0.08_d1,sweep,0.6307402157861935,0.6225806451612903,0.8297766749379653,0.8317204301075268,"[[875, 210], [133, 797]]"
gb_lr0.03_d1,sweep,0.652675124146108,0.5993548387096774,0.8297766749379653,0.829800307219662,"[[900, 185], [158, 772]]"
gb_lr0.03_d1,sweep,0.5184595767159519,0.6490322580645161,0.8292803970223325,0.8414746543778802,"[[741, 344], [0, 930]]"
gb_lr0.03_d1,sweep,0.6450652811158183,0.6011290322580645,0.8292803970223325,0.8304915514592934,"[[884, 201], [143, 787]]"
gb_lr0.03_d2,sweep,0.5165659604934922,0.6395161290322581,0.8287841191066998,0.8375576036866359,"[[785, 300], [45, 885]]"
gb_lr0.05_d1,sweep,0.6241738992162197,0.6175806451612903,0.8287841191066998,0.8319508448540707,"[[858, 227], [118, 812]]"
gb_lr0.03_d1,sweep,0.6362625145220013,0.6069354838709677,0.8287841191066998,0.8312596006144393,"[[867, 218], [127, 803]]"
gb_lr0.03_d1,sweep,0.6393854566834657,0.6038709677419355,0.8287841191066998,0.8307987711213518,"[[873, 212], [133, 797]]"
gb_lr0.03_d2,sweep,0.526588844152459,0.6395161290322581,0.828287841191067,0.8363287250384025,"[[794, 291], [55, 875]]"
gb_lr0.03_d2,sweep,0.5383431607886279,0.637258064516129,0.828287841191067,0.8355606758832566,"[[804, 281], [65, 865]]"
gb_lr0.03_d1,sweep,0.6399825320862804,0.6037096774193549,0.828287841191067,0.8302611367127497,"[[873, 212], [134, 796]]"
gb_lr0.03_d2,sweep,0.6356190239302555,0.609516129032258,0.828287841191067,0.8291858678955453,"[[887, 198], [148, 782]]"
gb_lr0.03_d1,sweep,0.651197725640447,0.6009677419354839,0.828287841191067,0.8287250384024577,"[[893, 192], [154, 776]]"
gb_lr0.03_d1,sweep,0.6538504042893704,0.5993548387096774,0.828287841191067,0.8279569892473118,"[[903, 182], [164, 766]]"
gb_lr0.03_d1,sweep,0.6563974409273793,0.5962903225806452,0.828287841191067,0.827726574500768,"[[906, 179], [167, 763]]"
gb_lr0.03_d1,sweep,0.6602616423175469,0.5954838709677419,0.828287841191067,0.8269585253456222,"[[916, 169], [177, 753]]"
gb_lr0.05_d1,sweep,0.5227814207229536,0.6429032258064517,0.8277915632754342,0.8385560675883257,"[[758, 327], [20, 910]]"
gb_lr0.03_d2,sweep,0.5267511865590977,0.6396774193548387,0.8277915632754342,0.8357910906298003,"[[794, 291], [56, 874]]"
gb_lr0.03_d3,sweep,0.629067331821409,0.612741935483871,0.8277915632754342,0.8304915514592934,"[[863, 222], [125, 805]]"
gb_lr0.03_d3,sweep,0.6296541395080267,0.6122580645161291,0.8277915632754342,0.8304147465437788,"[[864, 221], [126, 804]]"
gb_lr0.08_d1,sweep,0.6359084148301652,0.6185483870967742,0.8277915632754342,0.8291858678955453,"[[880, 205], [142, 788]]"
gb_lr0.03_d1,sweep,0.6592436448394767,0.5958064516129032,0.8277915632754342,0.8267281105990782,"[[912, 173], [174, 756]]"
gb_lr0.03_d2,sweep,0.5354757672266156,0.6387096774193548,0.8272952853598015,0.8347158218125961,"[[801, 284], [64, 866]]"
gb_lr0.03_d1,sweep,0.644028839450786,0.6020967741935483,0.8272952853598015,0.8287250384024578,"[[879, 206], [142, 788]]"
gb_lr0.08_d1,sweep,0.6384300615948368,0.6183870967741936,0.8272952853598015,0.828494623655914,"[[882, 203], [145, 785]]"
gb_lr0.05_d2,sweep,0.5521304895366057,0.6266129032258064,0.8267990074441688,0.8337173579109063,"[[807, 278], [71, 859]]"
gb_lr0.03_d1,sweep,0.6485585747843363,0.6012903225806452,0.8267990074441688,0.8274961597542243,"[[888, 197], [152, 778]]"
gb_lr0.05_d1,sweep,0.519938317692358,0.6433870967741936,0.826302729528536,0.8373271889400922,"[[753, 332], [18, 912]]"
gb_lr0.03_d2,sweep,0.510893317220365,0.6412903225806451,0.826302729528536,0.8353302611367127,"[[779, 306], [44, 886]]"
gb_lr0.03_d3,sweep,0.5705825144911179,0.6245161290322581,0.826302729528536,0.8327956989247312,"[[812, 273], [77, 853]]"
gb_lr0.03_d3,sweep,0.6390733545460362,0.6106451612903225,0.826302729528536,0.8282642089093701,"[[871, 214], [136, 794]]"
gb_lr0.03_d3,sweep,0.6392389993228704,0.6108064516129033,0.826302729528536,0.8282642089093701,"[[871, 214], [136, 794]]"
gb_lr0.03_d2,sweep,0.6424912451480753,0.6053225806451613,0.826302729528536,0.8268049155145929,"[[890, 195], [155, 775]]"
gb_lr0.03_d2,sweep,0.6466786022018001,0.604516129032258,0.826302729528536,0.8267281105990784,"[[891, 194], [156, 774]]"
gb_lr0.08_d1,sweep,0.5172449136772622,0.6416129032258064,0.8258064516129032,0.8360215053763441,"[[763, 322], [29, 901]]"
gb_lr0.05_d1,sweep,0.6271229540048036,0.6179032258064516,0.8258064516129032,0.828494623655914,"[[861, 224], [127, 803]]"
gb_lr0.05_d1,sweep,0.5166209798177062,0.6440322580645161,0.8253101736972704,0.8366359447004608,"[[748, 337], [15, 915]]"
gb_lr0.03_d3,sweep,0.5682279260275676,0.6261290322580645,0.8253101736972704,0.8319508448540707,"[[809, 276], [76, 854]]"
gb_lr0.05_d2,sweep,0.5577398325560055,0.6264516129032258,0.8253101736972704,0.8317972350230415,"[[811, 274], [78, 852]]"
gb_lr0.05_d1,sweep,0.6371506048880817,0.615,0.8253101736972704,0.8272657450076805,"[[870, 215], [137, 793]]"
gb_lr0.03_d3,sweep,0.6588880382875729,0.6056451612903225,0.8253101736972704,0.8257296466973887,"[[890, 195], [157, 773]]"
gb_lr0.03_d1,sweep,0.5105608552807347,0.6482258064516129,0.8248138957816377,0.8373271889400922,"[[732, 353], [0, 930]]"
gnb,sweep,1.0,0.609516129032258,0.8248138957816377,0.8373271889400922,"[[732, 353], [0, 930]]"
gb_lr0.05_d1,default_predict,,,0.8248138957816377,0.8366359447004608,"[[741, 344], [9, 921]]"
gb_lr0.05_d1,sweep,0.5,0.6445161290322581,0.8248138957816377,0.8366359447004608,"[[741, 344], [9, 921]]"
gb_lr0.08_d1,sweep,0.5166808243994041,0.642258064516129,0.8248138957816377,0.835099846390169,"[[761, 324], [29, 901]]"
gb_lr0.05_d2,sweep,0.5434362295143318,0.6266129032258064,0.8248138957816377,0.8321812596006144,"[[799, 286], [67, 863]]"
gb_lr0.05_d2,sweep,0.5583102186221618,0.6258064516129033,0.8248138957816377,0.8312596006144393,"[[811, 274], [79, 851]]"
gb_lr0.05_d2,sweep,0.5870627877210369,0.6196774193548387,0.8248138957816377,0.8290322580645162,"[[840, 245], [108, 822]]"
gb_lr0.05_d1,sweep,0.6296499193650525,0.6180645161290322,0.8248138957816377,0.8272657450076805,"[[863, 222], [131, 799]]"
gb_lr0.05_d1,sweep,0.6344002653936066,0.6156451612903225,0.8248138957816377,0.8268817204301075,"[[868, 217], [136, 794]]"
gb_lr0.03_d3,sweep,0.6497198918530624,0.6085483870967742,0.8248138957816377,0.8258832565284178,"[[881, 204], [149, 781]]"
gb_lr0.08_d1,sweep,0.6424457473413313,0.6169354838709677,0.8248138957816377,0.8255760368663594,"[[885, 200], [153, 777]]"
gb_lr0.03_d3,sweep,0.6593164390005656,0.6058064516129033,0.8248138957816377,0.8251920122887865,"[[890, 195], [158, 772]]"
gb_lr0.03_d1,sweep,0.6625167505684628,0.5941935483870968,0.8248138957816377,0.8229646697388633,"[[919, 166], [187, 743]]"
gb_lr0.03_d1,sweep,0.5101730255284563,0.6483870967741936,0.824317617866005,0.8368663594470046,"[[731, 354], [0, 930]]"
gb_lr0.05_d1,sweep,0.5007120702070119,0.6445161290322581,0.824317617866005,0.8360983102918587,"[[741, 344], [10, 920]]"
gb_lr0.05_d1,sweep,0.5012857928611966,0.645,0.824317617866005,0.836021505376344,"[[742, 343], [11, 919]]"
gb_lr0.05_d2,sweep,0.5453690846937106,0.6266129032258064,0.824317617866005,0.8315668202764976,"[[800, 285], [69, 861]]"
gb_lr0.03_d2,sweep,0.6512907199456998,0.6016129032258064,0.824317617866005,0.8244239631336405,"[[893, 192], [162, 768]]"
gb_lr0.05_d1,sweep,0.5102492033618311,0.6435483870967742,0.8238213399503722,0.8354070660522273,"[[743, 342], [13, 917]]"
gb_lr0.03_d3,sweep,0.5610493812491928,0.6266129032258064,0.8238213399503722,0.8307987711213518,"[[803, 282], [73, 857]]"
gb_lr0.05_d2,sweep,0.5905098650627393,0.6208064516129033,0.8238213399503722,0.8278801843317972,"[[841, 244], [111, 819]]"
gb_lr0.05_d1,sweep,0.6391974933310606,0.6143548387096774,0.8238213399503722,0.8255760368663594,"[[871, 214], [141, 789]]"
ada100,sweep,0.5037499095573174,0.602741935483871,0.8238213399503722,0.8247311827956989,"[[882, 203], [152, 778]]"
gb_lr0.03_d2,sweep,0.5027838512719717,0.6420967741935484,0.8233250620347394,0.8327188940092166,"[[771, 314], [42, 888]]"
gb_lr0.05_d2,sweep,0.5333761091278363,0.6267741935483871,0.8233250620347394,0.8311059907834102,"[[792, 293], [63, 867]]"
gb_lr0.03_d3,sweep,0.5575907145472827,0.6261290322580645,0.8233250620347394,0.830568356374808,"[[799, 286], [70, 860]]"
gb_lr0.03_d3,sweep,0.6477535411176992,0.6096774193548387,0.8233250620347394,0.8245007680491552,"[[878, 207], [149, 781]]"
ada100,sweep,0.5036854054020311,0.6035483870967742,0.8233250620347394,0.8245007680491552,"[[878, 207], [149, 781]]"
gb_lr0.03_d3,sweep,0.6682252108005632,0.6033870967741936,0.8233250620347394,0.8231182795698925,"[[896, 189], [167, 763]]"
gb_lr0.03_d2,sweep,0.5013444552364531,0.6408064516129032,0.8228287841191066,0.8323348694316437,"[[769, 316], [41, 889]]"
gb_lr0.05_d2,sweep,0.5657891459895917,0.6243548387096775,0.8228287841191066,0.8287250384024578,"[[816, 269], [88, 842]]"
gb_lr0.03_d2,sweep,0.6647531029814574,0.5951612903225807,0.8228287841191066,0.8221966205837173,"[[901, 184], [173, 757]]"
gnb,sweep,0.9999999999999998,0.609516129032258,0.822332506203474,0.8350230414746544,"[[727, 358], [0, 930]]"
gb_lr0.05_d1,sweep,0.4934366196245117,0.6446774193548387,0.822332506203474,0.8344086021505377,"[[735, 350], [8, 922]]"
gb_lr0.03_d2,default_predict,,,0.822332506203474,0.831874039938556,"[[768, 317], [41, 889]]"
gb_lr0.03_d2,sweep,0.5,0.6411290322580645,0.822332506203474,0.831874039938556,"[[768, 317], [41, 889]]"
gb_lr0.05_d2,sweep,0.5674182885429769,0.6237096774193548,0.822332506203474,0.8280337941628264,"[[818, 267], [91, 839]]"
gb_lr0.05_d2,sweep,0.6136936055951953,0.6208064516129033,0.822332506203474,0.8242703533026114,"[[867, 218], [140, 790]]"
gb_lr0.05_d1,sweep,0.6485173659555009,0.6104838709677419,0.822332506203474,0.8228878648233486,"[[885, 200], [158, 772]]"
gb_lr0.08_d1,sweep,0.6461968069875634,0.6143548387096774,0.822332506203474,0.8227342549923196,"[[887, 198], [160, 770]]"
gb_lr0.03_d2,sweep,0.6586183301303412,0.5991935483870968,0.822332506203474,0.8220430107526882,"[[896, 189], [169, 761]]"
gb_lr0.03_d2,sweep,0.6606952486471749,0.5982258064516129,0.822332506203474,0.8219662058371736,"[[897, 188], [170, 760]]"
gb_lr0.03_d3,sweep,0.6711318239385123,0.6022580645161291,0.822332506203474,0.8219662058371736,"[[897, 188], [170, 760]]"
gb_lr0.08_d1,sweep,0.5101809990832581,0.641774193548387,0.8218362282878412,0.8325652841781874,"[[752, 333], [26, 904]]"
gb_lr0.03_d3,sweep,0.5396466975382196,0.6259677419354839,0.8218362282878412,0.829800307219662,"[[788, 297], [62, 868]]"
gb_lr0.05_d2,sweep,0.5299768818717571,0.6275806451612903,0.8218362282878412,0.829800307219662,"[[788, 297], [62, 868]]"
gb_lr0.03_d3,sweep,0.5414374558505912,0.6258064516129033,0.8218362282878412,0.8297235023041475,"[[789, 296], [63, 867]]"
gb_lr0.05_d2,sweep,0.5729486464677733,0.6229032258064516,0.8218362282878412,0.8271121351766513,"[[823, 262], [97, 833]]"
gb_lr0.05_d2,sweep,0.5814569652773699,0.6211290322580645,0.8218362282878412,0.8264976958525345,"[[831, 254], [105, 825]]"
gb_lr0.05_d2,sweep,0.5968853808889053,0.6201612903225806,0.8218362282878412,0.825268817204301,"[[847, 238], [121, 809]]"
gb_lr0.05_d2,sweep,0.6082796719982615,0.6212903225806452,0.8218362282878412,0.8245007680491552,"[[857, 228], [131, 799]]"
gb_lr0.03_d3,sweep,0.5332715564462591,0.625,0.8213399503722084,0.8294930875576036,"[[785, 300], [60, 870]]"
gb_lr0.03_d3,sweep,0.5512862650359625,0.6259677419354839,0.8213399503722084,0.8289554531490015,"[[792, 293], [67, 863]]"
gb_lr0.05_d2,sweep,0.5756271642806339,0.6216129032258064,0.8213399503722084,0.8262672811059908,"[[827, 258], [102, 828]]"
gb_lr0.05_d2,sweep,0.6172365604840381,0.6196774193548387,0.8213399503722084,0.8230414746543779,"[[869, 216], [144, 786]]"
gb_lr0.05_d2,sweep,0.6250787963048797,0.6183870967741936,0.8213399503722084,0.8226574500768049,"[[874, 211], [149, 781]]"
gb_lr0.05_d1,sweep,0.6505437577731825,0.6074193548387097,0.8213399503722084,0.8217357910906298,"[[886, 199], [161, 769]]"
ada100,sweep,0.5038685375383951,0.6043548387096774,0.8213399503722084,0.8217357910906298,"[[886, 199], [161, 769]]"
ada100,sweep,0.5039188218011541,0.6033870967741936,0.8213399503722084,0.8215821812596006,"[[888, 197], [163, 767]]"
gb_lr0.05_d2,sweep,0.6501675540524305,0.6119354838709677,0.8213399503722084,0.8209677419354839,"[[896, 189], [171, 759]]"
gb_lr0.03_d1,sweep,0.6640382348560034,0.5930645161290322,0.8213399503722084,0.8189708141321045,"[[922, 163], [197, 733]]"
gb_lr0.05_d1,sweep,0.6440247572183097,0.6116129032258064,0.8208436724565756,0.8220430107526882,"[[875, 210], [151, 779]]"
gb_lr0.05_d2,sweep,0.6496420625622261,0.6117741935483871,0.8208436724565756,0.8205837173579109,"[[894, 191], [170, 760]]"
ada100,sweep,0.5045796037564023,0.597741935483871,0.8208436724565756,0.8193548387096774,"[[910, 175], [186, 744]]"
gb_lr0.08_d1,sweep,0.5056577388772866,0.6409677419354839,0.820347394540943,0.8313364055299539,"[[747, 338], [24, 906]]"
gb_lr0.05_d2,sweep,0.6002543585412853,0.62,0.820347394540943,0.82357910906298,"[[848, 237], [125, 805]]"
gb_lr0.05_d1,sweep,0.6441956260415079,0.6114516129032258,0.820347394540943,0.821505376344086,"[[875, 210], [152, 778]]"
gb_lr0.08_d1,sweep,0.6482688241817008,0.6138709677419355,0.820347394540943,0.8205837173579109,"[[887, 198], [164, 766]]"
gb_lr0.08_d1,sweep,0.6551497805403595,0.6111290322580645,0.820347394540943,0.8199692780337942,"[[895, 190], [172, 758]]"
ada100,sweep,0.5042174625803332,0.6008064516129032,0.820347394540943,0.8199692780337942,"[[895, 190], [172, 758]]"
gb_lr0.08_d1,sweep,0.5030921424343502,0.6412903225806451,0.8198511166253102,0.8310291858678955,"[[744, 341], [22, 908]]"
hgb_lr0.06_leaf63,sweep,0.8556792656216855,0.6204838709677419,0.8198511166253102,0.8240399385560676,"[[835, 250], [113, 817]]"
gb_lr0.05_d2,sweep,0.6339887712370867,0.6159677419354839,0.8198511166253102,0.8203533026113672,"[[883, 202], [161, 769]]"
gb_lr0.05_d2,sweep,0.6400591677833384,0.6141935483870967,0.8198511166253102,0.8201228878648233,"[[886, 199], [164, 766]]"
gb_lr0.05_d1,sweep,0.6541299351897839,0.6058064516129033,0.8198511166253102,0.8197388632872504,"[[891, 194], [169, 761]]"
ada100,sweep,0.5041226760227215,0.6022580645161291,0.8198511166253102,0.8197388632872504,"[[891, 194], [169, 761]]"
ada100,sweep,0.5046376717531923,0.5982258064516129,0.8198511166253102,0.8179723502304148,"[[914, 171], [192, 738]]"
gb_lr0.03_d1,sweep,0.6649341588663802,0.5919354838709677,0.8198511166253102,0.8172043010752688,"[[924, 161], [202, 728]]"
gb_lr0.03_d1,sweep,0.5015383094651996,0.6469354838709678,0.8193548387096774,0.832258064516129,"[[721, 364], [0, 930]]"
gb_lr0.08_d1,sweep,0.497835844731588,0.6395161290322581,0.8193548387096774,0.8307219662058372,"[[741, 344], [20, 910]]"
gb_lr0.08_d1,default_predict,,,0.8193548387096774,0.8306451612903225,"[[742, 343], [21, 909]]"
gb_lr0.08_d1,sweep,0.5,0.6416129032258064,0.8193548387096774,0.8306451612903225,"[[742, 343], [21, 909]]"
hgb_lr0.06_leaf63,sweep,0.8113512856798921,0.6216129032258064,0.8193548387096774,0.8248079877112136,"[[818, 267], [97, 833]]"
hgb_lr0.06_leaf63,sweep,0.8463437228514329,0.6206451612903225,0.8193548387096774,0.8239631336405531,"[[829, 256], [108, 822]]"
gb_lr0.05_d2,sweep,0.6093134248515966,0.6208064516129033,0.8193548387096774,0.8217357910906298,"[[858, 227], [137, 793]]"
gb_lr0.05_d2,sweep,0.6262986212335376,0.6179032258064516,0.8193548387096774,0.8205069124423963,"[[874, 211], [153, 777]]"
gb_lr0.08_d1,sweep,0.6539043144459042,0.6120967741935484,0.8193548387096774,0.8191244239631337,"[[892, 193], [171, 759]]"
gb_lr0.03_d3,sweep,0.6768306663425827,0.5991935483870968,0.8193548387096774,0.8185867895545316,"[[899, 186], [178, 752]]"
gb_lr0.03_d2,sweep,0.6717365371933021,0.5929032258064516,0.8193548387096774,0.8182795698924732,"[[903, 182], [182, 748]]"
gb_lr0.08_d1,sweep,0.6686575936020455,0.6053225806451613,0.8193548387096774,0.8171274961597542,"[[918, 167], [197, 733]]"
gb_lr0.08_d2,sweep,0.5838019770619272,0.6190322580645161,0.8188585607940446,0.8230414746543779,"[[834, 251], [114, 816]]"
ada100,sweep,0.5033266696504126,0.6059677419354839,0.8188585607940446,0.821505376344086,"[[854, 231], [134, 796]]"
gb_lr0.03_d2,sweep,0.6728377734152868,0.5933870967741935,0.8188585607940446,0.817741935483871,"[[903, 182], [183, 747]]"
ada100,sweep,0.5044880310172979,0.5983870967741935,0.8188585607940446,0.817741935483871,"[[903, 182], [183, 747]]"
gb_lr0.03_d1,default_predict,,,0.818362282878412,0.8313364055299539,"[[719, 366], [0, 930]]"
gb_lr0.03_d1,sweep,0.5,0.6477419354838709,0.818362282878412,0.8313364055299539,"[[719, 366], [0, 930]]"
hgb_lr0.04_leaf63,sweep,0.6554844487693546,0.6204838709677419,0.818362282878412,0.825268817204301,"[[798, 287], [79, 851]]"
hgb_lr0.06_leaf63,sweep,0.7984174499591538,0.6229032258064516,0.818362282878412,0.8240399385560675,"[[814, 271], [95, 835]]"
hgb_lr0.06_leaf63,sweep,0.8280947653671005,0.6201612903225806,0.818362282878412,0.8235023041474654,"[[821, 264], [102, 828]]"
gb_lr0.08_d2,sweep,0.5887870990072829,0.6188709677419355,0.818362282878412,0.8223502304147465,"[[836, 249], [117, 813]]"
hgb_lr0.06_leaf63,sweep,0.8682631806996998,0.6185483870967742,0.818362282878412,0.8219662058371735,"[[841, 244], [122, 808]]"
ada100,sweep,0.5033350182337507,0.6061290322580645,0.818362282878412,0.8209677419354839,"[[854, 231], [135, 795]]"
ada100,sweep,0.5035608529457345,0.6048387096774194,0.818362282878412,0.8202764976958525,"[[863, 222], [144, 786]]"
ada100,sweep,0.5035765349691848,0.604516129032258,0.818362282878412,0.8202764976958525,"[[863, 222], [144, 786]]"
gb_lr0.05_d2,sweep,0.6364803496666479,0.6148387096774194,0.818362282878412,0.8187403993855606,"[[883, 202], [164, 766]]"
gb_lr0.05_d1,sweep,0.655344256163724,0.6041935483870968,0.818362282878412,0.8179723502304147,"[[893, 192], [174, 756]]"
ada100,sweep,0.5043406978428394,0.6004838709677419,0.818362282878412,0.817741935483871,"[[896, 189], [177, 753]]"
gb_lr0.03_d3,sweep,0.5183675282722876,0.6241935483870967,0.8178660049627792,0.8273425499231951,"[[764, 321], [46, 884]]"
gb_lr0.03_d3,sweep,0.5274681790540171,0.6253225806451613,0.8178660049627792,0.8265745007680492,"[[774, 311], [56, 874]]"
gb_lr0.05_d2,sweep,0.5250199837379763,0.6285483870967742,0.8178660049627792,0.8262672811059908,"[[778, 307], [60, 870]]"
gb_lr0.05_d2,sweep,0.6574805662294045,0.609516129032258,0.8178660049627792,0.8170506912442397,"[[898, 187], [180, 750]]"
gb_lr0.05_d2,sweep,0.661958567118226,0.6093548387096774,0.8178660049627792,0.8167434715821813,"[[902, 183], [184, 746]]"
gb_lr0.05_d2,sweep,0.6675161018375312,0.6058064516129033,0.8178660049627792,0.8162058371735792,"[[909, 176], [191, 739]]"
gb_lr0.05_d2,sweep,0.6701605997735242,0.6043548387096774,0.8178660049627792,0.8159754224270352,"[[912, 173], [194, 736]]"
gb_lr0.08_d1,sweep,0.6668794437443651,0.6061290322580645,0.8178660049627792,0.8159754224270352,"[[912, 173], [194, 736]]"
gb_lr0.05_d2,sweep,0.6798876842992052,0.6017741935483871,0.8178660049627792,0.8152073732718894,"[[922, 163], [204, 726]]"
ada100,sweep,0.5047636518803933,0.5966129032258064,0.8178660049627792,0.8152073732718894,"[[922, 163], [204, 726]]"
gb_lr0.05_d1,sweep,0.4851013135484963,0.6429032258064517,0.8173697270471464,0.8298771121351767,"[[724, 361], [7, 923]]"
gb_lr0.05_d1,sweep,0.4857881017843752,0.6429032258064517,0.8173697270471464,0.829800307219662,"[[725, 360], [8, 922]]"
hgb_lr0.04_leaf63,sweep,0.6165968648382777,0.62,0.8173697270471464,0.8250384024577573,"[[787, 298], [70, 860]]"
hgb_lr0.06_leaf63,sweep,0.8356684855735181,0.6195161290322581,0.8173697270471464,0.8222734254992319,"[[823, 262], [106, 824]]"
gb_lr0.08_d2,sweep,0.5976261058888043,0.6169354838709677,0.8173697270471464,0.8208141321044546,"[[842, 243], [125, 805]]"
gb_lr0.08_d1,sweep,0.4910814288852512,0.6391935483870967,0.8168734491315136,0.828494623655914,"[[735, 350], [19, 911]]"
gb_lr0.05_d2,sweep,0.5168676237985289,0.6285483870967742,0.8168734491315136,0.8255760368663594,"[[773, 312], [57, 873]]"
gb_lr0.05_d2,sweep,0.5171972131588582,0.6287096774193548,0.8168734491315136,0.8255760368663594,"[[773, 312], [57, 873]]"
hgb_lr0.06_leaf63,sweep,0.7923839921176247,0.6233870967741936,0.8168734491315136,0.8227342549923196,"[[810, 275], [94, 836]]"
gb_lr0.08_d2,sweep,0.5773748806956477,0.6196774193548387,0.8168734491315136,0.8214285714285714,"[[827, 258], [111, 819]]"
"mlp(64,)",sweep,0.7482567111968994,0.6325806451612903,0.8168734491315136,0.8209677419354838,"[[833, 252], [117, 813]]"
hgb_lr0.06_leaf63,sweep,0.8740547428108373,0.6193548387096774,0.8168734491315136,0.8202764976958525,"[[842, 243], [126, 804]]"
gb_lr0.08_d2,sweep,0.5978995098951206,0.6167741935483871,0.8168734491315136,0.8202764976958525,"[[842, 243], [126, 804]]"
gb_lr0.05_d1,sweep,0.6587534951348214,0.6022580645161291,0.8168734491315136,0.8159754224270354,"[[898, 187], [182, 748]]"
gb_lr0.08_d1,sweep,0.6641333387596458,0.6074193548387097,0.8168734491315136,0.8153609831029185,"[[906, 179], [190, 740]]"
gb_lr0.03_d1,sweep,0.6689934979028237,0.5901612903225807,0.8168734491315136,0.8134408602150538,"[[931, 154], [215, 715]]"
gb_lr0.05_d1,sweep,0.47225123069049857,0.6387096774193548,0.8163771712158809,0.8292626728110599,"[[718, 367], [3, 927]]"
gb_lr0.05_d1,sweep,0.47845298003852194,0.6420967741935484,0.8163771712158809,0.8289554531490015,"[[722, 363], [7, 923]]"
gb_lr0.03_d3,sweep,0.5170808175403734,0.6245161290322581,0.8163771712158809,0.8259600614439324,"[[761, 324], [46, 884]]"
gb_lr0.03_d3,sweep,0.5241043203225769,0.6254838709677419,0.8163771712158809,0.8253456221198157,"[[769, 316], [54, 876]]"
hgb_lr0.02_leaf63,sweep,0.587345955306917,0.62,0.8163771712158809,0.8237327188940091,"[[790, 295], [75, 855]]"
hgb_lr0.04_leaf63,sweep,0.6354758730145073,0.6203225806451613,0.8163771712158809,0.82357910906298,"[[792, 293], [77, 853]]"
hgb_lr0.04_leaf63,sweep,0.6419454904028963,0.6217741935483871,0.8163771712158809,0.82357910906298,"[[792, 293], [77, 853]]"
"mlp(64, 32)",sweep,0.5984127466201782,0.6229032258064516,0.8163771712158809,0.8231182795698925,"[[798, 287], [83, 847]]"
hgb_lr0.02_leaf63,sweep,0.6091171319655175,0.6206451612903225,0.8163771712158809,0.8228110599078341,"[[802, 283], [87, 843]]"
hgb_lr0.04_leaf63,sweep,0.6678399338284915,0.6206451612903225,0.8163771712158809,0.8228110599078341,"[[802, 283], [87, 843]]"
hgb_lr0.06_leaf63,sweep,0.7708997675812335,0.6245161290322581,0.8163771712158809,0.8228110599078341,"[[802, 283], [87, 843]]"
hgb_lr0.02_leaf63,sweep,0.6218768792359219,0.6203225806451613,0.8163771712158809,0.8222734254992319,"[[809, 276], [94, 836]]"
hgb_lr0.02_leaf63,sweep,0.6271923539419725,0.6190322580645161,0.8163771712158809,0.8220430107526882,"[[812, 273], [97, 833]]"
gb_lr0.08_d2,sweep,0.5693851392892452,0.6211290322580645,0.8163771712158809,0.8213517665130567,"[[821, 264], [106, 824]]"
gb_lr0.08_d2,sweep,0.570022776908909,0.6206451612903225,0.8163771712158809,0.8212749615975422,"[[822, 263], [107, 823]]"
"mlp(64,)",sweep,0.6961501214027405,0.6296774193548387,0.8163771712158809,0.8212749615975422,"[[822, 263], [107, 823]]"
ada100,sweep,0.5048345223114618,0.5948387096774194,0.8163771712158809,0.8134408602150538,"[[924, 161], [209, 721]]"
gb_lr0.03_d1,sweep,0.672141724975477,0.5906451612903226,0.8163771712158809,0.812442396313364,"[[937, 148], [222, 708]]"
gb_lr0.03_d1,sweep,0.4933366386971667,0.646774193548387,0.8158808933002482,0.8290322580645162,"[[714, 371], [0, 930]]"
hgb_lr0.08_leaf63,sweep,0.619564770024398,0.6296774193548387,0.8158808933002482,0.8251152073732719,"[[765, 320], [51, 879]]"
hgb_lr0.04_leaf63,sweep,0.6004699182167866,0.6193548387096774,0.8158808933002482,0.8238095238095238,"[[782, 303], [68, 862]]"
hgb_lr0.06_leaf63,sweep,0.7658613267750056,0.6253225806451613,0.8158808933002482,0.8224270353302612,"[[800, 285], [86, 844]]"
"mlp(64,)",sweep,0.7049822112202645,0.6301612903225806,0.8158808933002482,0.8206605222734256,"[[823, 262], [109, 821]]"
ada100,sweep,0.5028020897381865,0.6104838709677419,0.8158808933002482,0.8202764976958525,"[[828, 257], [114, 816]]"
"mlp(64,)",sweep,0.7432104823112489,0.6325806451612903,0.8158808933002482,0.8200460829493088,"[[831, 254], [117, 813]]"
ada100,sweep,0.5029599939597043,0.6080645161290322,0.8158808933002482,0.8198924731182795,"[[833, 252], [119, 811]]"
ada100,sweep,0.5031445667546571,0.6059677419354839,0.8158808933002482,0.8192780337941628,"[[841, 244], [127, 803]]"
ada100,sweep,0.5031457671072117,0.6061290322580645,0.8158808933002482,0.8192780337941628,"[[841, 244], [127, 803]]"
gb_lr0.03_d3,sweep,0.6815704132095369,0.5979032258064516,0.8158808933002482,0.8147465437788018,"[[900, 185], [186, 744]]"
gb_lr0.05_d2,sweep,0.6768599941083646,0.602741935483871,0.8158808933002482,0.8133640552995391,"[[918, 167], [204, 726]]"
gb_lr0.08_d1,sweep,0.48971593998525176,0.6390322580645161,0.8153846153846154,0.8271121351766513,"[[732, 353], [19, 911]]"
"mlp(64, 32)",sweep,0.314241449534893,0.6206451612903225,0.8153846153846154,0.8247311827956989,"[[763, 322], [50, 880]]"
gb_lr0.05_d2,sweep,0.5096326767090126,0.6267741935483871,0.8153846153846154,0.8244239631336405,"[[767, 318], [54, 876]]"
"mlp(64, 32)",sweep,0.36196068193912534,0.6219354838709678,0.8153846153846154,0.8241167434715821,"[[771, 314], [58, 872]]"
hgb_lr0.02_leaf63,sweep,0.5923812438298157,0.6206451612903225,0.8153846153846154,0.8225806451612903,"[[791, 294], [78, 852]]"
"mlp(64, 32)",sweep,0.5517929178953171,0.6235483870967742,0.8153846153846154,0.8225806451612903,"[[791, 294], [78, 852]]"
"mlp(64, 32)",sweep,0.5542885959148407,0.6237096774193548,0.8153846153846154,0.8225038402457757,"[[792, 293], [79, 851]]"
hgb_lr0.02_leaf63,sweep,0.604430454247361,0.6208064516129033,0.8153846153846154,0.8219662058371735,"[[799, 286], [86, 844]]"
"mlp(64, 32)",sweep,0.6282337588787076,0.6235483870967742,0.8153846153846154,0.8218125960061444,"[[801, 284], [88, 842]]"
"mlp(64,)",sweep,0.640160747718811,0.6270967741935484,0.8153846153846154,0.8211981566820277,"[[809, 276], [96, 834]]"
gb_lr0.08_d1,sweep,0.6585029906186611,0.6080645161290322,0.8153846153846154,0.8143625192012289,"[[898, 187], [185, 745]]"
gb_lr0.08_d2,sweep,0.6630654095292253,0.6072580645161291,0.8153846153846154,0.8139016897081414,"[[904, 181], [191, 739]]"
gb_lr0.03_d1,sweep,0.6675392780851304,0.5908064516129032,0.8153846153846154,0.8121351766513056,"[[927, 158], [214, 716]]"
ada100,sweep,0.5051588316633854,0.5917741935483871,0.8153846153846154,0.8112135176651305,"[[939, 146], [226, 704]]"
"mlp(64, 32)",sweep,0.3028707247972489,0.6191935483870967,0.8148883374689826,0.8243471582181259,"[[761, 324], [49, 881]]"
"mlp(64, 32)",sweep,0.37437979868650423,0.6220967741935484,0.8148883374689826,0.82357910906298,"[[771, 314], [59, 871]]"
hgb_lr0.04_leaf63,sweep,0.592092872567783,0.6191935483870967,0.8148883374689826,0.8231182795698925,"[[777, 308], [65, 865]]"
"mlp(64, 32)",sweep,0.47000869340896606,0.6246774193548387,0.8148883374689826,0.8228110599078341,"[[781, 304], [69, 861]]"
hgb_lr0.02_leaf31,sweep,0.6102818189622214,0.6172580645161291,0.8148883374689826,0.8211981566820277,"[[802, 283], [90, 840]]"
"mlp(64, 32)",sweep,0.6468315826416016,0.6246774193548387,0.8148883374689826,0.8211981566820277,"[[802, 283], [90, 840]]"
hgb_lr0.04_leaf63,sweep,0.6778053045039572,0.6193548387096774,0.8148883374689826,0.8208909370199693,"[[806, 279], [94, 836]]"
hgb_lr0.04_leaf63,sweep,0.6987542672011775,0.618225806451613,0.8148883374689826,0.8206605222734256,"[[809, 276], [97, 833]]"
"mlp(64,)",sweep,0.6647033877372742,0.6269354838709678,0.8148883374689826,0.8204301075268817,"[[812, 273], [100, 830]]"
hgb_lr0.02_leaf63,sweep,0.6391740935883659,0.6185483870967742,0.8148883374689826,0.8201996927803379,"[[815, 270], [103, 827]]"
"mlp(64,)",sweep,0.729703060746193,0.6330645161290323,0.8148883374689826,0.8192780337941628,"[[827, 258], [115, 815]]"
hgb_lr0.02_leaf63,sweep,0.6678998979632064,0.6158064516129033,0.8148883374689826,0.8191244239631337,"[[829, 256], [117, 813]]"
hgb_lr0.02_leaf63,sweep,0.6701575239091105,0.6154838709677419,0.8148883374689826,0.819047619047619,"[[830, 255], [118, 812]]"
gb_lr0.08_d2,sweep,0.6068628949613774,0.6148387096774194,0.8148883374689826,0.817741935483871,"[[847, 238], [135, 795]]"
gb_lr0.08_d1,sweep,0.6600577299109723,0.607741935483871,0.8148883374689826,0.8137480798771122,"[[899, 186], [187, 743]]"
gb_lr0.08_d2,sweep,0.66682782745589,0.6054838709677419,0.8148883374689826,0.8129800307219662,"[[909, 176], [197, 733]]"
ada100,sweep,0.5049511663365397,0.594516129032258,0.8148883374689826,0.8114439324116745,"[[929, 156], [217, 713]]"
ada100,sweep,0.5050630235228298,0.592741935483871,0.8148883374689826,0.8109831029185868,"[[935, 150], [223, 707]]"
gb_lr0.03_d1,sweep,0.4912445123302678,0.6461290322580645,0.8143920595533499,0.8276497695852534,"[[711, 374], [0, 930]]"
gnb,sweep,0.9999999999999981,0.6111290322580645,0.8143920595533499,0.8276497695852534,"[[711, 374], [0, 930]]"
gnb,sweep,0.9999999999999982,0.6111290322580645,0.8143920595533499,0.8276497695852534,"[[711, 374], [0, 930]]"
gb_lr0.03_d2,sweep,0.4918020014776766,0.6419354838709678,0.8143920595533499,0.8245775729646698,"[[751, 334], [40, 890]]"
"mlp(64, 32)",sweep,0.4438334648609162,0.6238709677419355,0.8143920595533499,0.8225806451612904,"[[777, 308], [66, 864]]"
hgb_lr0.02_leaf63,sweep,0.5767386021092705,0.6190322580645161,0.8143920595533499,0.8220430107526882,"[[784, 301], [73, 857]]"
"mlp(64, 32)",sweep,0.5034215683221818,0.6240322580645161,0.8143920595533499,0.8220430107526882,"[[784, 301], [73, 857]]"
"mlp(64,)",sweep,0.5562685477018356,0.6298387096774194,0.8143920595533499,0.8215821812596006,"[[790, 295], [79, 851]]"
"mlp(128,)",sweep,0.5669274970293045,0.6448387096774194,0.8143920595533499,0.8209677419354839,"[[798, 287], [87, 843]]"
hgb_lr0.08_leaf63,sweep,0.8175569566735718,0.6233870967741936,0.8143920595533499,0.8208141321044546,"[[800, 285], [89, 841]]"
"mlp(64,)",sweep,0.5939594760894775,0.6282258064516129,0.8143920595533499,0.8208141321044546,"[[800, 285], [89, 841]]"
hgb_lr0.04_leaf63,sweep,0.704849312456334,0.6188709677419355,0.8143920595533499,0.8200460829493088,"[[810, 275], [99, 831]]"
gb_lr0.08_d2,sweep,0.5612681545615669,0.6222580645161291,0.8143920595533499,0.8200460829493088,"[[810, 275], [99, 831]]"
gb_lr0.08_d2,sweep,0.5613178748466141,0.6224193548387097,0.8143920595533499,0.8200460829493088,"[[810, 275], [99, 831]]"
"mlp(64,)",sweep,0.6514508429765704,0.6275806451612903,0.8143920595533499,0.8200460829493088,"[[810, 275], [99, 831]]"
"mlp(64, 32)",sweep,0.7064968067407609,0.6237096774193548,0.8143920595533499,0.8200460829493088,"[[810, 275], [99, 831]]"
"mlp(64, 32)",sweep,0.7472385146856307,0.6229032258064516,0.8143920595533499,0.8196620583717358,"[[815, 270], [104, 826]]"
hgb_lr0.02_leaf63,sweep,0.654788182755013,0.6166129032258064,0.8143920595533499,0.8191244239631337,"[[822, 263], [111, 819]]"
gb_lr0.08_d2,sweep,0.6176915422205921,0.6164516129032258,0.8143920595533499,0.8162826420890936,"[[859, 226], [148, 782]]"
gb_lr0.03_d2,sweep,0.6780592589225158,0.5914516129032258,0.8143920595533499,0.812442396313364,"[[909, 176], [198, 732]]"
gb_lr0.05_d2,sweep,0.6857632729561304,0.5987096774193549,0.8143920595533499,0.8113671274961598,"[[923, 162], [212, 718]]"
gb_lr0.03_d1,sweep,0.6731011710271818,0.5901612903225807,0.8143920595533499,0.8102150537634408,"[[938, 147], [227, 703]]"
ada100,sweep,0.5052733887329971,0.5909677419354838,0.8143920595533499,0.8097542242703533,"[[944, 141], [233, 697]]"
gb_lr0.03_d2,sweep,0.49078043779849695,0.6414516129032258,0.8138957816377171,0.8241167434715821,"[[750, 335], [40, 890]]"
"mlp(64, 32)",sweep,0.25077186062335977,0.6183870967741936,0.8138957816377171,0.8241167434715821,"[[750, 335], [40, 890]]"
hgb_lr0.08_leaf63,sweep,0.6023737940171895,0.6291935483870967,0.8138957816377171,0.8233486943164363,"[[760, 325], [50, 880]]"
"mlp(64, 32)",sweep,0.3974194647967813,0.6230645161290322,0.8138957816377171,0.8225038402457758,"[[771, 314], [61, 869]]"
"mlp(64, 32)",default_predict,,,0.8138957816377171,0.8215821812596007,"[[783, 302], [73, 857]]"
"mlp(64, 32)",sweep,0.5,0.6238709677419355,0.8138957816377171,0.8215821812596007,"[[783, 302], [73, 857]]"
"mlp(128,)",sweep,0.5364141135811805,0.6435483870967742,0.8138957816377171,0.8210445468509984,"[[790, 295], [80, 850]]"
hgb_lr0.08_leaf63,sweep,0.81414300572591,0.6233870967741936,0.8138957816377171,0.8204301075268817,"[[798, 287], [88, 842]]"
"mlp(64,)",sweep,0.6140406953811645,0.6270967741935484,0.8138957816377171,0.8199692780337942,"[[804, 281], [94, 836]]"
hgb_lr0.02_leaf31,sweep,0.6226946304570952,0.6161290322580645,0.8138957816377171,0.819815668202765,"[[806, 279], [96, 834]]"
"mlp(64,)",sweep,0.6868678573608399,0.6290322580645161,0.8138957816377171,0.819047619047619,"[[816, 269], [106, 824]]"
ada100,sweep,0.502901219569848,0.6088709677419355,0.8138957816377171,0.8180491551459294,"[[829, 256], [119, 811]]"
hgb_lr0.06_leaf63,sweep,0.8875450204478275,0.6180645161290322,0.8138957816377171,0.8165130568356376,"[[849, 236], [139, 791]]"
gb_lr0.05_d1,sweep,0.6610237483382163,0.6,0.8138957816377171,0.8127496159754224,"[[898, 187], [188, 742]]"
gb_lr0.08_d2,sweep,0.6566050700749437,0.6098387096774194,0.8138957816377171,0.8127496159754224,"[[898, 187], [188, 742]]"
gb_lr0.03_d3,sweep,0.6845584629974508,0.5987096774193549,0.8138957816377171,0.812442396313364,"[[902, 183], [192, 738]]"
gb_lr0.03_d2,sweep,0.6779131405799627,0.5919354838709677,0.8138957816377171,0.8119815668202766,"[[908, 177], [198, 732]]"
gb_lr0.03_d2,sweep,0.6841722489213059,0.587741935483871,0.8138957816377171,0.8112135176651305,"[[918, 167], [208, 722]]"
gb_lr0.08_d1,sweep,0.6733020938265115,0.6020967741935483,0.8138957816377171,0.8112135176651305,"[[918, 167], [208, 722]]"
gb_lr0.08_d1,sweep,0.67399400247017,0.6022580645161291,0.8138957816377171,0.811136712749616,"[[919, 166], [209, 721]]"
"mlp(64, 32)",sweep,0.26765820169448834,0.6185483870967742,0.8133995037220844,0.8233486943164362,"[[753, 332], [44, 886]]"
hgb_lr0.04_leaf63,sweep,0.5708396028873907,0.6190322580645161,0.8133995037220844,0.8220430107526882,"[[770, 315], [61, 869]]"
"mlp(64,)",sweep,0.5247847665548324,0.6295161290322581,0.8133995037220844,0.8210445468509985,"[[783, 302], [74, 856]]"
hgb_lr0.06_leaf63,sweep,0.7380692944308213,0.6269354838709678,0.8133995037220844,0.8205837173579109,"[[789, 296], [80, 850]]"
hgb_lr0.08_leaf63,sweep,0.7679948994825403,0.6262903225806452,0.8133995037220844,0.8205837173579109,"[[789, 296], [80, 850]]"
"mlp(128,)",sweep,0.5344039426088334,0.6430645161290323,0.8133995037220844,0.8205837173579109,"[[789, 296], [80, 850]]"
hgb_lr0.06_leaf63,sweep,0.7448760032367138,0.6270967741935484,0.8133995037220844,0.8204301075268817,"[[791, 294], [82, 848]]"
"mlp(64,)",sweep,0.5834018057346344,0.6295161290322581,0.8133995037220844,0.8202764976958525,"[[793, 292], [84, 846]]"
hgb_lr0.02_leaf31,sweep,0.607890954387468,0.6180645161290322,0.8133995037220844,0.819815668202765,"[[799, 286], [90, 840]]"
"mlp(128,)",sweep,0.5746390839099884,0.6453225806451612,0.8133995037220844,0.819815668202765,"[[799, 286], [90, 840]]"
gb_lr0.08_d2,sweep,0.5505878549984816,0.6237096774193548,0.8133995037220844,0.8195852534562211,"[[802, 283], [93, 837]]"
"mlp(128,)",sweep,0.5978610372543335,0.645,0.8133995037220844,0.819431643625192,"[[804, 281], [95, 835]]"
"mlp(64, 32)",sweep,0.6982671093821525,0.6241935483870967,0.8133995037220844,0.8193548387096774,"[[805, 280], [96, 834]]"
hgb_lr0.02_leaf31,sweep,0.626341472520515,0.6169354838709677,0.8133995037220844,0.819047619047619,"[[809, 276], [100, 830]]"
ada100,sweep,0.5023895385310531,0.6143548387096774,0.8133995037220844,0.819047619047619,"[[809, 276], [100, 830]]"
"mlp(64, 32)",sweep,0.7789459881186486,0.6237096774193548,0.8133995037220844,0.8183563748079877,"[[818, 267], [109, 821]]"
"mlp(64, 32)",sweep,0.7828056147575378,0.6232258064516129,0.8133995037220844,0.8182795698924732,"[[819, 266], [110, 820]]"
hgb_lr0.06_leaf63,sweep,0.8821214910161762,0.6191935483870967,0.8133995037220844,0.8163594470046083,"[[844, 241], [135, 795]]"
gb_lr0.08_d2,sweep,0.6545678301991839,0.6103225806451613,0.8133995037220844,0.8125192012288787,"[[894, 191], [185, 745]]"
gb_lr0.08_d2,sweep,0.6712761811750804,0.6037096774193549,0.8133995037220844,0.8112135176651306,"[[911, 174], [202, 728]]"
gb_lr0.03_d1,sweep,0.6764454380115816,0.5875806451612903,0.8133995037220844,0.8087557603686636,"[[943, 142], [234, 696]]"
ada100,sweep,0.5053415391591319,0.5917741935483871,0.8133995037220844,0.8084485407066053,"[[947, 138], [238, 692]]"
gnb,sweep,0.9999999999999907,0.6133870967741936,0.8129032258064516,0.8262672811059908,"[[708, 377], [0, 930]]"
gb_lr0.03_d3,sweep,0.510297781682919,0.6246774193548387,0.8129032258064516,0.8231182795698925,"[[749, 336], [41, 889]]"
hgb_lr0.08_leaf63,sweep,0.5793872299497917,0.6279032258064516,0.8129032258064516,0.8227342549923196,"[[754, 331], [46, 884]]"
gb_lr0.05_d2,sweep,0.5018497063066892,0.6253225806451613,0.8129032258064516,0.8223502304147465,"[[759, 326], [51, 879]]"
gb_lr0.05_d2,sweep,0.5022730797769853,0.6254838709677419,0.8129032258064516,0.8223502304147465,"[[759, 326], [51, 879]]"
hgb_lr0.04_leaf63,sweep,0.5660495458584548,0.6188709677419355,0.8129032258064516,0.8215821812596007,"[[769, 316], [61, 869]]"
hgb_lr0.08_leaf63,sweep,0.6696537080956346,0.6266129032258064,0.8129032258064516,0.8215821812596007,"[[769, 316], [61, 869]]"
hgb_lr0.02_leaf63,sweep,0.5697563610653401,0.6195161290322581,0.8129032258064516,0.8208141321044546,"[[779, 306], [71, 859]]"
hgb_lr0.08_leaf63,sweep,0.7593717154076837,0.6259677419354839,0.8129032258064516,0.8201996927803379,"[[787, 298], [79, 851]]"
hgb_lr0.08_leaf63,sweep,0.7842769302910452,0.6261290322580645,0.8129032258064516,0.8198924731182795,"[[791, 294], [83, 847]]"
ada100,sweep,0.5023777924137587,0.6143548387096774,0.8129032258064516,0.8185867895545315,"[[808, 277], [100, 830]]"
hgb_lr0.02_leaf31,sweep,0.6367384955778462,0.6172580645161291,0.8129032258064516,0.8182795698924732,"[[812, 273], [104, 826]]"
gb_lr0.05_d3,sweep,0.6028232434746827,0.6188709677419355,0.8129032258064516,0.8181259600614439,"[[814, 271], [106, 824]]"
gb_lr0.08_d2,sweep,0.6081181350054513,0.614516129032258,0.8129032258064516,0.8155145929339478,"[[848, 237], [140, 790]]"
gb_lr0.08_d2,sweep,0.6162420997868592,0.6156451612903225,0.8129032258064516,0.814900153609831,"[[856, 229], [148, 782]]"
hgb_lr0.06_leaf63,sweep,0.9089311561010183,0.6137096774193549,0.8129032258064516,0.8144393241167435,"[[862, 223], [154, 776]]"
gb_lr0.08_d2,sweep,0.6250377851366289,0.6170967741935484,0.8129032258064516,0.8141321044546851,"[[866, 219], [158, 772]]"
gb_lr0.08_d2,sweep,0.6344762873248927,0.6138709677419355,0.8129032258064516,0.8133640552995391,"[[876, 209], [168, 762]]"
gb_lr0.08_d2,sweep,0.6443773012392103,0.6133870967741936,0.8129032258064516,0.8127496159754224,"[[884, 201], [176, 754]]"
gb_lr0.03_d2,sweep,0.6836280823373039,0.5880645161290322,0.8129032258064516,0.8102918586789555,"[[916, 169], [208, 722]]"
gb_lr0.08_d2,sweep,0.6770845610347318,0.6012903225806452,0.8129032258064516,0.8102150537634409,"[[917, 168], [209, 721]]"
gb_lr0.08_d1,sweep,0.4774287528115865,0.637258064516129,0.8124069478908189,0.8245775729646697,"[[723, 362], [16, 914]]"
gb_lr0.08_d1,sweep,0.48366020679804067,0.6396774193548387,0.8124069478908189,0.8244239631336405,"[[725, 360], [18, 912]]"
gb_lr0.03_d3,sweep,0.5091815972728674,0.6246774193548387,0.8124069478908189,0.8226574500768049,"[[748, 337], [41, 889]]"
gb_lr0.05_d2,default_predict,,,0.8124069478908189,0.8218894009216591,"[[758, 327], [51, 879]]"
gb_lr0.05_d2,sweep,0.5,0.6259677419354839,0.8124069478908189,0.8218894009216591,"[[758, 327], [51, 879]]"
hgb_lr0.08_leaf63,sweep,0.6655048866572316,0.6266129032258064,0.8124069478908189,0.821121351766513,"[[768, 317], [61, 869]]"
hgb_lr0.06_leaf63,sweep,0.7195250454767285,0.6279032258064516,0.8124069478908189,0.8198924731182795,"[[784, 301], [77, 853]]"
"mlp(64,)",sweep,0.5510525238394737,0.6290322580645161,0.8124069478908189,0.819815668202765,"[[785, 300], [78, 852]]"
ada100,sweep,0.5021707447343179,0.6140322580645161,0.8124069478908189,0.8188172043010753,"[[798, 287], [91, 839]]"
hgb_lr0.08_leaf63,sweep,0.8421045986634118,0.6220967741935484,0.8124069478908189,0.8182795698924732,"[[805, 280], [98, 832]]"
gb_lr0.05_d3,sweep,0.5988649030447014,0.6187096774193548,0.8124069478908189,0.8180491551459292,"[[808, 277], [101, 829]]"
hgb_lr0.04_leaf63,sweep,0.7209266862023412,0.6179032258064516,0.8124069478908189,0.817741935483871,"[[812, 273], [105, 825]]"
hgb_lr0.02_leaf63,sweep,0.6508303040046046,0.6175806451612903,0.8124069478908189,0.8172811059907834,"[[818, 267], [111, 819]]"
hgb_lr0.04_leaf63,sweep,0.7344311279555364,0.6166129032258064,0.8124069478908189,0.8172811059907834,"[[818, 267], [111, 819]]"
ada100,sweep,0.5026652066196845,0.612741935483871,0.8124069478908189,0.8172811059907834,"[[818, 267], [111, 819]]"
"mlp(64, 32)",sweep,0.8133027850151061,0.6229032258064516,0.8124069478908189,0.816973886328725,"[[822, 263], [115, 815]]"
hgb_lr0.04_leaf63,sweep,0.7560219952370912,0.6169354838709677,0.8124069478908189,0.8165130568356375,"[[828, 257], [121, 809]]"
hgb_lr0.02_leaf63,sweep,0.6788709763623558,0.6172580645161291,0.8124069478908189,0.8161290322580645,"[[833, 252], [126, 804]]"
hgb_lr0.06_leaf63,sweep,0.8977657927906826,0.6151612903225806,0.8124069478908189,0.8143625192012289,"[[856, 229], [149, 781]]"
hgb_lr0.06_leaf63,sweep,0.9036508122777226,0.6141935483870967,0.8124069478908189,0.8142857142857143,"[[857, 228], [150, 780]]"
hgb_lr0.06_leaf63,sweep,0.9150820669124213,0.6124193548387097,0.8124069478908189,0.8135176651305684,"[[867, 218], [160, 770]]"
gb_lr0.08_d2,sweep,0.6268714205203586,0.6154838709677419,0.8124069478908189,0.8135176651305684,"[[867, 218], [160, 770]]"
gb_lr0.08_d2,sweep,0.6358553480611244,0.6133870967741936,0.8124069478908189,0.8127496159754224,"[[877, 208], [170, 760]]"
gb_lr0.08_d2,sweep,0.64736486483722,0.6130645161290322,0.8124069478908189,0.8119815668202764,"[[887, 198], [180, 750]]"
gb_lr0.08_d2,sweep,0.6802847993645026,0.5987096774193549,0.8124069478908189,0.8094470046082949,"[[920, 165], [213, 717]]"
gb_lr0.05_d2,sweep,0.6916735907818896,0.5938709677419355,0.8124069478908189,0.809062980030722,"[[925, 160], [218, 712]]"
"mlp(64, 32)",sweep,0.22834790137112138,0.6170967741935484,0.8119106699751861,0.8223502304147465,"[[745, 340], [39, 891]]"
gb_lr0.03_d3,default_predict,,,0.8119106699751861,0.822273425499232,"[[746, 339], [40, 890]]"
gb_lr0.03_d3,sweep,0.5,0.625,0.8119106699751861,0.822273425499232,"[[746, 339], [40, 890]]"
gb_lr0.03_d3,sweep,0.5006022734975013,0.6248387096774194,0.8119106699751861,0.822273425499232,"[[746, 339], [40, 890]]"
hgb_lr0.06_leaf63,sweep,0.6336662331153686,0.625,0.8119106699751861,0.8208909370199693,"[[764, 321], [58, 872]]"
hgb_lr0.06_leaf63,sweep,0.6508073053119818,0.6256451612903225,0.8119106699751861,0.8205837173579109,"[[768, 317], [62, 868]]"
hgb_lr0.06_leaf63,sweep,0.6618541838723454,0.6261290322580645,0.8119106699751861,0.8204301075268817,"[[770, 315], [64, 866]]"
"mlp(64,)",default_predict,,,0.8119106699751861,0.8199692780337942,"[[776, 309], [70, 860]]"
"mlp(64,)",sweep,0.5,0.6301612903225806,0.8119106699751861,0.8199692780337942,"[[776, 309], [70, 860]]"
"mlp(64,)",sweep,0.5008284469246864,0.6301612903225806,0.8119106699751861,0.8199692780337942,"[[776, 309], [70, 860]]"
hgb_lr0.08_leaf63,sweep,0.706208375863683,0.6270967741935484,0.8119106699751861,0.819815668202765,"[[778, 307], [72, 858]]"
"mlp(64,)",sweep,0.5034541609764099,0.6304838709677419,0.8119106699751861,0.819815668202765,"[[778, 307], [72, 858]]"
gb_lr0.05_d3,sweep,0.5921662937829492,0.62,0.8119106699751861,0.8178955453149002,"[[803, 282], [97, 833]]"
ada100,sweep,0.5026103839382963,0.6125806451612903,0.8119106699751861,0.8168970814132104,"[[816, 269], [110, 820]]"
hgb_lr0.04_leaf63,sweep,0.7394584757202073,0.6174193548387097,0.8119106699751861,0.8166666666666667,"[[819, 266], [113, 817]]"
hgb_lr0.04_leaf63,sweep,0.7552472553227697,0.6167741935483871,0.8119106699751861,0.8160522273425499,"[[827, 258], [121, 809]]"
hgb_lr0.02_leaf63,sweep,0.6865218960297536,0.6174193548387097,0.8119106699751861,0.8152841781874041,"[[837, 248], [131, 799]]"
hgb_lr0.04_leaf63,sweep,0.7954080056746456,0.6180645161290322,0.8119106699751861,0.814516129032258,"[[847, 238], [141, 789]]"
gb_lr0.05_d1,sweep,0.6713386127365659,0.5954838709677419,0.8119106699751861,0.8092165898617512,"[[916, 169], [210, 720]]"
gb_lr0.05_d2,sweep,0.6933042437783024,0.5924193548387097,0.8119106699751861,0.8084485407066052,"[[926, 159], [220, 710]]"
gnb,sweep,0.9999999999999473,0.6162903225806452,0.8114143920595533,0.8248847926267281,"[[705, 380], [0, 930]]"
gb_lr0.05_d1,sweep,0.4677216605702848,0.6390322580645161,0.8114143920595533,0.8246543778801844,"[[708, 377], [3, 927]]"
hgb_lr0.06_leaf63,sweep,0.5683208461281013,0.6243548387096775,0.8114143920595533,0.8210445468509985,"[[755, 330], [50, 880]]"
hgb_lr0.08_leaf63,sweep,0.6986775088649567,0.6258064516129033,0.8114143920595533,0.8195852534562211,"[[774, 311], [69, 861]]"
hgb_lr0.06_leaf63,sweep,0.6938406552612351,0.6287096774193548,0.8114143920595533,0.819431643625192,"[[776, 309], [71, 859]]"
gb_lr0.08_d2,sweep,0.5492812999038301,0.6237096774193548,0.8114143920595533,0.8178187403993855,"[[797, 288], [92, 838]]"
ada100,sweep,0.5022036434112359,0.6140322580645161,0.8114143920595533,0.8176651305683564,"[[799, 286], [94, 836]]"
hgb_lr0.08_leaf63,sweep,0.8515091178439236,0.6206451612903225,0.8114143920595533,0.8170506912442397,"[[807, 278], [102, 828]]"
"mlp(128,)",sweep,0.609789657354355,0.6435483870967742,0.8114143920595533,0.8170506912442397,"[[807, 278], [102, 828]]"
gb_lr0.05_d3,sweep,0.6108100852820255,0.6187096774193548,0.8114143920595533,0.8162826420890936,"[[817, 268], [112, 818]]"
gb_lr0.05_d3,sweep,0.6123669103259208,0.62,0.8114143920595533,0.8162826420890936,"[[817, 268], [112, 818]]"
"mlp(64, 32)",sweep,0.840246224975586,0.6214516129032258,0.8114143920595533,0.8155913978494623,"[[826, 259], [121, 809]]"
"mlp(64,)",sweep,0.7730463147163391,0.6340322580645161,0.8114143920595533,0.8149769585253457,"[[834, 251], [129, 801]]"
hgb_lr0.04_leaf63,sweep,0.7873181859326832,0.6162903225806452,0.8114143920595533,0.814516129032258,"[[840, 245], [135, 795]]"
"mlp(64,)",sweep,0.8048768630981445,0.6333870967741936,0.8114143920595533,0.8140552995391706,"[[846, 239], [141, 789]]"
"mlp(128,)",sweep,0.7583755295276642,0.6385483870967742,0.8114143920595533,0.8139016897081413,"[[848, 237], [143, 787]]"
hgb_lr0.04_leaf63,sweep,0.8021279131243747,0.6172580645161291,0.8114143920595533,0.8135944700460829,"[[852, 233], [147, 783]]"
"mlp(128,)",sweep,0.7772668824434279,0.6366129032258064,0.8114143920595533,0.8132872503840246,"[[856, 229], [151, 779]]"
"mlp(128,)",sweep,0.7786056995391846,0.6366129032258064,0.8114143920595533,0.8132872503840246,"[[856, 229], [151, 779]]"
"mlp(128,)",sweep,0.7915485029220583,0.6338709677419355,0.8114143920595533,0.8129032258064517,"[[861, 224], [156, 774]]"
gb_lr0.03_d1,sweep,0.6780550338370398,0.5866129032258065,0.8114143920595533,0.8064516129032258,"[[945, 140], [240, 690]]"
gb_lr0.05_d1,sweep,0.4650022255252589,0.6370967741935484,0.8109181141439206,0.8242703533026113,"[[706, 379], [2, 928]]"
gb_lr0.08_d1,sweep,0.4710622521707093,0.6335483870967742,0.8109181141439206,0.8233486943164363,"[[718, 367], [14, 916]]"
gb_lr0.03_d2,sweep,0.48363622969027387,0.6398387096774194,0.8109181141439206,0.8214285714285714,"[[743, 342], [39, 891]]"
hgb_lr0.06_leaf63,sweep,0.6015217867901256,0.6245161290322581,0.8109181141439206,0.8201996927803379,"[[759, 326], [55, 875]]"
hgb_lr0.02_leaf63,sweep,0.5567988611859477,0.6217741935483871,0.8109181141439206,0.8191244239631337,"[[773, 312], [69, 861]]"
hgb_lr0.06_leaf63,sweep,0.699123180887457,0.6288709677419355,0.8109181141439206,0.8188172043010753,"[[777, 308], [73, 857]]"
"mlp(128,)",sweep,0.5072504285812378,0.6420967741935484,0.8109181141439206,0.8188172043010753,"[[777, 308], [73, 857]]"
hgb_lr0.08_leaf63,sweep,0.7285523453722734,0.6270967741935484,0.8109181141439206,0.818663594470046,"[[779, 306], [75, 855]]"
"mlp(128,)",sweep,0.6246364256858825,0.6425806451612903,0.8109181141439206,0.8163594470046083,"[[809, 276], [105, 825]]"
"mlp(64, 32)",sweep,0.843290604877472,0.6212903225806452,0.8109181141439206,0.8150537634408601,"[[826, 259], [122, 808]]"
"mlp(64,)",sweep,0.7807313056945799,0.6325806451612903,0.8109181141439206,0.8142857142857143,"[[836, 249], [132, 798]]"
"mlp(64,)",sweep,0.8068626642942428,0.6325806451612903,0.8109181141439206,0.8135176651305683,"[[846, 239], [142, 788]]"
"mlp(128,)",sweep,0.7548734683275222,0.6380645161290323,0.8109181141439206,0.8135176651305683,"[[846, 239], [142, 788]]"
gb_lr0.03_d3,sweep,0.6904799666873016,0.6,0.8109181141439206,0.8089861751152074,"[[905, 180], [201, 729]]"
gb_lr0.03_d3,sweep,0.6918200042505861,0.6001612903225807,0.8109181141439206,0.8087557603686636,"[[908, 177], [204, 726]]"
gb_lr0.03_d2,sweep,0.6908253119868999,0.5833870967741935,0.8109181141439206,0.8077572964669739,"[[921, 164], [217, 713]]"
gb_lr0.03_d1,sweep,0.4866792156750689,0.6443548387096775,0.8104218362282879,0.8239631336405531,"[[703, 382], [0, 930]]"
gb_lr0.08_d1,sweep,0.4709869920582281,0.6335483870967742,0.8104218362282879,0.8228878648233486,"[[717, 368], [14, 916]]"
gb_lr0.05_d2,sweep,0.49342383316325533,0.6261290322580645,0.8104218362282879,0.8201996927803379,"[[752, 333], [49, 881]]"
hgb_lr0.04_leaf63,sweep,0.5462325238399809,0.618225806451613,0.8104218362282879,0.8196620583717358,"[[759, 326], [56, 874]]"
"mlp(64,)",sweep,0.470223218393326,0.6296774193548387,0.8104218362282879,0.8191244239631337,"[[766, 319], [63, 867]]"
hgb_lr0.02_leaf31,sweep,0.6423408439224985,0.6179032258064516,0.8104218362282879,0.8152841781874041,"[[816, 269], [113, 817]]"
hgb_lr0.02_leaf31,sweep,0.6475336526995846,0.6167741935483871,0.8104218362282879,0.8150537634408602,"[[819, 266], [116, 814]]"
"mlp(64,)",sweep,0.7898808385968207,0.6329032258064516,0.8104218362282879,0.8134408602150538,"[[840, 245], [137, 793]]"
hgb_lr0.02_leaf63,sweep,0.692315555237251,0.6170967741935484,0.8104218362282879,0.8133640552995391,"[[841, 244], [138, 792]]"
hgb_lr0.04_leaf63,sweep,0.8075215330039481,0.6161290322580645,0.8104218362282879,0.8122887864823349,"[[855, 230], [152, 778]]"
gb_lr0.05_d1,sweep,0.6682730542959321,0.5958064516129032,0.8104218362282879,0.8080645161290323,"[[910, 175], [207, 723]]"
gb_lr0.05_d2,sweep,0.7003414967349185,0.5904838709677419,0.8104218362282879,0.8065284178187404,"[[930, 155], [227, 703]]"
hgb_lr0.06_leaf63,sweep,0.5396034387017773,0.6237096774193548,0.8099255583126551,0.819815668202765,"[[750, 335], [48, 882]]"
hgb_lr0.06_leaf63,sweep,0.5886935380891675,0.625,0.8099255583126551,0.8193548387096774,"[[756, 329], [54, 876]]"
"mlp(64,)",sweep,0.471252812218666,0.6298387096774194,0.8099255583126551,0.8185867895545315,"[[766, 319], [64, 866]]"
"mlp(128,)",default_predict,,,0.8099255583126551,0.8179723502304148,"[[774, 311], [72, 858]]"
"mlp(128,)",sweep,0.5,0.6425806451612903,0.8099255583126551,0.8179723502304148,"[[774, 311], [72, 858]]"
"mlp(128,)",sweep,0.5050921123981476,0.6420967741935484,0.8099255583126551,0.8178955453149002,"[[775, 310], [73, 857]]"
hgb_lr0.02_leaf31,sweep,0.5579873687602557,0.6269354838709678,0.8099255583126551,0.8178187403993855,"[[776, 309], [74, 856]]"
gb_lr0.05_d3,sweep,0.5810240971321667,0.6195161290322581,0.8099255583126551,0.8167434715821813,"[[790, 295], [88, 842]]"
hgb_lr0.02_leaf31,sweep,0.6001055537447534,0.6201612903225806,0.8099255583126551,0.816589861751152,"[[792, 293], [90, 840]]"
hgb_lr0.04_leaf63,sweep,0.7811261850745344,0.6162903225806452,0.8099255583126551,0.8132872503840245,"[[835, 250], [133, 797]]"
gb_lr0.05_d3,sweep,0.633913187014108,0.6169354838709677,0.8099255583126551,0.8132872503840245,"[[835, 250], [133, 797]]"
gb_lr0.05_d1,sweep,0.6637443399544646,0.5988709677419355,0.8099255583126551,0.808294930875576,"[[900, 185], [198, 732]]"
gb_lr0.08_d2,sweep,0.6863199846457037,0.5972580645161291,0.8099255583126551,0.8064516129032258,"[[924, 161], [222, 708]]"
"mlp(64,)",sweep,0.409298031520844,0.6245161290322581,0.8094292803970223,0.8192012288786483,"[[751, 334], [50, 880]]"
hgb_lr0.02_leaf63,sweep,0.5423872258290814,0.6209677419354839,0.8094292803970223,0.8180491551459292,"[[766, 319], [65, 865]]"
hgb_lr0.02_leaf31,sweep,0.5567243091425923,0.6264516129032258,0.8094292803970223,0.8174347158218126,"[[774, 311], [73, 857]]"
hgb_lr0.02_leaf31,sweep,0.5703998768803644,0.6248387096774194,0.8094292803970223,0.8170506912442397,"[[779, 306], [78, 852]]"
gb_lr0.05_d3,sweep,0.585636944838496,0.62,0.8094292803970223,0.8158218125960062,"[[795, 290], [94, 836]]"
hgb_lr0.08_leaf63,sweep,0.8753661169793021,0.6188709677419355,0.8094292803970223,0.8142857142857143,"[[815, 270], [114, 816]]"
hgb_lr0.08_leaf63,sweep,0.8760350084812907,0.6188709677419355,0.8094292803970223,0.8142857142857143,"[[815, 270], [114, 816]]"
gb_lr0.05_d3,sweep,0.6215690544898034,0.6179032258064516,0.8094292803970223,0.8136712749615975,"[[823, 262], [122, 808]]"
hgb_lr0.04_leaf63,sweep,0.7721342831108006,0.6164516129032258,0.8094292803970223,0.8130568356374808,"[[831, 254], [130, 800]]"
hgb_lr0.04_leaf63,sweep,0.8183597493987649,0.6151612903225806,0.8094292803970223,0.8109062980030721,"[[859, 226], [158, 772]]"
"mlp(128,)",sweep,0.807216623187065,0.6332258064516129,0.8094292803970223,0.8105222734254992,"[[864, 221], [163, 767]]"
hgb_lr0.06_leaf63,sweep,0.918988977531585,0.6116129032258064,0.8094292803970223,0.8101382488479263,"[[869, 216], [168, 762]]"
gb_lr0.05_d1,sweep,0.6746020120000732,0.5933870967741935,0.8094292803970223,0.8060675883256528,"[[922, 163], [221, 709]]"
ada100,sweep,0.5054600781132699,0.5908064516129032,0.8094292803970223,0.8040706605222734,"[[948, 137], [247, 683]]"
gb_lr0.03_d3,sweep,0.49435351112986653,0.6246774193548387,0.8089330024813896,0.8196620583717358,"[[738, 347], [38, 892]]"
hgb_lr0.04_leaf63,sweep,0.538743154780911,0.6183870967741936,0.8089330024813896,0.8183563748079877,"[[755, 330], [55, 875]]"
hgb_lr0.02_leaf63,sweep,0.5409314788903063,0.6208064516129033,0.8089330024813896,0.8175883256528418,"[[765, 320], [65, 865]]"
hgb_lr0.02_leaf31,sweep,0.587316634502402,0.6209677419354839,0.8089330024813896,0.8160522273425499,"[[785, 300], [85, 845]]"
hgb_lr0.08_leaf63,sweep,0.8593534256247545,0.62,0.8089330024813896,0.8142089093701996,"[[809, 276], [109, 821]]"
"mlp(64, 32)",sweep,0.864966831612587,0.6224193548387097,0.8089330024813896,0.8125192012288787,"[[831, 254], [131, 799]]"
"mlp(64, 32)",sweep,0.8814963373661041,0.6208064516129033,0.8089330024813896,0.8122887864823349,"[[834, 251], [134, 796]]"
"mlp(64, 32)",sweep,0.8857190956234929,0.6209677419354839,0.8089330024813896,0.8122119815668203,"[[835, 250], [135, 795]]"
hgb_lr0.02_leaf63,sweep,0.6988062311515356,0.6175806451612903,0.8089330024813896,0.811520737327189,"[[844, 241], [144, 786]]"
"mlp(64,)",sweep,0.8218600658774375,0.631774193548387,0.8089330024813896,0.8112903225806452,"[[847, 238], [147, 783]]"
"mlp(128,)",sweep,0.807713180243969,0.6333870967741936,0.8089330024813896,0.809984639016897,"[[864, 221], [164, 766]]"
gb_lr0.05_d1,sweep,0.6652497522898287,0.5980645161290322,0.8089330024813896,0.806989247311828,"[[903, 182], [203, 727]]"
gb_lr0.03_d2,sweep,0.6931715735476417,0.5814516129032258,0.8089330024813896,0.8054531490015362,"[[923, 162], [223, 707]]"
gb_lr0.05_d1,sweep,0.6753175440358001,0.5932258064516129,0.8089330024813896,0.8054531490015362,"[[923, 162], [223, 707]]"
gb_lr0.08_d2,sweep,0.6892298989469154,0.5962903225806452,0.8089330024813896,0.8050691244239632,"[[928, 157], [228, 702]]"
gb_lr0.05_d1,sweep,0.4575361362439051,0.6337096774193548,0.8084367245657568,0.8220430107526882,"[[700, 385], [1, 929]]"
gb_lr0.03_d3,sweep,0.48640590411170703,0.625,0.8084367245657568,0.8193548387096774,"[[735, 350], [36, 894]]"
"mlp(128,)",sweep,0.48100715838074687,0.6416129032258064,0.8084367245657568,0.8167434715821813,"[[769, 316], [70, 860]]"
hgb_lr0.02_leaf31,sweep,0.5787566032399006,0.6233870967741936,0.8084367245657568,0.8157450076804915,"[[782, 303], [83, 847]]"
hgb_lr0.02_leaf15,sweep,0.5762232780790169,0.6159677419354839,0.8084367245657568,0.8155913978494623,"[[784, 301], [85, 845]]"
hgb_lr0.02_leaf31,sweep,0.5870593119048465,0.6208064516129033,0.8084367245657568,0.8155913978494623,"[[784, 301], [85, 845]]"
gb_lr0.05_d3,sweep,0.6315858574551414,0.618225806451613,0.8084367245657568,0.8119815668202766,"[[831, 254], [132, 798]]"
hgb_lr0.08_leaf63,sweep,0.9117255183825294,0.6175806451612903,0.8084367245657568,0.8118279569892473,"[[833, 252], [134, 796]]"
"mlp(64, 32)",sweep,0.9040443599224091,0.6208064516129033,0.8084367245657568,0.8115207373271889,"[[837, 248], [138, 792]]"
"mlp(128,)",sweep,0.7357616385698313,0.6393548387096775,0.8084367245657568,0.8114439324116745,"[[838, 247], [139, 791]]"
hgb_lr0.06_leaf63,sweep,0.9255215171412602,0.6101612903225806,0.8084367245657568,0.8087557603686636,"[[873, 212], [174, 756]]"
gb_lr0.05_d2,sweep,0.7038929927226507,0.5891935483870968,0.8084367245657568,0.8042242703533027,"[[932, 153], [233, 697]]"
hgb_lr0.08_leaf63,sweep,0.5396806780647984,0.6279032258064516,0.8079404466501241,0.8182027649769585,"[[743, 342], [45, 885]]"
hgb_lr0.08_leaf63,sweep,0.5477923492729754,0.6280645161290322,0.8079404466501241,0.8181259600614439,"[[744, 341], [46, 884]]"
"mlp(64,)",sweep,0.3896411858320236,0.6246774193548387,0.8079404466501241,0.8181259600614439,"[[744, 341], [46, 884]]"
"mlp(128,)",sweep,0.3744931191444397,0.637258064516129,0.8079404466501241,0.8181259600614439,"[[744, 341], [46, 884]]"
"mlp(64,)",sweep,0.4354130107045173,0.6279032258064516,0.8079404466501241,0.8170506912442397,"[[758, 327], [60, 870]]"
hgb_lr0.02_leaf15,sweep,0.5725095964122057,0.6153225806451613,0.8079404466501241,0.8152073732718894,"[[782, 303], [84, 846]]"
hgb_lr0.02_leaf15,sweep,0.5792758318872401,0.6153225806451613,0.8079404466501241,0.814900153609831,"[[786, 299], [88, 842]]"
"mlp(128,)",sweep,0.6491331014394761,0.6430645161290323,0.8079404466501241,0.812826420890937,"[[813, 272], [115, 815]]"
hgb_lr0.08_leaf63,sweep,0.8903286304024941,0.618225806451613,0.8079404466501241,0.8120583717357911,"[[823, 262], [125, 805]]"
gb_lr0.05_d3,sweep,0.6228668127975966,0.618225806451613,0.8079404466501241,0.8120583717357911,"[[823, 262], [125, 805]]"
"mlp(128,)",sweep,0.6874944221496583,0.6440322580645161,0.8079404466501241,0.8120583717357911,"[[823, 262], [125, 805]]"
hgb_lr0.08_leaf63,sweep,0.8960643251929568,0.6180645161290322,0.8079404466501241,0.8118279569892473,"[[826, 259], [128, 802]]"
hgb_lr0.08_leaf63,sweep,0.9171100764951707,0.6158064516129033,0.8079404466501241,0.8112903225806452,"[[833, 252], [135, 795]]"
hgb_lr0.02_leaf63,sweep,0.7037036989484273,0.6172580645161291,0.8079404466501241,0.8102150537634409,"[[847, 238], [149, 781]]"
"mlp(64,)",sweep,0.8393569761276246,0.6293548387096775,0.8079404466501241,0.8098310291858679,"[[852, 233], [154, 776]]"
hgb_lr0.02_leaf31,sweep,0.696418542798477,0.607741935483871,0.8079404466501241,0.809062980030722,"[[862, 223], [164, 766]]"
gb_lr0.08_d2,sweep,0.6976078612821531,0.5941935483870968,0.8079404466501241,0.8034562211981566,"[[935, 150], [237, 693]]"
gnb,sweep,0.9999999999997548,0.617741935483871,0.8074441687344913,0.8211981566820277,"[[697, 388], [0, 930]]"
gb_lr0.03_d3,sweep,0.4845897315874664,0.625,0.8074441687344913,0.8184331797235023,"[[733, 352], [36, 894]]"
"mlp(128,)",sweep,0.3725793920159338,0.6366129032258064,0.8074441687344913,0.8176651305683564,"[[743, 342], [46, 884]]"
hgb_lr0.02_leaf31,sweep,0.5426162789537116,0.6266129032258064,0.8074441687344913,0.8158986175115207,"[[766, 319], [69, 861]]"
gb_lr0.05_d3,sweep,0.5770506276328956,0.6204838709677419,0.8074441687344913,0.8145929339477727,"[[783, 302], [86, 844]]"
ada100,sweep,0.5018817808996487,0.6156451612903225,0.8074441687344913,0.8145929339477727,"[[783, 302], [86, 844]]"
ada100,sweep,0.5019947387652465,0.6138709677419355,0.8074441687344913,0.8144393241167435,"[[785, 300], [88, 842]]"
hgb_lr0.08_leaf31,sweep,0.7536323548988653,0.6233870967741936,0.8074441687344913,0.8138248847926267,"[[793, 292], [96, 834]]"
hgb_lr0.02_leaf15,sweep,0.5940608979117818,0.6133870967741936,0.8074441687344913,0.8135944700460829,"[[796, 289], [99, 831]]"
"mlp(128,)",sweep,0.6496688346862793,0.6430645161290323,0.8074441687344913,0.8122887864823349,"[[813, 272], [116, 814]]"
"mlp(128,)",sweep,0.6914063556432724,0.6429032258064517,0.8074441687344913,0.8115207373271889,"[[823, 262], [126, 804]]"
hgb_lr0.08_leaf63,sweep,0.9240656000652081,0.6153225806451613,0.8074441687344913,0.81036866359447,"[[838, 247], [141, 789]]"
gb_lr0.05_d3,sweep,0.6412944943548919,0.617741935483871,0.8074441687344913,0.8102150537634408,"[[840, 245], [143, 787]]"
gb_lr0.08_d3,sweep,0.6650355458616631,0.6104838709677419,0.8074441687344913,0.8094470046082949,"[[850, 235], [153, 777]]"
hgb_lr0.02_leaf15,sweep,0.6568908451689675,0.6024193548387097,0.8074441687344913,0.8092933947772658,"[[852, 233], [155, 775]]"
hgb_lr0.02_leaf31,sweep,0.6905179910314373,0.6091935483870968,0.8074441687344913,0.8092933947772658,"[[852, 233], [155, 775]]"
gb_lr0.08_d3,sweep,0.6688725581261138,0.6106451612903225,0.8074441687344913,0.8092933947772658,"[[852, 233], [155, 775]]"
"mlp(64,)",sweep,0.84218829870224,0.6291935483870967,0.8074441687344913,0.8092933947772658,"[[852, 233], [155, 775]]"
hgb_lr0.02_leaf31,sweep,0.6983773244757375,0.6074193548387097,0.8074441687344913,0.8085253456221199,"[[862, 223], [165, 765]]"
hgb_lr0.04_leaf63,sweep,0.8313074346046347,0.6133870967741936,0.8074441687344913,0.8085253456221199,"[[862, 223], [165, 765]]"
hgb_lr0.04_leaf63,sweep,0.832300913376989,0.6130645161290322,0.8074441687344913,0.8084485407066052,"[[863, 222], [166, 764]]"
"mlp(128,)",sweep,0.8226531983852386,0.6319354838709678,0.8074441687344913,0.808294930875576,"[[865, 220], [168, 762]]"
hgb_lr0.02_leaf31,sweep,0.7185089257010907,0.602741935483871,0.8074441687344913,0.8072196620583718,"[[879, 206], [182, 748]]"
gb_lr0.05_d1,sweep,0.6791632532956043,0.592741935483871,0.8074441687344913,0.8032258064516129,"[[931, 154], [234, 696]]"
gb_lr0.08_d2,sweep,0.6940769083521147,0.5951612903225807,0.8074441687344913,0.8032258064516129,"[[931, 154], [234, 696]]"
ada100,sweep,0.505615341208662,0.5882258064516129,0.8074441687344913,0.801689708141321,"[[951, 134], [254, 676]]"
gb_lr0.03_d1,sweep,0.4800954032315324,0.6419354838709678,0.8069478908188585,0.8207373271889401,"[[696, 389], [0, 930]]"
gb_lr0.05_d1,sweep,0.4516605469051035,0.6332258064516129,0.8069478908188585,0.8207373271889401,"[[696, 389], [0, 930]]"
gb_lr0.08_d1,sweep,0.4621833103621643,0.6306451612903226,0.8069478908188585,0.8197388632872504,"[[709, 376], [13, 917]]"
gb_lr0.03_d2,sweep,0.4765644270992683,0.6382258064516129,0.8069478908188585,0.8178187403993855,"[[734, 351], [38, 892]]"
hgb_lr0.04_leaf63,sweep,0.5259567588844364,0.618225806451613,0.8069478908188585,0.8166666666666667,"[[749, 336], [53, 877]]"
"mlp(64,)",sweep,0.42370055091381076,0.6275806451612903,0.8069478908188585,0.8163594470046083,"[[753, 332], [57, 873]]"
"mlp(128,)",sweep,0.41140435302257544,0.6387096774193548,0.8069478908188585,0.8163594470046083,"[[753, 332], [57, 873]]"
hgb_lr0.02_leaf63,sweep,0.5252162401483692,0.6214516129032258,0.8069478908188585,0.8161290322580645,"[[756, 329], [60, 870]]"
"mlp(128,)",sweep,0.42568648186922076,0.6385483870967742,0.8069478908188585,0.8161290322580645,"[[756, 329], [60, 870]]"
ada100,sweep,0.5018675347092683,0.6166129032258064,0.8069478908188585,0.8141321044546851,"[[782, 303], [86, 844]]"
hgb_lr0.02_leaf31,sweep,0.66553826672655,0.612741935483871,0.8069478908188585,0.8106758832565284,"[[827, 258], [131, 799]]"
"mlp(128,)",sweep,0.7143131196498871,0.641774193548387,0.8069478908188585,0.8104454685099847,"[[830, 255], [134, 796]]"
hgb_lr0.02_leaf31,sweep,0.6698281060293929,0.6129032258064516,0.8069478908188585,0.8102918586789555,"[[832, 253], [136, 794]]"
"mlp(128,)",sweep,0.721469377183914,0.6409677419354839,0.8069478908188585,0.8102918586789555,"[[832, 253], [136, 794]]"
hgb_lr0.02_leaf31,sweep,0.6765773980398306,0.6116129032258064,0.8069478908188585,0.8098310291858679,"[[838, 247], [142, 788]]"
gb_lr0.05_d3,sweep,0.6433647113515755,0.6162903225806452,0.8069478908188585,0.8095238095238095,"[[842, 243], [146, 784]]"
hgb_lr0.02_leaf15,sweep,0.6597097155877065,0.6016129032258064,0.8069478908188585,0.8086021505376344,"[[854, 231], [158, 772]]"
gb_lr0.03_d3,sweep,0.6971701676653559,0.5993548387096774,0.8069478908188585,0.8042242703533027,"[[911, 174], [215, 715]]"
gb_lr0.08_d1,sweep,0.6807349369452159,0.6008064516129032,0.8069478908188585,0.8034562211981566,"[[921, 164], [225, 705]]"
gb_lr0.08_d1,sweep,0.6808410735140582,0.6004838709677419,0.8069478908188585,0.8034562211981566,"[[921, 164], [225, 705]]"
gb_lr0.05_d1,sweep,0.6793420387696435,0.5930645161290322,0.8069478908188585,0.8026881720430108,"[[931, 154], [235, 695]]"
gb_lr0.03_d2,sweep,0.4751541500624028,0.6380645161290323,0.8064516129032258,0.8173579109062981,"[[733, 352], [38, 892]]"
"mlp(64, 32)",sweep,0.18945067036151872,0.6175806451612903,0.8064516129032258,0.8173579109062981,"[[733, 352], [38, 892]]"
"mlp(64, 32)",sweep,0.19527445731759072,0.6179032258064516,0.8064516129032258,0.8173579109062981,"[[733, 352], [38, 892]]"
"mlp(128,)",sweep,0.39900034451484706,0.6390322580645161,0.8064516129032258,0.8161290322580645,"[[749, 336], [54, 876]]"
hgb_lr0.02_leaf31,sweep,0.5300874051329149,0.6251612903225806,0.8064516129032258,0.8153609831029185,"[[759, 326], [64, 866]]"
gb_lr0.05_d3,sweep,0.5627056064305648,0.6219354838709678,0.8064516129032258,0.8140552995391706,"[[776, 309], [81, 849]]"
gb_lr0.05_d3,sweep,0.5711558485166262,0.6201612903225806,0.8064516129032258,0.8138248847926267,"[[779, 306], [84, 846]]"
hgb_lr0.08_leaf31,sweep,0.7409996518224048,0.6235483870967742,0.8064516129032258,0.8130568356374808,"[[789, 296], [94, 836]]"
hgb_lr0.02_leaf15,sweep,0.5907199103316442,0.6143548387096774,0.8064516129032258,0.812826420890937,"[[792, 293], [97, 833]]"
hgb_lr0.08_leaf31,sweep,0.7791564689005795,0.6203225806451613,0.8064516129032258,0.812058371735791,"[[802, 283], [107, 823]]"
hgb_lr0.08_leaf31,sweep,0.802426838040575,0.6188709677419355,0.8064516129032258,0.8113671274961598,"[[811, 274], [116, 814]]"
"mlp(128,)",sweep,0.672908958053589,0.6433870967741936,0.8064516129032258,0.8109831029185868,"[[816, 269], [121, 809]]"
hgb_lr0.08_leaf31,sweep,0.8198986360490288,0.6175806451612903,0.8064516129032258,0.810752688172043,"[[819, 266], [124, 806]]"
hgb_lr0.02_leaf31,sweep,0.6858680228494713,0.6104838709677419,0.8064516129032258,0.8087557603686636,"[[845, 240], [150, 780]]"
hgb_lr0.02_leaf63,sweep,0.7109789540268482,0.6164516129032258,0.8064516129032258,0.808294930875576,"[[851, 234], [156, 774]]"
hgb_lr0.02_leaf63,sweep,0.7409278295266447,0.6117741935483871,0.8064516129032258,0.8067588325652841,"[[871, 214], [176, 754]]"
gb_lr0.03_d2,sweep,0.6980132379174251,0.5798387096774194,0.8064516129032258,0.8025345622119815,"[[926, 159], [231, 699]]"
gb_lr0.05_d2,sweep,0.7075790467772705,0.587741935483871,0.8064516129032258,0.8019201228878649,"[[934, 151], [239, 691]]"
gb_lr0.08_d2,sweep,0.7076676431467771,0.5887096774193549,0.8064516129032258,0.8014592933947773,"[[940, 145], [245, 685]]"
ada100,sweep,0.5056844062032849,0.5875806451612903,0.8064516129032258,0.8004608294930875,"[[953, 132], [258, 672]]"
hgb_lr0.08_leaf63,default_predict,,,0.8059553349875931,0.8166666666666667,"[[735, 350], [41, 889]]"
hgb_lr0.08_leaf63,sweep,0.5,0.6285483870967742,0.8059553349875931,0.8166666666666667,"[[735, 350], [41, 889]]"
hgb_lr0.06_leaf63,default_predict,,,0.8059553349875931,0.8162826420890937,"[[740, 345], [46, 884]]"
hgb_lr0.06_leaf63,sweep,0.49974051794521784,0.6235483870967742,0.8059553349875931,0.8162826420890937,"[[740, 345], [46, 884]]"
hgb_lr0.06_leaf63,sweep,0.5,0.6237096774193548,0.8059553349875931,0.8162826420890937,"[[740, 345], [46, 884]]"
hgb_lr0.06_leaf63,sweep,0.5128364247890653,0.6235483870967742,0.8059553349875931,0.8161290322580645,"[[742, 343], [48, 882]]"
gb_lr0.05_d2,sweep,0.48587713146237504,0.6262903225806452,0.8059553349875931,0.8160522273425499,"[[743, 342], [49, 881]]"
hgb_lr0.02_leaf63,sweep,0.5161956724233616,0.6216129032258064,0.8059553349875931,0.8153609831029186,"[[752, 333], [58, 872]]"
hgb_lr0.02_leaf31,sweep,0.5385639963448782,0.6258064516129033,0.8059553349875931,0.8145929339477727,"[[762, 323], [68, 862]]"
"mlp(128,)",sweep,0.45971307088136654,0.6409677419354839,0.8059553349875931,0.8145929339477727,"[[762, 323], [68, 862]]"
gb_lr0.08_d2,sweep,0.525184837335449,0.6261290322580645,0.8059553349875931,0.8138248847926267,"[[772, 313], [78, 852]]"
gb_lr0.08_d2,sweep,0.5256607476479128,0.6259677419354839,0.8059553349875931,0.8138248847926267,"[[772, 313], [78, 852]]"
ada100,sweep,0.5015823749035537,0.6166129032258064,0.8059553349875931,0.8138248847926267,"[[772, 313], [78, 852]]"
gb_lr0.08_d2,sweep,0.5407331620303992,0.625,0.8059553349875931,0.8129800307219662,"[[783, 302], [89, 841]]"
hgb_lr0.02_leaf15,sweep,0.5871122599849045,0.6138709677419355,0.8059553349875931,0.812442396313364,"[[790, 295], [96, 834]]"
hgb_lr0.08_leaf31,sweep,0.7617786783936105,0.6217741935483871,0.8059553349875931,0.8119047619047619,"[[797, 288], [103, 827]]"
hgb_lr0.08_leaf31,sweep,0.7818929622713188,0.6196774193548387,0.8059553349875931,0.8114439324116743,"[[803, 282], [109, 821]]"
hgb_lr0.08_leaf31,sweep,0.824824209438753,0.6174193548387097,0.8059553349875931,0.8100614439324116,"[[821, 264], [127, 803]]"
hgb_lr0.02_leaf15,sweep,0.6386679823932483,0.6054838709677419,0.8059553349875931,0.8092933947772658,"[[831, 254], [137, 793]]"
gb_lr0.08_d3,sweep,0.6464994047826499,0.6135483870967742,0.8059553349875931,0.8092933947772658,"[[831, 254], [137, 793]]"
hgb_lr0.02_leaf15,sweep,0.6491237502451249,0.6051612903225806,0.8059553349875931,0.8085253456221198,"[[841, 244], [147, 783]]"
gb_lr0.08_d3,sweep,0.6547909918368393,0.612741935483871,0.8059553349875931,0.8085253456221198,"[[841, 244], [147, 783]]"
"mlp(64, 32)",sweep,0.91971603307724,0.6204838709677419,0.8059553349875931,0.8085253456221198,"[[841, 244], [147, 783]]"
hgb_lr0.02_leaf15,sweep,0.6499795368051865,0.6051612903225806,0.8059553349875931,0.8084485407066052,"[[842, 243], [148, 782]]"
hgb_lr0.02_leaf63,sweep,0.7186036595671921,0.6143548387096774,0.8059553349875931,0.8074500768049155,"[[855, 230], [161, 769]]"
gb_lr0.08_d3,sweep,0.6849202664299869,0.6067741935483871,0.8059553349875931,0.8066052227342551,"[[866, 219], [172, 758]]"
hgb_lr0.02_leaf63,sweep,0.7390535889820502,0.6124193548387097,0.8059553349875931,0.8064516129032258,"[[868, 217], [174, 756]]"
hgb_lr0.06_leaf63,sweep,0.9284624718204192,0.61,0.8059553349875931,0.8059907834101383,"[[874, 211], [180, 750]]"
gb_lr0.08_d1,sweep,0.6862218648475635,0.5991935483870968,0.8059553349875931,0.8018433179723503,"[[928, 157], [234, 696]]"
gb_lr0.08_d2,sweep,0.7067356466286574,0.5887096774193549,0.8059553349875931,0.8009984639016897,"[[939, 146], [245, 685]]"
gb_lr0.03_d1,sweep,0.680952976083472,0.5858064516129032,0.8059553349875931,0.800384024577573,"[[947, 138], [253, 677]]"
hgb_lr0.08_leaf63,sweep,0.49458238657713655,0.6277419354838709,0.8054590570719603,0.8162058371735792,"[[734, 351], [41, 889]]"
"mlp(64,)",sweep,0.37223588272929164,0.6225806451612903,0.8054590570719603,0.8158218125960062,"[[739, 346], [46, 884]]"
"mlp(128,)",sweep,0.4543714631795883,0.6408064516129032,0.8054590570719603,0.8142089093701996,"[[760, 325], [67, 863]]"
gb_lr0.08_d2,sweep,0.5379668077499089,0.6248387096774194,0.8054590570719603,0.8125960061443933,"[[781, 304], [88, 842]]"
hgb_lr0.08_leaf31,sweep,0.8030703252261138,0.6190322580645161,0.8054590570719603,0.8102918586789555,"[[811, 274], [118, 812]]"
hgb_lr0.02_leaf15,sweep,0.6320948210850104,0.6064516129032258,0.8054590570719603,0.8092933947772658,"[[824, 261], [131, 799]]"
hgb_lr0.02_leaf15,sweep,0.6406312061911256,0.6053225806451613,0.8054590570719603,0.8085253456221198,"[[834, 251], [141, 789]]"
gb_lr0.08_d3,sweep,0.65390233563012,0.6129032258064516,0.8054590570719603,0.8080645161290323,"[[840, 245], [147, 783]]"
"mlp(64,)",sweep,0.8520931990742684,0.6291935483870967,0.8054590570719603,0.806989247311828,"[[854, 231], [161, 769]]"
gb_lr0.08_d3,sweep,0.6752897225776812,0.6087096774193549,0.8054590570719603,0.8069124423963134,"[[855, 230], [162, 768]]"
hgb_lr0.02_leaf63,sweep,0.7294700893042799,0.6125806451612903,0.8054590570719603,0.8063748079877112,"[[862, 223], [169, 761]]"
"mlp(128,)",sweep,0.8381262112617494,0.6303225806451613,0.8054590570719603,0.805837173579109,"[[869, 216], [176, 754]]"
gb_lr0.08_d1,sweep,0.688327663303731,0.5988709677419355,0.8054590570719603,0.8012288786482336,"[[929, 156], [236, 694]]"
gb_lr0.03_d1,sweep,0.47646374901204325,0.64,0.8049627791563275,0.8188940092165898,"[[692, 393], [0, 930]]"
gb_lr0.05_d1,sweep,0.4486527280584181,0.632258064516129,0.8049627791563275,0.8188940092165898,"[[692, 393], [0, 930]]"
gnb,sweep,0.9999999999992876,0.618225806451613,0.8049627791563275,0.8188940092165898,"[[692, 393], [0, 930]]"
"mlp(128,)",sweep,0.34980784394741066,0.635483870967742,0.8049627791563275,0.8155145929339478,"[[736, 349], [44, 886]]"
hgb_lr0.04_leaf63,sweep,0.5009931312442553,0.6174193548387097,0.8049627791563275,0.8151305683563748,"[[741, 344], [49, 881]]"
gb_lr0.05_d2,sweep,0.4826566347048749,0.6261290322580645,0.8049627791563275,0.8151305683563748,"[[741, 344], [49, 881]]"
gb_lr0.05_d3,sweep,0.559163433414905,0.6217741935483871,0.8049627791563275,0.812826420890937,"[[771, 314], [79, 851]]"
lda,sweep,0.5119805356025696,0.6537096774193548,0.8049627791563275,0.812826420890937,"[[771, 314], [79, 851]]"
hgb_lr0.02_leaf15,sweep,0.6282277137841573,0.6061290322580645,0.8049627791563275,0.8090629800307219,"[[820, 265], [128, 802]]"
hgb_lr0.02_leaf31,sweep,0.6574756649320812,0.615,0.8049627791563275,0.8090629800307219,"[[820, 265], [128, 802]]"
hgb_lr0.02_leaf31,sweep,0.6801983238869197,0.6109677419354839,0.8049627791563275,0.8075268817204301,"[[840, 245], [148, 782]]"
hgb_lr0.04_leaf31,sweep,0.7572741766330793,0.612741935483871,0.8049627791563275,0.8069124423963134,"[[848, 237], [156, 774]]"
hgb_lr0.04_leaf31,sweep,0.7693322605303091,0.6122580645161291,0.8049627791563275,0.8058371735791091,"[[862, 223], [170, 760]]"
gb_lr0.05_d1,sweep,0.6834271163495165,0.5916129032258064,0.8049627791563275,0.8000768049155146,"[[937, 148], [245, 685]]"
gb_lr0.08_d1,sweep,0.45487093767965153,0.6279032258064516,0.8044665012406947,0.8175115207373271,"[[703, 382], [12, 918]]"
hgb_lr0.04_leaf63,default_predict,,,0.8044665012406947,0.8146697388632873,"[[740, 345], [49, 881]]"
hgb_lr0.04_leaf63,sweep,0.5,0.6175806451612903,0.8044665012406947,0.8146697388632873,"[[740, 345], [49, 881]]"
hgb_lr0.02_leaf63,default_predict,,,0.8044665012406947,0.8142857142857143,"[[745, 340], [54, 876]]"
hgb_lr0.02_leaf63,sweep,0.5,0.6217741935483871,0.8044665012406947,0.8142857142857143,"[[745, 340], [54, 876]]"
hgb_lr0.02_leaf63,sweep,0.509465147468019,0.6220967741935484,0.8044665012406947,0.8139784946236559,"[[749, 336], [58, 872]]"
lda,sweep,0.4835062877118587,0.6477419354838709,0.8044665012406947,0.8135944700460829,"[[754, 331], [63, 867]]"
gb_lr0.05_d3,sweep,0.5533581336460273,0.6214516129032258,0.8044665012406947,0.8125192012288787,"[[768, 317], [77, 853]]"
ada100,sweep,0.5016850763691968,0.6170967741935484,0.8044665012406947,0.8122119815668203,"[[772, 313], [81, 849]]"
hgb_lr0.02_leaf15,sweep,0.5625109631685017,0.6167741935483871,0.8044665012406947,0.8121351766513056,"[[773, 312], [82, 848]]"
gb_lr0.08_d2,sweep,0.5331491175834093,0.6258064516129033,0.8044665012406947,0.8119815668202766,"[[775, 310], [84, 846]]"
hgb_lr0.08_leaf31,sweep,0.718720344735176,0.6214516129032258,0.8044665012406947,0.8113671274961598,"[[783, 302], [92, 838]]"
hgb_lr0.02_leaf15,sweep,0.5990535119116415,0.612741935483871,0.8044665012406947,0.8100614439324116,"[[800, 285], [109, 821]]"
hgb_lr0.04_leaf31,sweep,0.6896000453354899,0.62,0.8044665012406947,0.8100614439324116,"[[800, 285], [109, 821]]"
hgb_lr0.04_leaf31,sweep,0.6896134704238207,0.6198387096774194,0.8044665012406947,0.8100614439324116,"[[800, 285], [109, 821]]"
hgb_lr0.02_leaf31,sweep,0.6587592311835804,0.615,0.8044665012406947,0.8084485407066052,"[[821, 264], [130, 800]]"
hgb_lr0.04_leaf31,sweep,0.7588914018093027,0.6122580645161291,0.8044665012406947,0.8062980030721967,"[[849, 236], [158, 772]]"
hgb_lr0.02_leaf15,sweep,0.6672189347375078,0.6001612903225807,0.8044665012406947,0.8055299539170506,"[[859, 226], [168, 762]]"
hgb_lr0.02_leaf63,sweep,0.7260226277579019,0.613225806451613,0.8044665012406947,0.8055299539170506,"[[859, 226], [168, 762]]"
hgb_lr0.04_leaf31,sweep,0.7688140540756069,0.6125806451612903,0.8044665012406947,0.8055299539170506,"[[859, 226], [168, 762]]"
gb_lr0.08_d3,sweep,0.6810612177659491,0.6072580645161291,0.8044665012406947,0.8055299539170506,"[[859, 226], [168, 762]]"
hgb_lr0.02_leaf31,sweep,0.7105050761363741,0.6046774193548388,0.8044665012406947,0.8047619047619048,"[[869, 216], [178, 752]]"
"mlp(128,)",sweep,0.8396072288036345,0.6301612903225806,0.8044665012406947,0.8047619047619048,"[[869, 216], [178, 752]]"
hgb_lr0.04_leaf31,sweep,0.7811784545629541,0.6087096774193549,0.8044665012406947,0.8046850998463901,"[[870, 215], [179, 751]]"
hgb_lr0.02_leaf31,sweep,0.7210975381522797,0.6025806451612903,0.8044665012406947,0.8039938556067588,"[[879, 206], [188, 742]]"
"mlp(128,)",sweep,0.8541627724647519,0.6267741935483871,0.8044665012406947,0.8039938556067588,"[[879, 206], [188, 742]]"
"mlp(128,)",sweep,0.8558434606552124,0.6266129032258064,0.8044665012406947,0.8039938556067588,"[[879, 206], [188, 742]]"
gb_lr0.05_d2,sweep,0.7128374762030882,0.5854838709677419,0.8044665012406947,0.7994623655913978,"[[938, 147], [247, 683]]"
gb_lr0.03_d1,sweep,0.6825945398747135,0.5866129032258065,0.8044665012406947,0.7986943164362519,"[[948, 137], [257, 673]]"
gb_lr0.03_d1,sweep,0.6860826740944208,0.5848387096774194,0.8044665012406947,0.7980798771121351,"[[956, 129], [265, 665]]"
gnb,sweep,0.9999999999987776,0.618225806451613,0.8039702233250621,0.8179723502304148,"[[690, 395], [0, 930]]"
gb_lr0.03_d3,sweep,0.4758683598222981,0.6245161290322581,0.8039702233250621,0.8152841781874041,"[[725, 360], [35, 895]]"
"mlp(64, 32)",sweep,0.15885884436368944,0.6166129032258064,0.8039702233250621,0.8152841781874041,"[[725, 360], [35, 895]]"
hgb_lr0.04_leaf63,sweep,0.4980946071714287,0.617741935483871,0.8039702233250621,0.8142089093701996,"[[739, 346], [49, 881]]"
hgb_lr0.02_leaf31,sweep,0.5176923074516455,0.6256451612903225,0.8039702233250621,0.8131336405529954,"[[753, 332], [63, 867]]"
lda,sweep,0.4949709524273871,0.6498387096774193,0.8039702233250621,0.8125960061443932,"[[760, 325], [70, 860]]"
lda,sweep,0.4952581902384758,0.6503225806451612,0.8039702233250621,0.8125960061443932,"[[760, 325], [70, 860]]"
lda,sweep,0.5049048771262169,0.6540322580645161,0.8039702233250621,0.8121351766513056,"[[766, 319], [76, 854]]"
hgb_lr0.02_leaf15,sweep,0.5595472682556004,0.6164516129032258,0.8039702233250621,0.8118279569892473,"[[770, 315], [80, 850]]"
gb_lr0.08_d3,sweep,0.6449562876937206,0.6140322580645161,0.8039702233250621,0.8075268817204301,"[[826, 259], [136, 794]]"
hgb_lr0.08_leaf63,sweep,0.9318881257232161,0.6135483870967742,0.8039702233250621,0.8065284178187404,"[[839, 246], [149, 781]]"
"mlp(64, 32)",sweep,0.9238317896127699,0.6203225806451613,0.8039702233250621,0.8063748079877112,"[[841, 244], [151, 779]]"
hgb_lr0.08_leaf63,sweep,0.9342167826913229,0.613225806451613,0.8039702233250621,0.8062980030721967,"[[842, 243], [152, 778]]"
gb_lr0.05_d3,sweep,0.6498929251641126,0.6143548387096774,0.8039702233250621,0.8060675883256528,"[[845, 240], [155, 775]]"
hgb_lr0.02_leaf31,sweep,0.7096440195828073,0.6058064516129033,0.8039702233250621,0.8043778801843318,"[[867, 218], [177, 753]]"
hgb_lr0.04_leaf63,sweep,0.8441711598722741,0.6106451612903225,0.8039702233250621,0.8043778801843318,"[[867, 218], [177, 753]]"
hgb_lr0.02_leaf63,sweep,0.7527750005703226,0.6119354838709677,0.8039702233250621,0.8036866359447005,"[[876, 209], [186, 744]]"
gb_lr0.03_d3,sweep,0.7009565386179489,0.597741935483871,0.8039702233250621,0.8007680491551459,"[[914, 171], [224, 706]]"
gb_lr0.03_d1,sweep,0.6896410866820928,0.5832258064516129,0.8039702233250621,0.7966973886328725,"[[967, 118], [277, 653]]"
gb_lr0.03_d1,sweep,0.6898654102022986,0.5837096774193549,0.8039702233250621,0.7966205837173579,"[[968, 117], [278, 652]]"
gb_lr0.08_d1,sweep,0.45167760502404936,0.6269354838709678,0.8034739454094293,0.8166666666666667,"[[700, 385], [11, 919]]"
hgb_lr0.08_leaf63,sweep,0.4695174364499497,0.6269354838709678,0.8034739454094293,0.8143625192012289,"[[730, 355], [41, 889]]"
hgb_lr0.04_leaf63,sweep,0.4776829670095809,0.6195161290322581,0.8034739454094293,0.8139016897081413,"[[736, 349], [47, 883]]"
hgb_lr0.02_leaf63,sweep,0.49535573516136056,0.6225806451612903,0.8034739454094293,0.8134408602150538,"[[742, 343], [53, 877]]"
lda,default_predict,,,0.8034739454094293,0.8119047619047619,"[[762, 323], [73, 857]]"
lda,sweep,0.5,0.652258064516129,0.8034739454094293,0.8119047619047619,"[[762, 323], [73, 857]]"
hgb_lr0.08_leaf31,sweep,0.6439244487387217,0.6291935483870967,0.8034739454094293,0.8117511520737327,"[[764, 321], [75, 855]]"
ada100,sweep,0.5015336294638769,0.6153225806451613,0.8034739454094293,0.8115207373271889,"[[767, 318], [78, 852]]"
lda,sweep,0.5159067457199097,0.6538709677419355,0.8034739454094293,0.8112135176651306,"[[771, 314], [82, 848]]"
hgb_lr0.08_leaf31,sweep,0.7071064278153545,0.6225806451612903,0.8034739454094293,0.8105990783410137,"[[779, 306], [90, 840]]"
hgb_lr0.02_leaf15,sweep,0.6139433721395237,0.6096774193548387,0.8034739454094293,0.808294930875576,"[[809, 276], [120, 810]]"
hgb_lr0.02_leaf15,sweep,0.6219004060343399,0.6072580645161291,0.8034739454094293,0.8077572964669739,"[[816, 269], [127, 803]]"
hgb_lr0.04_leaf31,sweep,0.71599843779887,0.6153225806451613,0.8034739454094293,0.8077572964669739,"[[816, 269], [127, 803]]"
hgb_lr0.04_leaf31,sweep,0.7801951305877175,0.6091935483870968,0.8034739454094293,0.803763440860215,"[[868, 217], [179, 751]]"
gb_lr0.08_d3,sweep,0.6874511673487317,0.6067741935483871,0.8034739454094293,0.803763440860215,"[[868, 217], [179, 751]]"
hgb_lr0.02_leaf63,sweep,0.7545660664662394,0.6117741935483871,0.8034739454094293,0.8029953917050692,"[[878, 207], [189, 741]]"
gb_lr0.05_d1,sweep,0.6840599635717922,0.5914516129032258,0.8034739454094293,0.7984639016897082,"[[937, 148], [248, 682]]"
gb_lr0.05_d2,sweep,0.7202655942316202,0.5854838709677419,0.8034739454094293,0.7976958525345622,"[[947, 138], [258, 672]]"
gb_lr0.03_d1,sweep,0.6876005306742988,0.5846774193548387,0.8034739454094293,0.7969278033794163,"[[957, 128], [268, 662]]"
gb_lr0.03_d1,sweep,0.4713271866243083,0.6396774193548387,0.8029776674937965,0.8170506912442397,"[[688, 397], [0, 930]]"
gb_lr0.03_d2,sweep,0.4689615577219264,0.6380645161290323,0.8029776674937965,0.8142857142857143,"[[724, 361], [36, 894]]"
hgb_lr0.08_leaf63,sweep,0.45393309509309654,0.627258064516129,0.8029776674937965,0.8140552995391706,"[[727, 358], [39, 891]]"
"mlp(128,)",sweep,0.3280265213549137,0.635483870967742,0.8029776674937965,0.8138248847926267,"[[730, 355], [42, 888]]"
hgb_lr0.04_leaf63,sweep,0.4543089865591742,0.6183870967741936,0.8029776674937965,0.8137480798771122,"[[731, 354], [43, 887]]"
hgb_lr0.02_leaf63,sweep,0.4772946099450482,0.6224193548387097,0.8029776674937965,0.8134408602150538,"[[735, 350], [47, 883]]"
gb_lr0.05_d2,sweep,0.4789931859893427,0.6262903225806452,0.8029776674937965,0.8132872503840245,"[[737, 348], [49, 881]]"
hgb_lr0.08_leaf31,sweep,0.625325496601444,0.6296774193548387,0.8029776674937965,0.8115975422427035,"[[759, 326], [71, 859]]"
hgb_lr0.08_leaf31,sweep,0.6740506858257731,0.6258064516129033,0.8029776674937965,0.8105222734254992,"[[773, 312], [85, 845]]"
hgb_lr0.02_leaf15,sweep,0.6128854928862549,0.6101612903225806,0.8029776674937965,0.8079109062980031,"[[807, 278], [119, 811]]"
hgb_lr0.04_leaf31,sweep,0.7185890599875404,0.6156451612903225,0.8029776674937965,0.8070660522273425,"[[818, 267], [130, 800]]"
gb_lr0.08_d3,sweep,0.6401775576398757,0.6148387096774194,0.8029776674937965,0.8070660522273425,"[[818, 267], [130, 800]]"
hgb_lr0.08_leaf31,sweep,0.8335890210126193,0.6167741935483871,0.8029776674937965,0.8066052227342551,"[[824, 261], [136, 794]]"
hgb_lr0.04_leaf31,sweep,0.7484046451475137,0.6122580645161291,0.8029776674937965,0.8055299539170507,"[[838, 247], [150, 780]]"
hgb_lr0.02_leaf15,sweep,0.6696252908280246,0.5982258064516129,0.8029776674937965,0.8038402457757297,"[[860, 225], [172, 758]]"
gb_lr0.05_d3,sweep,0.6961733520751475,0.6062903225806452,0.8029776674937965,0.8021505376344086,"[[882, 203], [194, 736]]"
hgb_lr0.02_leaf63,sweep,0.7630594993556833,0.6106451612903225,0.8029776674937965,0.802073732718894,"[[883, 202], [195, 735]]"
hgb_lr0.02_leaf31,sweep,0.7371064205537031,0.6008064516129032,0.8029776674937965,0.8010752688172043,"[[896, 189], [208, 722]]"
hgb_lr0.02_leaf31,sweep,0.7374569194981697,0.6001612903225807,0.8029776674937965,0.8009984639016897,"[[897, 188], [209, 721]]"
gb_lr0.03_d2,sweep,0.7056675537033152,0.5764516129032258,0.8029776674937965,0.7984639016897082,"[[930, 155], [242, 688]]"
gb_lr0.08_d2,sweep,0.7171203384469784,0.5875806451612903,0.8029776674937965,0.7973118279569893,"[[945, 140], [257, 673]]"
gb_lr0.05_d2,sweep,0.7238663725983498,0.585,0.8029776674937965,0.7968509984639016,"[[951, 134], [263, 667]]"
hgb_lr0.06_leaf63,sweep,0.4155500081552362,0.6254838709677419,0.8024813895781637,0.8139784946236559,"[[721, 364], [34, 896]]"
hgb_lr0.06_leaf63,sweep,0.46713723134928536,0.6243548387096775,0.8024813895781637,0.8133640552995391,"[[729, 356], [42, 888]]"
"mlp(128,)",sweep,0.32685347194671627,0.6353225806451613,0.8024813895781637,0.8133640552995391,"[[729, 356], [42, 888]]"
hgb_lr0.08_leaf31,sweep,0.6235550535413766,0.6303225806451613,0.8024813895781637,0.8111367127496161,"[[758, 327], [71, 859]]"
lda,sweep,0.5248123277068139,0.6537096774193548,0.8024813895781637,0.8100614439324116,"[[772, 313], [85, 845]]"
hgb_lr0.08_leaf31,sweep,0.6955950809152791,0.6243548387096775,0.8024813895781637,0.8097542242703533,"[[776, 309], [89, 841]]"
lda,sweep,0.5417499591350555,0.6562903225806451,0.8024813895781637,0.8096006144393241,"[[778, 307], [91, 839]]"
hgb_lr0.02_leaf15,sweep,0.6030073707360565,0.6116129032258064,0.8024813895781637,0.8077572964669739,"[[802, 283], [115, 815]]"
hgb_lr0.04_leaf31,sweep,0.7039535464346336,0.6167741935483871,0.8024813895781637,0.8074500768049155,"[[806, 279], [119, 811]]"
gb_lr0.08_d3,sweep,0.6339289373737226,0.6143548387096774,0.8024813895781637,0.8069124423963134,"[[813, 272], [126, 804]]"
hgb_lr0.04_leaf31,sweep,0.7304033285241854,0.6146774193548387,0.8024813895781637,0.8061443932411674,"[[823, 262], [136, 794]]"
hgb_lr0.08_leaf63,sweep,0.9428638218838931,0.6124193548387097,0.8024813895781637,0.8043778801843318,"[[846, 239], [159, 771]]"
gb_lr0.05_d3,sweep,0.6550390790488185,0.6137096774193549,0.8024813895781637,0.8043010752688172,"[[847, 238], [160, 770]]"
"mlp(64,)",sweep,0.8627717410802836,0.6308064516129033,0.8024813895781637,0.8035330261136713,"[[857, 228], [170, 760]]"
hgb_lr0.04_leaf63,sweep,0.8462299956369584,0.61,0.8024813895781637,0.8027649769585253,"[[867, 218], [180, 750]]"
hgb_lr0.06_leaf63,sweep,0.9357563076580799,0.6098387096774194,0.8024813895781637,0.8019969278033794,"[[877, 208], [190, 740]]"
hgb_lr0.02_leaf31,sweep,0.7279176883695326,0.6025806451612903,0.8024813895781637,0.8013824884792626,"[[885, 200], [198, 732]]"
gb_lr0.03_d2,sweep,0.7023019393369347,0.5775806451612904,0.8024813895781637,0.7982334869431644,"[[926, 159], [239, 691]]"
gb_lr0.08_d1,sweep,0.6917815483592639,0.5958064516129032,0.8024813895781637,0.7976958525345622,"[[933, 152], [246, 684]]"
gb_lr0.05_d2,sweep,0.7150505131790689,0.5846774193548387,0.8024813895781637,0.7970814132104456,"[[941, 144], [254, 676]]"
gb_lr0.08_d2,sweep,0.7178620150298776,0.5875806451612903,0.8024813895781637,0.7966973886328725,"[[946, 139], [259, 671]]"
gb_lr0.03_d3,sweep,0.46752345074155227,0.6214516129032258,0.8019851116625311,0.8135176651305684,"[[720, 365], [34, 896]]"
hgb_lr0.06_leaf63,sweep,0.45763921244608147,0.6243548387096775,0.8019851116625311,0.8129032258064517,"[[728, 357], [42, 888]]"
hgb_lr0.02_leaf63,sweep,0.48974706318827177,0.6229032258064516,0.8019851116625311,0.8121351766513056,"[[738, 347], [52, 878]]"
hgb_lr0.02_leaf31,sweep,0.510884255524383,0.6262903225806452,0.8019851116625311,0.8113671274961598,"[[748, 337], [62, 868]]"
lda,sweep,0.4751949776411057,0.6488709677419355,0.8019851116625311,0.8113671274961598,"[[748, 337], [62, 868]]"
ada100,sweep,0.501293587333164,0.6170967741935484,0.8019851116625311,0.8105990783410139,"[[758, 327], [72, 858]]"
lda,sweep,0.5423876994729042,0.6561290322580645,0.8019851116625311,0.809062980030722,"[[778, 307], [92, 838]]"
hgb_lr0.04_leaf31,sweep,0.7374184918888023,0.6138709677419355,0.8019851116625311,0.8052995391705069,"[[827, 258], [141, 789]]"
gb_lr0.05_d3,sweep,0.6597891443944416,0.613225806451613,0.8019851116625311,0.8033026113671276,"[[853, 232], [167, 763]]"
"mlp(64,)",sweep,0.8644211490631103,0.63,0.8019851116625311,0.8029953917050692,"[[857, 228], [171, 759]]"
hgb_lr0.02_leaf31,sweep,0.7304532535471245,0.6020967741935483,0.8019851116625311,0.8007680491551459,"[[886, 199], [200, 730]]"
hgb_lr0.02_leaf63,sweep,0.7676404650868098,0.6096774193548387,0.8019851116625311,0.8007680491551459,"[[886, 199], [200, 730]]"
gb_lr0.05_d3,sweep,0.6997922361734236,0.6070967741935483,0.8019851116625311,0.8007680491551459,"[[886, 199], [200, 730]]"
"mlp(128,)",sweep,0.8790374621391297,0.6269354838709678,0.8019851116625311,0.8007680491551459,"[[886, 199], [200, 730]]"
"mlp(128,)",sweep,0.8794397113323211,0.627258064516129,0.8019851116625311,0.8006912442396312,"[[887, 198], [201, 729]]"
ada100,sweep,0.5058617282075638,0.5858064516129032,0.8019851116625311,0.795468509984639,"[[955, 130], [269, 661]]"
hgb_lr0.04_leaf63,sweep,0.4458384170162953,0.6196774193548387,0.8014888337468983,0.8123655913978495,"[[728, 357], [43, 887]]"
hgb_lr0.02_leaf31,sweep,0.5048872770061459,0.6259677419354839,0.8014888337468983,0.8109831029185868,"[[746, 339], [61, 869]]"
lda,sweep,0.47412340152263643,0.6479032258064517,0.8014888337468983,0.8109831029185868,"[[746, 339], [61, 869]]"
hgb_lr0.08_leaf31,sweep,0.5966083738146373,0.6283870967741936,0.8014888337468983,0.8105990783410139,"[[751, 334], [66, 864]]"
gb_lr0.05_d3,sweep,0.5442343130674658,0.6209677419354839,0.8014888337468983,0.809984639016897,"[[759, 326], [74, 856]]"
ada100,sweep,0.5013440138655887,0.6166129032258064,0.8014888337468983,0.809984639016897,"[[759, 326], [74, 856]]"
gb_lr0.08_d2,sweep,0.5176590109720803,0.6258064516129033,0.8014888337468983,0.8097542242703533,"[[762, 323], [77, 853]]"
hgb_lr0.04_leaf31,sweep,0.6160729536283799,0.6214516129032258,0.8014888337468983,0.809062980030722,"[[771, 314], [86, 844]]"
lda,sweep,0.5353430768013001,0.6537096774193548,0.8014888337468983,0.808678955453149,"[[776, 309], [91, 839]]"
lda,sweep,0.5702823480129242,0.6561290322580645,0.8014888337468983,0.8065284178187404,"[[804, 281], [119, 811]]"
hgb_lr0.04_leaf31,sweep,0.7056456547697741,0.6167741935483871,0.8014888337468983,0.8062980030721967,"[[807, 278], [122, 808]]"
hgb_lr0.04_leaf31,sweep,0.7428707626180289,0.6141935483870967,0.8014888337468983,0.8044546850998464,"[[831, 254], [146, 784]]"
"mlp(64, 32)",sweep,0.9369883198738098,0.6191935483870967,0.8014888337468983,0.8034562211981566,"[[844, 241], [159, 771]]"
hgb_lr0.08_leaf63,sweep,0.9459515183115517,0.6125806451612903,0.8014888337468983,0.8033026113671276,"[[846, 239], [161, 769]]"
"mlp(64, 32)",sweep,0.9433743357658386,0.6183870967741936,0.8014888337468983,0.8033026113671276,"[[846, 239], [161, 769]]"
gb_lr0.05_d3,sweep,0.6797029431168997,0.6079032258064516,0.8014888337468983,0.8017665130568357,"[[866, 219], [181, 749]]"
"mlp(64,)",sweep,0.878893344783783,0.6288709677419355,0.8014888337468983,0.8017665130568357,"[[866, 219], [181, 749]]"
gb_lr0.08_d3,sweep,0.69812997074257,0.6059677419354839,0.8014888337468983,0.8011520737327189,"[[874, 211], [189, 741]]"
gb_lr0.05_d3,sweep,0.6899721455314599,0.6074193548387097,0.8014888337468983,0.8009984639016897,"[[876, 209], [191, 739]]"
hgb_lr0.06_leaf63,sweep,0.9370699007879113,0.6088709677419355,0.8014888337468983,0.8009216589861752,"[[877, 208], [192, 738]]"
"mlp(128,)",sweep,0.8699133739113807,0.6258064516129033,0.8014888337468983,0.8006144393241168,"[[881, 204], [196, 734]]"
ada100,sweep,0.5059543649433348,0.5858064516129032,0.8014888337468983,0.7946236559139785,"[[959, 126], [274, 656]]"
gb_lr0.05_d2,sweep,0.47150808829619073,0.6241935483870967,0.8009925558312655,0.8118279569892473,"[[728, 357], [44, 886]]"
gb_lr0.05_d3,sweep,0.5280234547389745,0.6170967741935484,0.8009925558312655,0.81036866359447,"[[747, 338], [63, 867]]"
ada100,sweep,0.5011389566007376,0.6166129032258064,0.8009925558312655,0.8099846390168971,"[[752, 333], [68, 862]]"
hgb_lr0.02_leaf15,sweep,0.5483258184450104,0.6167741935483871,0.8009925558312655,0.8096006144393242,"[[757, 328], [73, 857]]"
gb_lr0.05_d3,sweep,0.5424172932324474,0.6198387096774194,0.8009925558312655,0.8096006144393242,"[[757, 328], [73, 857]]"
hgb_lr0.02_leaf15,sweep,0.550267386799354,0.6166129032258064,0.8009925558312655,0.8094470046082949,"[[759, 326], [75, 855]]"
hgb_lr0.08_leaf31,sweep,0.6640965673294952,0.6275806451612903,0.8009925558312655,0.8088325652841781,"[[767, 318], [83, 847]]"
"mlp(64,)",sweep,0.8748312341809273,0.6287096774193548,0.8009925558312655,0.801689708141321,"[[860, 225], [176, 754]]"
gb_lr0.05_d3,sweep,0.6780471934122236,0.608225806451613,0.8009925558312655,0.8013824884792626,"[[864, 221], [180, 750]]"
hgb_lr0.02_leaf63,sweep,0.7747223255523883,0.608225806451613,0.8009925558312655,0.7994623655913978,"[[889, 196], [205, 725]]"
gb_lr0.03_d3,sweep,0.7046737645236986,0.5967741935483871,0.8009925558312655,0.7974654377880184,"[[915, 170], [231, 699]]"
gnb,sweep,0.9999999999868621,0.6187096774193548,0.8004962779156327,0.8147465437788018,"[[683, 402], [0, 930]]"
gb_lr0.08_d1,sweep,0.4478052558445683,0.6238709677419355,0.8004962779156327,0.8139784946236559,"[[693, 392], [10, 920]]"
hgb_lr0.06_leaf63,sweep,0.3937214104407634,0.6241935483870967,0.8004962779156327,0.8121351766513056,"[[717, 368], [34, 896]]"
gb_lr0.03_d3,sweep,0.4640247388942449,0.6188709677419355,0.8004962779156327,0.8121351766513056,"[[717, 368], [34, 896]]"
"mlp(64, 32)",sweep,0.13959851630330086,0.6161290322580645,0.8004962779156327,0.8121351766513056,"[[717, 368], [34, 896]]"
hgb_lr0.08_leaf63,sweep,0.41563492506425,0.6277419354838709,0.8004962779156327,0.8119815668202766,"[[719, 366], [36, 894]]"
"mlp(128,)",sweep,0.30492125008106225,0.6337096774193548,0.8004962779156327,0.8116743471582182,"[[723, 362], [40, 890]]"
hgb_lr0.02_leaf63,sweep,0.4636394055059629,0.6219354838709678,0.8004962779156327,0.8113671274961598,"[[727, 358], [44, 886]]"
gb_lr0.05_d2,sweep,0.4697306506130483,0.6238709677419355,0.8004962779156327,0.8113671274961598,"[[727, 358], [44, 886]]"
"mlp(64,)",sweep,0.35360773611068724,0.6222580645161291,0.8004962779156327,0.8113671274961598,"[[727, 358], [44, 886]]"
hgb_lr0.04_leaf31,sweep,0.6458513575136893,0.6214516129032258,0.8004962779156327,0.8073732718894009,"[[779, 306], [96, 834]]"
lda,sweep,0.5647191646099091,0.657258064516129,0.8004962779156327,0.8060675883256528,"[[796, 289], [113, 817]]"
gb_lr0.08_d3,sweep,0.6217449677336799,0.6154838709677419,0.8004962779156327,0.8056835637480799,"[[801, 284], [118, 812]]"
gb_lr0.08_d3,sweep,0.627861691241924,0.6148387096774194,0.8004962779156327,0.8052995391705069,"[[806, 279], [123, 807]]"
gb_lr0.05_d3,sweep,0.663917183698748,0.6111290322580645,0.8004962779156327,0.8015360983102919,"[[855, 230], [172, 758]]"
hgb_lr0.04_leaf63,sweep,0.8547752479695693,0.6093548387096774,0.8004962779156327,0.800384024577573,"[[870, 215], [187, 743]]"
gb_lr0.05_d3,sweep,0.6880247459335912,0.6080645161290322,0.8004962779156327,0.8001536098310291,"[[873, 212], [190, 740]]"
gb_lr0.08_d3,sweep,0.6992619622631002,0.6056451612903225,0.8004962779156327,0.8,"[[875, 210], [192, 738]]"
gb_lr0.05_d1,sweep,0.4441986680752109,0.6311290322580645,0.8,0.8142857142857143,"[[682, 403], [0, 930]]"
"mlp(64, 32)",sweep,0.12883776307106012,0.6158064516129033,0.8,0.8119815668202766,"[[712, 373], [30, 900]]"
hgb_lr0.02_leaf31,default_predict,,,0.8,0.8097542242703533,"[[741, 344], [59, 871]]"
hgb_lr0.02_leaf31,sweep,0.5,0.6261290322580645,0.8,0.8097542242703533,"[[741, 344], [59, 871]]"
gb_lr0.05_d3,sweep,0.5247949032496655,0.6179032258064516,0.8,0.8096006144393242,"[[743, 342], [61, 869]]"
hgb_lr0.08_leaf31,sweep,0.5732797245964413,0.6295161290322581,0.8,0.8094470046082949,"[[745, 340], [63, 867]]"
gb_lr0.05_d3,sweep,0.5358001558005709,0.6183870967741936,0.8,0.8089861751152074,"[[751, 334], [69, 861]]"
gb_lr0.08_d2,sweep,0.5080901007057849,0.6262903225806452,0.8,0.8086021505376344,"[[756, 329], [74, 856]]"
hgb_lr0.04_leaf31,sweep,0.6064751985543114,0.6225806451612903,0.8,0.8078341013824885,"[[766, 319], [84, 846]]"
hgb_lr0.04_leaf31,sweep,0.6325251226038989,0.6229032258064516,0.8,0.8071428571428572,"[[775, 310], [93, 837]]"
hgb_lr0.04_leaf31,sweep,0.6730276311861269,0.6209677419354839,0.8,0.806221198156682,"[[787, 298], [105, 825]]"
gb_lr0.08_d3,sweep,0.5998681973805507,0.6161290322580645,0.8,0.806221198156682,"[[787, 298], [105, 825]]"
lda,sweep,0.5612445930480956,0.6580645161290323,0.8,0.8059139784946237,"[[791, 294], [109, 821]]"
hgb_lr0.06_leaf31,sweep,0.7507962361583277,0.6125806451612903,0.8,0.8049155145929339,"[[804, 281], [122, 808]]"
hgb_lr0.06_leaf31,sweep,0.7696471572540018,0.6085483870967742,0.8,0.8040706605222734,"[[815, 270], [133, 797]]"
hgb_lr0.08_leaf31,sweep,0.8416150292664785,0.615,0.8,0.8033026113671276,"[[825, 260], [143, 787]]"
hgb_lr0.06_leaf31,sweep,0.7949236623994496,0.6093548387096774,0.8,0.8029185867895545,"[[830, 255], [148, 782]]"
hgb_lr0.06_leaf31,sweep,0.8024265049420798,0.6096774193548387,0.8,0.8025345622119815,"[[835, 250], [153, 777]]"
"mlp(64, 32)",sweep,0.9483630811214446,0.6179032258064516,0.8,0.8016129032258065,"[[847, 238], [165, 765]]"
gb_lr0.05_d3,sweep,0.6693470019819158,0.6112903225806452,0.8,0.8007680491551459,"[[858, 227], [176, 754]]"
hgb_lr0.04_leaf31,sweep,0.7924151671526416,0.6056451612903225,0.8,0.7994623655913978,"[[875, 210], [193, 737]]"
hgb_lr0.06_leaf63,sweep,0.9424542810683764,0.6080645161290322,0.8,0.7987711213517665,"[[884, 201], [202, 728]]"
hgb_lr0.06_leaf63,sweep,0.944805674583604,0.6083870967741936,0.8,0.7984639016897082,"[[888, 197], [206, 724]]"
hgb_lr0.02_leaf31,sweep,0.7472553018831254,0.5985483870967742,0.8,0.7973886328725038,"[[902, 183], [220, 710]]"
gb_lr0.05_d1,sweep,0.6896997341130232,0.5904838709677419,0.8,0.7940092165898618,"[[946, 139], [264, 666]]"
gb_lr0.08_d2,sweep,0.7271320015815612,0.584516129032258,0.8,0.7935483870967742,"[[952, 133], [270, 660]]"
ada100,sweep,0.5060291727733933,0.5861290322580646,0.8,0.7927035330261136,"[[963, 122], [281, 649]]"
ada100,sweep,0.5062129617842394,0.5866129032258065,0.8,0.7922427035330262,"[[969, 116], [287, 643]]"
hgb_lr0.06_leaf63,sweep,0.3754679678992002,0.6254838709677419,0.7995037220843673,0.8112903225806452,"[[714, 371], [33, 897]]"
hgb_lr0.08_leaf63,sweep,0.3803800084901283,0.6279032258064516,0.7995037220843673,0.8111367127496161,"[[716, 369], [35, 895]]"
gb_lr0.03_d2,sweep,0.46136974098309697,0.6358064516129033,0.7995037220843673,0.8111367127496161,"[[716, 369], [35, 895]]"
gb_lr0.03_d2,sweep,0.462853153061376,0.6356451612903226,0.7995037220843673,0.8110599078341014,"[[717, 368], [36, 894]]"
hgb_lr0.02_leaf63,sweep,0.46173457691928027,0.6219354838709678,0.7995037220843673,0.8104454685099847,"[[725, 360], [44, 886]]"
ada100,sweep,0.5009351749369936,0.6175806451612903,0.7995037220843673,0.8089861751152074,"[[744, 341], [63, 867]]"
hgb_lr0.02_leaf15,sweep,0.5409720891502235,0.6183870967741936,0.7995037220843673,0.8085253456221198,"[[750, 335], [69, 861]]"
gb_lr0.08_d2,sweep,0.5100773500661693,0.6264516129032258,0.7995037220843673,0.8079877112135176,"[[757, 328], [76, 854]]"
hgb_lr0.04_leaf31,sweep,0.6039565234280493,0.6219354838709678,0.7995037220843673,0.8074500768049155,"[[764, 321], [83, 847]]"
hgb_lr0.04_leaf31,sweep,0.6339610400891311,0.6229032258064516,0.7995037220843673,0.8066052227342551,"[[775, 310], [94, 836]]"
gb_lr0.08_d3,sweep,0.5874347545343759,0.6143548387096774,0.7995037220843673,0.8064516129032258,"[[777, 308], [96, 834]]"
hgb_lr0.04_leaf31,sweep,0.6687110365856521,0.6206451612903225,0.7995037220843673,0.805837173579109,"[[785, 300], [104, 826]]"
hgb_lr0.06_leaf31,sweep,0.7087862713907898,0.6138709677419355,0.7995037220843673,0.805837173579109,"[[785, 300], [104, 826]]"
gb_lr0.08_d3,sweep,0.5964509088550775,0.614516129032258,0.7995037220843673,0.805837173579109,"[[785, 300], [104, 826]]"
lda,sweep,0.5535055389881133,0.6582258064516129,0.7995037220843673,0.805837173579109,"[[785, 300], [104, 826]]"
hgb_lr0.06_leaf31,sweep,0.7112289765321642,0.613225806451613,0.7995037220843673,0.8057603686635945,"[[786, 299], [105, 825]]"
hgb_lr0.06_leaf31,sweep,0.7301982295705293,0.6120967741935484,0.7995037220843673,0.8050691244239632,"[[795, 290], [114, 816]]"
hgb_lr0.06_leaf31,sweep,0.7312552600405468,0.6124193548387097,0.7995037220843673,0.8050691244239632,"[[795, 290], [114, 816]]"
gb_lr0.08_d3,sweep,0.6126482482377535,0.6164516129032258,0.7995037220843673,0.8050691244239632,"[[795, 290], [114, 816]]"
hgb_lr0.06_leaf31,sweep,0.7524164256089826,0.612741935483871,0.7995037220843673,0.8043010752688172,"[[805, 280], [124, 806]]"
lda,sweep,0.5729263013839722,0.6561290322580645,0.7995037220843673,0.8043010752688172,"[[805, 280], [124, 806]]"
hgb_lr0.06_leaf31,sweep,0.7662398865459685,0.6091935483870968,0.7995037220843673,0.8036866359447005,"[[813, 272], [132, 798]]"
"mlp(64, 32)",sweep,0.9571664983749391,0.6164516129032258,0.7995037220843673,0.8007680491551459,"[[851, 234], [170, 760]]"
hgb_lr0.08_leaf63,sweep,0.9535217188302644,0.6120967741935484,0.7995037220843673,0.8005376344086022,"[[854, 231], [173, 757]]"
hgb_lr0.08_leaf63,sweep,0.9602771952164755,0.6122580645161291,0.7995037220843673,0.8001536098310291,"[[859, 226], [178, 752]]"
hgb_lr0.04_leaf31,sweep,0.7921836936358005,0.6056451612903225,0.7995037220843673,0.7990015360983103,"[[874, 211], [193, 737]]"
hgb_lr0.04_leaf63,sweep,0.8620595718897577,0.6093548387096774,0.7995037220843673,0.7990015360983103,"[[874, 211], [193, 737]]"
hgb_lr0.02_leaf63,sweep,0.7843337372600779,0.6074193548387097,0.7995037220843673,0.7974654377880184,"[[894, 191], [213, 717]]"
gb_lr0.03_d3,sweep,0.7075233441091185,0.5958064516129032,0.7995037220843673,0.7957757296466974,"[[916, 169], [235, 695]]"
gb_lr0.03_d2,sweep,0.7104527793564581,0.5748387096774193,0.7995037220843673,0.7944700460829492,"[[933, 152], [252, 678]]"
gb_lr0.08_d1,sweep,0.6925450463467732,0.5951612903225807,0.7995037220843673,0.7944700460829492,"[[933, 152], [252, 678]]"
gb_lr0.05_d1,sweep,0.6883594130993015,0.5914516129032258,0.7995037220843673,0.7937019969278034,"[[943, 142], [262, 668]]"
gb_lr0.05_d2,sweep,0.7267660148838787,0.5835483870967741,0.7995037220843673,0.7929339477726575,"[[953, 132], [272, 658]]"
gb_lr0.08_d2,sweep,0.7284372008089326,0.5846774193548387,0.7995037220843673,0.7929339477726575,"[[953, 132], [272, 658]]"
gb_lr0.03_d1,sweep,0.6943636550233668,0.5829032258064516,0.7995037220843673,0.7914746543778802,"[[972, 113], [291, 639]]"
hgb_lr0.08_leaf63,sweep,0.3741853376699685,0.6277419354838709,0.7990074441687345,0.8106758832565284,"[[715, 370], [35, 895]]"
hgb_lr0.04_leaf63,sweep,0.4266720392655612,0.62,0.7990074441687345,0.8102150537634409,"[[721, 364], [41, 889]]"
hgb_lr0.08_leaf31,sweep,0.5823734733733681,0.6288709677419355,0.7990074441687345,0.8083717357910907,"[[745, 340], [65, 865]]"
gb_lr0.08_d3,sweep,0.5707567046961421,0.6151612903225806,0.7990074441687345,0.8068356374807988,"[[765, 320], [85, 845]]"
gb_lr0.08_d3,sweep,0.5775070063855335,0.6156451612903225,0.7990074441687345,0.8066052227342551,"[[768, 317], [88, 842]]"
hgb_lr0.06_leaf31,sweep,0.6946151492974442,0.6159677419354839,0.7990074441687345,0.8057603686635945,"[[779, 306], [99, 831]]"
lda,sweep,0.5519745647907257,0.657258064516129,0.7990074441687345,0.8053763440860215,"[[784, 301], [104, 826]]"
hgb_lr0.06_leaf31,sweep,0.7820374324820046,0.6087096774193549,0.7990074441687345,0.8023041474654378,"[[824, 261], [144, 786]]"
hgb_lr0.08_leaf63,sweep,0.9505360380589102,0.6125806451612903,0.7990074441687345,0.8003072196620584,"[[850, 235], [170, 760]]"
"mlp(64,)",sweep,0.8850963266372681,0.6266129032258064,0.7990074441687345,0.7989247311827957,"[[868, 217], [188, 742]]"
"mlp(128,)",sweep,0.8913560994744301,0.6266129032258064,0.7990074441687345,0.7970814132104456,"[[892, 193], [212, 718]]"
hgb_lr0.02_leaf63,sweep,0.7833782798896607,0.6070967741935483,0.7990074441687345,0.7970046082949309,"[[893, 192], [213, 717]]"
"mlp(128,)",sweep,0.8934457598924638,0.6254838709677419,0.7990074441687345,0.7970046082949309,"[[893, 192], [213, 717]]"
hgb_lr0.02_leaf31,sweep,0.7480754083346082,0.5979032258064516,0.7990074441687345,0.796236559139785,"[[903, 182], [223, 707]]"
gb_lr0.08_d1,sweep,0.6972893954680169,0.5937096774193549,0.7990074441687345,0.7935483870967741,"[[938, 147], [258, 672]]"
ada100,sweep,0.5063550170713274,0.5869354838709677,0.7990074441687345,0.790937019969278,"[[972, 113], [292, 638]]"
gb_lr0.03_d1,sweep,0.6950593282107013,0.582258064516129,0.7990074441687345,0.7907834101382488,"[[974, 111], [294, 636]]"
gb_lr0.03_d1,sweep,0.46486180869284205,0.6379032258064516,0.7985111662531017,0.8129032258064517,"[[679, 406], [0, 930]]"
hgb_lr0.02_leaf63,sweep,0.44758427849883403,0.6203225806451613,0.7985111662531017,0.8096774193548387,"[[721, 364], [42, 888]]"
gb_lr0.05_d2,sweep,0.4634919603877268,0.6230645161290322,0.7985111662531017,0.8096774193548387,"[[721, 364], [42, 888]]"
hgb_lr0.02_leaf15,sweep,0.5334071804027916,0.6196774193548387,0.7985111662531017,0.8079877112135176,"[[743, 342], [64, 866]]"
hgb_lr0.04_leaf31,sweep,0.5860131398537312,0.6209677419354839,0.7985111662531017,0.8069124423963134,"[[757, 328], [78, 852]]"
hgb_lr0.06_leaf31,sweep,0.6412030432734883,0.6211290322580645,0.7985111662531017,0.8067588325652841,"[[759, 326], [80, 850]]"
gb_lr0.08_d3,sweep,0.5824378127082479,0.6151612903225806,0.7985111662531017,0.8056067588325653,"[[774, 311], [95, 835]]"
gb_lr0.08_d3,sweep,0.609583411495808,0.6166129032258064,0.7985111662531017,0.8043010752688171,"[[791, 294], [112, 818]]"
lda,sweep,0.5799664313793182,0.6556451612903226,0.7985111662531017,0.8029953917050692,"[[808, 277], [129, 801]]"
hgb_lr0.08_leaf31,sweep,0.8500995987743819,0.6140322580645161,0.7985111662531017,0.8014592933947773,"[[828, 257], [149, 781]]"
"mlp(64, 32)",sweep,0.9619204364299769,0.6158064516129033,0.7985111662531017,0.7995391705069124,"[[853, 232], [174, 756]]"
"mlp(64, 32)",sweep,0.10755319360196598,0.6153225806451613,0.798014888337469,0.8105222734254993,"[[703, 382], [25, 905]]"
"mlp(64,)",sweep,0.34109051146507263,0.6217741935483871,0.798014888337469,0.809062980030722,"[[722, 363], [44, 886]]"
ada100,sweep,0.500624592655466,0.6170967741935484,0.798014888337469,0.8085253456221198,"[[729, 356], [51, 879]]"
ada100,sweep,0.5009690564896393,0.6172580645161291,0.798014888337469,0.8073732718894009,"[[744, 341], [66, 864]]"
gb_lr0.08_d2,sweep,0.5015018182435894,0.6275806451612903,0.798014888337469,0.8072196620583718,"[[746, 339], [68, 862]]"
hgb_lr0.04_leaf31,sweep,0.5796803295889458,0.6204838709677419,0.798014888337469,0.8066052227342551,"[[754, 331], [76, 854]]"
gb_lr0.08_d3,sweep,0.5607321413714144,0.6175806451612903,0.798014888337469,0.8066052227342551,"[[754, 331], [76, 854]]"
gb_lr0.08_d3,sweep,0.5687652595362841,0.6151612903225806,0.798014888337469,0.8059907834101383,"[[762, 323], [84, 846]]"
hgb_lr0.04_leaf31,sweep,0.6595974598607449,0.6204838709677419,0.798014888337469,0.8044546850998464,"[[782, 303], [104, 826]]"
hgb_lr0.06_leaf31,sweep,0.7797686985110115,0.6088709677419355,0.798014888337469,0.8014592933947773,"[[821, 264], [143, 787]]"
hgb_lr0.04_leaf63,sweep,0.8658749113689529,0.6101612903225806,0.798014888337469,0.7972350230414746,"[[876, 209], [198, 732]]"
hgb_lr0.06_leaf63,sweep,0.9479149025227417,0.6074193548387097,0.798014888337469,0.7960061443932411,"[[892, 193], [214, 716]]"
gb_lr0.08_d2,sweep,0.7364176909272433,0.5830645161290322,0.798014888337469,0.7907834101382489,"[[960, 125], [282, 648]]"
gb_lr0.03_d1,sweep,0.696848911647268,0.5803225806451613,0.798014888337469,0.7891705069124424,"[[981, 104], [303, 627]]"
gb_lr0.08_d1,sweep,0.441680211425975,0.6230645161290322,0.7975186104218362,0.8112135176651305,"[[687, 398], [10, 920]]"
"mlp(64, 32)",sweep,0.1162557466268542,0.615,0.7975186104218362,0.8099078341013826,"[[704, 381], [27, 903]]"
hgb_lr0.02_leaf31,sweep,0.4920208675775604,0.6258064516129033,0.7975186104218362,0.8075268817204301,"[[735, 350], [58, 872]]"
hgb_lr0.08_leaf31,sweep,0.5545965268473382,0.6309677419354839,0.7975186104218362,0.8072964669738864,"[[738, 347], [61, 869]]"
hgb_lr0.04_leaf31,sweep,0.5672960426084056,0.6201612903225806,0.7975186104218362,0.8063748079877112,"[[750, 335], [73, 857]]"
gb_lr0.08_d3,sweep,0.5573484053469103,0.618225806451613,0.7975186104218362,0.8062980030721967,"[[751, 334], [74, 856]]"
hgb_lr0.04_leaf15,sweep,0.5728552985609953,0.6190322580645161,0.7975186104218362,0.8060675883256528,"[[754, 331], [77, 853]]"
hgb_lr0.06_leaf31,sweep,0.6863618136392786,0.6167741935483871,0.7975186104218362,0.8046082949308755,"[[773, 312], [96, 834]]"
hgb_lr0.02_leaf15,sweep,0.6745725598388564,0.5969354838709677,0.7975186104218362,0.7977726574500767,"[[862, 223], [185, 745]]"
hgb_lr0.02_leaf15,sweep,0.6770060760398954,0.5967741935483871,0.7975186104218362,0.7974654377880184,"[[866, 219], [189, 741]]"
gb_lr0.08_d3,sweep,0.7088573307187379,0.6019354838709677,0.7975186104218362,0.7964669738863288,"[[879, 206], [202, 728]]"
hgb_lr0.06_leaf63,sweep,0.9521391993214198,0.6079032258064516,0.7975186104218362,0.7950076804915515,"[[898, 187], [221, 709]]"
gb_lr0.03_d2,sweep,0.713298478975551,0.575,0.7975186104218362,0.7919354838709678,"[[938, 147], [261, 669]]"
gb_lr0.05_d1,sweep,0.6935914284874888,0.5887096774193549,0.7975186104218362,0.790937019969278,"[[951, 134], [274, 656]]"
gb_lr0.05_d1,sweep,0.694049396910581,0.5883870967741935,0.7975186104218362,0.7908602150537635,"[[952, 133], [275, 655]]"
ada100,sweep,0.5064751875087709,0.5864516129032258,0.7975186104218362,0.7890168970814132,"[[976, 109], [299, 631]]"
hgb_lr0.06_leaf63,sweep,0.3410019832534662,0.6237096774193548,0.7970223325062035,0.809062980030722,"[[708, 377], [32, 898]]"
"mlp(128,)",sweep,0.28080571603775023,0.6319354838709678,0.7970223325062035,0.8085253456221198,"[[715, 370], [39, 891]]"
hgb_lr0.02_leaf31,sweep,0.4888776394261606,0.6258064516129033,0.7970223325062035,0.8071428571428572,"[[733, 352], [57, 873]]"
gb_lr0.05_d3,sweep,0.5146870032837926,0.6185483870967742,0.7970223325062035,0.8071428571428572,"[[733, 352], [57, 873]]"
gb_lr0.05_d3,sweep,0.5147020473681273,0.6183870967741936,0.7970223325062035,0.8071428571428572,"[[733, 352], [57, 873]]"
gb_lr0.08_d2,sweep,0.4945835400395,0.6264516129032258,0.7970223325062035,0.8066052227342551,"[[740, 345], [64, 866]]"
hgb_lr0.02_leaf15,sweep,0.5345289397394828,0.6191935483870967,0.7970223325062035,0.8063748079877112,"[[743, 342], [67, 863]]"
gb_lr0.08_d2,default_predict,,,0.7970223325062035,0.8063748079877112,"[[743, 342], [67, 863]]"
gb_lr0.08_d2,sweep,0.49998504118555825,0.6274193548387097,0.7970223325062035,0.8063748079877112,"[[743, 342], [67, 863]]"
gb_lr0.08_d2,sweep,0.5,0.6274193548387097,0.7970223325062035,0.8063748079877112,"[[743, 342], [67, 863]]"
hgb_lr0.04_leaf15,sweep,0.5604987072644416,0.6204838709677419,0.7970223325062035,0.8059907834101383,"[[748, 337], [72, 858]]"
hgb_lr0.04_leaf15,sweep,0.571698966257664,0.6193548387096774,0.7970223325062035,0.8056067588325653,"[[753, 332], [77, 853]]"
hgb_lr0.08_leaf63,sweep,0.9653849739347867,0.612741935483871,0.7970223325062035,0.7968509984639017,"[[867, 218], [191, 739]]"
"mlp(64,)",sweep,0.8933719882845879,0.6258064516129033,0.7970223325062035,0.7965437788018432,"[[871, 214], [195, 735]]"
hgb_lr0.04_leaf31,sweep,0.8053056492559767,0.6029032258064516,0.7970223325062035,0.7957757296466974,"[[881, 204], [205, 725]]"
"mlp(128,)",sweep,0.9012185795783997,0.6229032258064516,0.7970223325062035,0.7946236559139785,"[[896, 189], [220, 710]]"
hgb_lr0.06_leaf63,sweep,0.9545319805190462,0.6074193548387097,0.7970223325062035,0.7942396313364055,"[[901, 184], [225, 705]]"
gb_lr0.08_d2,sweep,0.7367304211884362,0.5832258064516129,0.7970223325062035,0.7897081413210445,"[[960, 125], [284, 646]]"
gb_lr0.03_d1,sweep,0.7022378702335554,0.5788709677419355,0.7970223325062035,0.7867127496159754,"[[999, 86], [323, 607]]"
gb_lr0.03_d1,sweep,0.45928527854297224,0.6377419354838709,0.7965260545905707,0.8110599078341014,"[[675, 410], [0, 930]]"
lda,sweep,0.465145452696085,0.645483870967742,0.7965260545905707,0.8064516129032258,"[[735, 350], [60, 870]]"
hgb_lr0.06_leaf31,sweep,0.6757104682757601,0.6172580645161291,0.7965260545905707,0.8039938556067588,"[[767, 318], [92, 838]]"
hgb_lr0.06_leaf31,sweep,0.8093013278039739,0.6088709677419355,0.7965260545905707,0.7984639016897082,"[[839, 246], [164, 766]]"
"mlp(64, 32)",sweep,0.9642757437229157,0.6153225806451613,0.7965260545905707,0.7973886328725038,"[[853, 232], [178, 752]]"
hgb_lr0.08_leaf63,sweep,0.9619891524302419,0.6119354838709677,0.7965260545905707,0.7967741935483872,"[[861, 224], [186, 744]]"
hgb_lr0.08_leaf63,sweep,0.9690267189984254,0.6124193548387097,0.7965260545905707,0.7960061443932411,"[[871, 214], [196, 734]]"
"mlp(64,)",sweep,0.8936760561943052,0.6256451612903225,0.7965260545905707,0.7960061443932411,"[[871, 214], [196, 734]]"
hgb_lr0.04_leaf31,sweep,0.8054226884332113,0.6025806451612903,0.7965260545905707,0.7952380952380952,"[[881, 204], [206, 724]]"
hgb_lr0.04_leaf63,sweep,0.8811082758658094,0.6083870967741936,0.7965260545905707,0.7946236559139785,"[[889, 196], [214, 716]]"
gb_lr0.05_d3,sweep,0.7072048466246398,0.6062903225806452,0.7965260545905707,0.7945468509984639,"[[890, 195], [215, 715]]"
hgb_lr0.04_leaf63,sweep,0.8919327080906932,0.6066129032258064,0.7965260545905707,0.7940860215053763,"[[896, 189], [221, 709]]"
gb_lr0.08_d1,sweep,0.6991938852835038,0.592741935483871,0.7965260545905707,0.7907066052227343,"[[940, 145], [265, 665]]"
gnb,sweep,0.9999999998307089,0.62,0.796029776674938,0.8105990783410137,"[[674, 411], [0, 930]]"
hgb_lr0.08_leaf63,sweep,0.3368673201107065,0.6285483870967742,0.796029776674938,0.8079109062980031,"[[709, 376], [35, 895]]"
hgb_lr0.04_leaf63,sweep,0.4031920989729886,0.6195161290322581,0.796029776674938,0.8076036866359446,"[[713, 372], [39, 891]]"
ada100,sweep,0.500521284690251,0.6175806451612903,0.796029776674938,0.8069124423963134,"[[722, 363], [48, 882]]"
hgb_lr0.08_leaf31,sweep,0.5389413452229581,0.6293548387096775,0.796029776674938,0.8061443932411674,"[[732, 353], [58, 872]]"
lda,sweep,0.46074965385198596,0.645483870967742,0.796029776674938,0.8061443932411674,"[[732, 353], [58, 872]]"
hgb_lr0.04_leaf31,sweep,0.5437141207362974,0.6206451612903225,0.796029776674938,0.8053763440860215,"[[742, 343], [68, 862]]"
hgb_lr0.04_leaf31,sweep,0.549749228499246,0.6196774193548387,0.796029776674938,0.8052227342549922,"[[744, 341], [70, 860]]"
hgb_lr0.06_leaf31,sweep,0.6261772233576731,0.6225806451612903,0.796029776674938,0.8046082949308756,"[[752, 333], [78, 852]]"
hgb_lr0.04_leaf15,sweep,0.583414106739349,0.6175806451612903,0.796029776674938,0.8039938556067587,"[[760, 325], [86, 844]]"
hgb_lr0.06_leaf31,sweep,0.6667308076915043,0.618225806451613,0.796029776674938,0.8038402457757297,"[[762, 323], [88, 842]]"
hgb_lr0.04_leaf15,sweep,0.5951286402774653,0.6146774193548387,0.796029776674938,0.8034562211981566,"[[767, 318], [93, 837]]"
hgb_lr0.08_leaf31,sweep,0.8563843574078496,0.615,0.796029776674938,0.7985407066052228,"[[831, 254], [157, 773]]"
hgb_lr0.02_leaf15,sweep,0.6859688029572114,0.5937096774193549,0.796029776674938,0.7953149001536098,"[[873, 212], [199, 731]]"
hgb_lr0.04_leaf63,sweep,0.8698426740978266,0.6101612903225806,0.796029776674938,0.7947772657450076,"[[880, 205], [206, 724]]"
hgb_lr0.04_leaf63,sweep,0.8835969831377957,0.607741935483871,0.796029776674938,0.7940092165898618,"[[890, 195], [216, 714]]"
gb_lr0.05_d3,sweep,0.7074316183497796,0.6061290322580645,0.796029776674938,0.7940092165898618,"[[890, 195], [216, 714]]"
hgb_lr0.04_leaf63,sweep,0.8988537077423573,0.6058064516129033,0.796029776674938,0.7932411674347157,"[[900, 185], [226, 704]]"
hgb_lr0.02_leaf31,sweep,0.7557348499181279,0.5972580645161291,0.796029776674938,0.7924731182795699,"[[910, 175], [236, 694]]"
hgb_lr0.06_leaf63,sweep,0.9584647058667058,0.6067741935483871,0.796029776674938,0.7924731182795699,"[[910, 175], [236, 694]]"
gb_lr0.05_d2,sweep,0.7317688646412444,0.5812903225806452,0.796029776674938,0.7890168970814132,"[[955, 130], [281, 649]]"
ada100,sweep,0.5065800389865626,0.585,0.796029776674938,0.7871735791090629,"[[979, 106], [305, 625]]"
gb_lr0.03_d1,sweep,0.6989224032680111,0.5791935483870968,0.796029776674938,0.7865591397849463,"[[987, 98], [313, 617]]"
gb_lr0.03_d1,sweep,0.7000973355101464,0.5791935483870968,0.796029776674938,0.786405529953917,"[[989, 96], [315, 615]]"
gb_lr0.05_d1,sweep,0.438647581673232,0.6262903225806452,0.7955334987593052,0.8101382488479263,"[[673, 412], [0, 930]]"
gnb,sweep,0.9999999985064154,0.6179032258064516,0.7955334987593052,0.8101382488479263,"[[673, 412], [0, 930]]"
"mlp(128,)",sweep,0.2592618550658226,0.6301612903225806,0.7955334987593052,0.8076804915514593,"[[705, 380], [32, 898]]"
gb_lr0.03_d3,sweep,0.458249047634639,0.6187096774193548,0.7955334987593052,0.8075268817204302,"[[707, 378], [34, 896]]"
hgb_lr0.04_leaf63,sweep,0.39746267385266254,0.6206451612903225,0.7955334987593052,0.8071428571428572,"[[712, 373], [39, 891]]"
gb_lr0.05_d2,sweep,0.45541887427952565,0.6222580645161291,0.7955334987593052,0.8071428571428572,"[[712, 373], [39, 891]]"
gb_lr0.05_d2,sweep,0.45612777222032413,0.6222580645161291,0.7955334987593052,0.8071428571428572,"[[712, 373], [39, 891]]"
"mlp(128,)",sweep,0.27735255434513084,0.6312903225806452,0.7955334987593052,0.8071428571428572,"[[712, 373], [39, 891]]"
hgb_lr0.02_leaf31,sweep,0.4722909544103353,0.6269354838709678,0.7955334987593052,0.8063748079877112,"[[722, 363], [49, 881]]"
hgb_lr0.02_leaf31,sweep,0.4783071788367174,0.6262903225806452,0.7955334987593052,0.8061443932411674,"[[725, 360], [52, 878]]"
gb_lr0.05_d3,sweep,0.5045390027732383,0.6201612903225806,0.7955334987593052,0.8059139784946237,"[[728, 357], [55, 875]]"
lda,sweep,0.45733668345212936,0.645,0.7955334987593052,0.8057603686635945,"[[730, 355], [57, 873]]"
hgb_lr0.02_leaf15,sweep,0.5238611278692819,0.6188709677419355,0.7955334987593052,0.8052995391705069,"[[736, 349], [63, 867]]"
hgb_lr0.06_leaf31,sweep,0.6597005955239093,0.6190322580645161,0.7955334987593052,0.8035330261136713,"[[759, 326], [86, 844]]"
hgb_lr0.04_leaf15,sweep,0.5992268191573104,0.6143548387096774,0.7955334987593052,0.8026113671274961,"[[771, 314], [98, 832]]"
hgb_lr0.06_leaf31,sweep,0.8118766585651325,0.6093548387096774,0.7955334987593052,0.7973118279569893,"[[840, 245], [167, 763]]"
hgb_lr0.06_leaf31,sweep,0.825654080001233,0.6091935483870968,0.7955334987593052,0.7965437788018433,"[[850, 235], [177, 753]]"
"mlp(64, 32)",sweep,0.97114228682518,0.6138709677419355,0.7955334987593052,0.7957757296466974,"[[860, 225], [187, 743]]"
hgb_lr0.02_leaf15,sweep,0.6925804212100244,0.5904838709677419,0.7955334987593052,0.7943164362519202,"[[879, 206], [206, 724]]"
hgb_lr0.02_leaf63,sweep,0.7931565174678247,0.6085483870967742,0.7955334987593052,0.7927803379416283,"[[899, 186], [226, 704]]"
hgb_lr0.06_leaf63,sweep,0.9580201343949138,0.6072580645161291,0.7955334987593052,0.7920890937019969,"[[908, 177], [235, 695]]"
gb_lr0.03_d3,sweep,0.7138887734371036,0.5941935483870968,0.7955334987593052,0.7912442396313364,"[[919, 166], [246, 684]]"
gb_lr0.03_d2,sweep,0.7154647271641437,0.5751612903225807,0.7955334987593052,0.7897081413210445,"[[939, 146], [266, 664]]"
gb_lr0.08_d2,sweep,0.7457898362760893,0.5808064516129032,0.7955334987593052,0.7876344086021505,"[[966, 119], [293, 637]]"
gb_lr0.03_d1,sweep,0.4548908395849935,0.6374193548387097,0.7950372208436725,0.8096774193548387,"[[672, 413], [0, 930]]"
gb_lr0.05_d1,sweep,0.437712121480203,0.6261290322580645,0.7950372208436725,0.8096774193548387,"[[672, 413], [0, 930]]"
gnb,sweep,0.9999999936861429,0.615,0.7950372208436725,0.8096774193548387,"[[672, 413], [0, 930]]"
gb_lr0.08_d1,sweep,0.4400538674324529,0.6237096774193548,0.7950372208436725,0.8089093701996928,"[[682, 403], [10, 920]]"
gb_lr0.03_d2,sweep,0.45622351246360004,0.6335483870967742,0.7950372208436725,0.8070660522273425,"[[706, 379], [34, 896]]"
gb_lr0.05_d3,default_predict,,,0.7950372208436725,0.8055299539170506,"[[726, 359], [54, 876]]"
gb_lr0.05_d3,sweep,0.5,0.6204838709677419,0.7950372208436725,0.8055299539170506,"[[726, 359], [54, 876]]"
hgb_lr0.02_leaf15,sweep,0.5167644028221273,0.6206451612903225,0.7950372208436725,0.8052227342549922,"[[730, 355], [58, 872]]"
ada100,sweep,0.5007480623624948,0.6183870967741936,0.7950372208436725,0.8052227342549922,"[[730, 355], [58, 872]]"
ada100,sweep,0.50074931078272,0.618225806451613,0.7950372208436725,0.8052227342549922,"[[730, 355], [58, 872]]"
hgb_lr0.02_leaf15,sweep,0.5183592511052543,0.62,0.7950372208436725,0.8051459293394777,"[[731, 354], [59, 871]]"
hgb_lr0.04_leaf15,sweep,0.5501961973949994,0.62,0.7950372208436725,0.8043778801843318,"[[741, 344], [69, 861]]"
gb_lr0.08_d3,sweep,0.545124544500559,0.6190322580645161,0.7950372208436725,0.8043778801843318,"[[741, 344], [69, 861]]"
gb_lr0.08_d3,sweep,0.5454188523951863,0.6188709677419355,0.7950372208436725,0.8043778801843318,"[[741, 344], [69, 861]]"
hgb_lr0.04_leaf15,sweep,0.5843205976194905,0.6172580645161291,0.7950372208436725,0.8028417818740399,"[[761, 324], [89, 841]]"
hgb_lr0.08_leaf15,sweep,0.7041192074995164,0.6159677419354839,0.7950372208436725,0.7995391705069124,"[[804, 281], [132, 798]]"
hgb_lr0.02_leaf15,sweep,0.6935532675330311,0.59,0.7950372208436725,0.7937788018433181,"[[879, 206], [207, 723]]"
gb_lr0.08_d3,sweep,0.7122991410069387,0.6004838709677419,0.7950372208436725,0.7937788018433181,"[[879, 206], [207, 723]]"
hgb_lr0.02_leaf63,sweep,0.7936792521130377,0.6083870967741936,0.7950372208436725,0.7922427035330262,"[[899, 186], [227, 703]]"
"mlp(128,)",sweep,0.9048472469329834,0.6238709677419355,0.7950372208436725,0.7922427035330262,"[[899, 186], [227, 703]]"
"mlp(128,)",sweep,0.9095753419995307,0.6240322580645161,0.7950372208436725,0.7918586789554531,"[[904, 181], [232, 698]]"
"mlp(64,)",sweep,0.311304567492008,0.6208064516129033,0.7945409429280397,0.8061443932411674,"[[711, 374], [40, 890]]"
"mlp(64,)",sweep,0.3138495426774025,0.6203225806451613,0.7945409429280397,0.8061443932411674,"[[711, 374], [40, 890]]"
hgb_lr0.02_leaf63,sweep,0.4301393697601943,0.6204838709677419,0.7945409429280397,0.8060675883256528,"[[712, 373], [41, 889]]"
gb_lr0.05_d3,sweep,0.4979513259220192,0.62,0.7945409429280397,0.8053763440860215,"[[721, 364], [50, 880]]"
hgb_lr0.08_leaf31,sweep,0.527275266698064,0.6279032258064516,0.7945409429280397,0.8047619047619048,"[[729, 356], [58, 872]]"
hgb_lr0.04_leaf15,sweep,0.5477342054076788,0.6206451612903225,0.7945409429280397,0.8039938556067588,"[[739, 346], [68, 862]]"
hgb_lr0.06_leaf31,sweep,0.6200600931504102,0.6232258064516129,0.7945409429280397,0.8033026113671276,"[[748, 337], [77, 853]]"
hgb_lr0.04_leaf15,sweep,0.6113098148683586,0.6138709677419355,0.7945409429280397,0.8008448540706605,"[[780, 305], [109, 821]]"
hgb_lr0.04_leaf15,sweep,0.6253118113149866,0.612741935483871,0.7945409429280397,0.8000768049155146,"[[790, 295], [119, 811]]"
hgb_lr0.04_leaf15,sweep,0.6263291677975358,0.6125806451612903,0.7945409429280397,0.8000768049155146,"[[790, 295], [119, 811]]"
lda,sweep,0.5971461241841316,0.6559677419354839,0.7945409429280397,0.798310291858679,"[[813, 272], [142, 788]]"
hgb_lr0.06_leaf31,sweep,0.8232679921957586,0.6090322580645161,0.7945409429280397,0.7956221198156682,"[[848, 237], [177, 753]]"
hgb_lr0.02_leaf15,sweep,0.682084839737108,0.5959677419354839,0.7945409429280397,0.7940092165898618,"[[869, 216], [198, 732]]"
hgb_lr0.04_leaf31,sweep,0.8140785979235174,0.6001612903225807,0.7945409429280397,0.7927035330261136,"[[886, 199], [215, 715]]"
gb_lr0.08_d3,sweep,0.7484673905049738,0.5940322580645161,0.7945409429280397,0.7907066052227343,"[[912, 173], [241, 689]]"
gb_lr0.08_d3,sweep,0.7601576363921722,0.5924193548387097,0.7945409429280397,0.7894777265745008,"[[928, 157], [257, 673]]"
gb_lr0.03_d2,sweep,0.717610657076921,0.5732258064516129,0.7945409429280397,0.7883256528417819,"[[943, 142], [272, 658]]"
gb_lr0.03_d2,sweep,0.7200944157996636,0.5725806451612904,0.7945409429280397,0.7879416282642089,"[[948, 137], [277, 653]]"
ada100,sweep,0.5067162374638119,0.582258064516129,0.7945409429280397,0.7851766513056836,"[[984, 101], [313, 617]]"
gb_lr0.03_d1,sweep,0.7033637170606969,0.5779032258064516,0.7945409429280397,0.7838709677419355,"[[1001, 84], [330, 600]]"
hgb_lr0.06_leaf63,sweep,0.31501117519714605,0.6216129032258064,0.794044665012407,0.8063748079877112,"[[701, 384], [31, 899]]"
hgb_lr0.02_leaf15,sweep,0.5098508674990483,0.6217741935483871,0.794044665012407,0.8047619047619048,"[[722, 363], [52, 878]]"
hgb_lr0.06_leaf31,sweep,0.5497569902067333,0.6222580645161291,0.794044665012407,0.8044546850998464,"[[726, 359], [56, 874]]"
gb_lr0.08_d2,sweep,0.4863043678648952,0.6259677419354839,0.794044665012407,0.804147465437788,"[[730, 355], [60, 870]]"
gb_lr0.08_d2,sweep,0.4866198086044889,0.6256451612903225,0.794044665012407,0.8040706605222734,"[[731, 354], [61, 869]]"
hgb_lr0.06_leaf15,sweep,0.6310718307511576,0.6159677419354839,0.794044665012407,0.8013824884792626,"[[766, 319], [96, 834]]"
hgb_lr0.06_leaf15,sweep,0.6421542478316318,0.614516129032258,0.794044665012407,0.8008448540706605,"[[773, 312], [103, 827]]"
lda,sweep,0.5874117108583451,0.6546774193548387,0.794044665012407,0.7980798771121351,"[[809, 276], [139, 791]]"
hgb_lr0.08_leaf63,sweep,0.9718514338167553,0.6116129032258064,0.794044665012407,0.793010752688172,"[[875, 210], [205, 725]]"
gb_lr0.08_d3,sweep,0.7186813896737215,0.5985483870967742,0.794044665012407,0.7923195084485407,"[[884, 201], [214, 716]]"
gb_lr0.08_d3,sweep,0.7240621671153765,0.5974193548387097,0.794044665012407,0.7920122887864823,"[[888, 197], [218, 712]]"
gb_lr0.05_d3,sweep,0.7177341444182732,0.6053225806451613,0.794044665012407,0.7912442396313364,"[[898, 187], [228, 702]]"
gb_lr0.08_d3,sweep,0.7335081461494539,0.5972580645161291,0.794044665012407,0.7912442396313364,"[[898, 187], [228, 702]]"
"mlp(128,)",sweep,0.9134784883499145,0.6240322580645161,0.794044665012407,0.7904761904761906,"[[908, 177], [238, 692]]"
hgb_lr0.02_leaf31,sweep,0.7584508656758469,0.5970967741935483,0.794044665012407,0.7899385560675883,"[[915, 170], [245, 685]]"
gb_lr0.05_d2,sweep,0.7362459030475806,0.5798387096774194,0.794044665012407,0.7867127496159754,"[[957, 128], [287, 643]]"
gb_lr0.08_d2,sweep,0.7493997787222536,0.5785483870967741,0.794044665012407,0.7859447004608295,"[[967, 118], [297, 633]]"
gnb,sweep,0.9999997261732101,0.6124193548387097,0.7935483870967742,0.808294930875576,"[[669, 416], [0, 930]]"
gnb,sweep,0.9999999773141295,0.6141935483870967,0.7935483870967742,0.808294930875576,"[[669, 416], [0, 930]]"
hgb_lr0.06_leaf63,sweep,0.302787892618464,0.6233870967741936,0.7935483870967742,0.8059139784946237,"[[700, 385], [31, 899]]"
"mlp(128,)",sweep,0.25115963621139525,0.6290322580645161,0.7935483870967742,0.8059139784946237,"[[700, 385], [31, 899]]"
gb_lr0.03_d3,sweep,0.4510920188680657,0.6180645161290322,0.7935483870967742,0.8057603686635945,"[[702, 383], [33, 897]]"
hgb_lr0.04_leaf63,sweep,0.37416886477196354,0.62,0.7935483870967742,0.8056835637480799,"[[703, 382], [34, 896]]"
"mlp(64,)",sweep,0.2893686178803444,0.6185483870967742,0.7935483870967742,0.8053763440860215,"[[707, 378], [38, 892]]"
hgb_lr0.02_leaf63,sweep,0.4274449588748281,0.6203225806451613,0.7935483870967742,0.8051459293394778,"[[710, 375], [41, 889]]"
hgb_lr0.02_leaf15,default_predict,,,0.7935483870967742,0.8046850998463901,"[[716, 369], [47, 883]]"
hgb_lr0.02_leaf15,sweep,0.5,0.6232258064516129,0.7935483870967742,0.8046850998463901,"[[716, 369], [47, 883]]"
ada100,sweep,0.5004410331169762,0.6169354838709677,0.7935483870967742,0.8046850998463901,"[[716, 369], [47, 883]]"
hgb_lr0.02_leaf15,sweep,0.5011686662364265,0.6230645161290322,0.7935483870967742,0.8046082949308755,"[[717, 368], [48, 882]]"
gb_lr0.05_d3,sweep,0.4950644315976326,0.6201612903225806,0.7935483870967742,0.804531490015361,"[[718, 367], [49, 881]]"
hgb_lr0.02_leaf15,sweep,0.5063642279512875,0.6214516129032258,0.7935483870967742,0.8043778801843318,"[[720, 365], [51, 879]]"
hgb_lr0.06_leaf31,sweep,0.5161038627742229,0.6206451612903225,0.7935483870967742,0.8043778801843318,"[[720, 365], [51, 879]]"
lda,sweep,0.4486561884045601,0.6466129032258064,0.7935483870967742,0.804147465437788,"[[723, 362], [54, 876]]"
gb_lr0.08_d2,sweep,0.47710266762102665,0.627258064516129,0.7935483870967742,0.8039938556067588,"[[725, 360], [56, 874]]"
hgb_lr0.06_leaf15,sweep,0.6376215538516944,0.6162903225806452,0.7935483870967742,0.8006144393241168,"[[769, 316], [100, 830]]"
hgb_lr0.08_leaf15,sweep,0.6989613309618592,0.6156451612903225,0.7935483870967742,0.798310291858679,"[[799, 286], [130, 800]]"
hgb_lr0.08_leaf15,sweep,0.7182865085167288,0.6146774193548387,0.7935483870967742,0.7973886328725038,"[[811, 274], [142, 788]]"
hgb_lr0.06_leaf31,sweep,0.8364550688942932,0.6083870967741936,0.7935483870967742,0.7939324116743471,"[[856, 229], [187, 743]]"
"mlp(64, 32)",sweep,0.9722389784097671,0.6130645161290322,0.7935483870967742,0.7935483870967742,"[[861, 224], [192, 738]]"
hgb_lr0.04_leaf31,sweep,0.8228313215533444,0.5975806451612903,0.7935483870967742,0.7910906298003072,"[[893, 192], [224, 706]]"
gb_lr0.08_d3,sweep,0.7311462729977664,0.5979032258064516,0.7935483870967742,0.7908602150537634,"[[896, 189], [227, 703]]"
gb_lr0.05_d3,sweep,0.7180675173934623,0.6051612903225806,0.7935483870967742,0.7907066052227343,"[[898, 187], [229, 701]]"
hgb_lr0.04_leaf63,sweep,0.9007876517796652,0.6059677419354839,0.7935483870967742,0.790552995391705,"[[900, 185], [231, 699]]"
hgb_lr0.02_leaf63,sweep,0.8027210169084464,0.6066129032258064,0.7935483870967742,0.7901689708141322,"[[905, 180], [236, 694]]"
gb_lr0.08_d3,sweep,0.753263143041705,0.5935483870967742,0.7935483870967742,0.789247311827957,"[[917, 168], [248, 682]]"
gb_lr0.03_d3,sweep,0.7151582180763502,0.5937096774193549,0.7935483870967742,0.7890937019969277,"[[919, 166], [250, 680]]"
gb_lr0.08_d3,sweep,0.7577904108234744,0.5925806451612903,0.7935483870967742,0.7887096774193548,"[[924, 161], [255, 675]]"
gb_lr0.03_d1,sweep,0.45284310601075944,0.6369354838709678,0.7930521091811414,0.8078341013824885,"[[668, 417], [0, 930]]"
hgb_lr0.08_leaf63,sweep,0.2931464032311409,0.6280645161290322,0.7930521091811414,0.8052995391705069,"[[701, 384], [33, 897]]"
hgb_lr0.02_leaf63,sweep,0.4138387223403202,0.6216129032258064,0.7930521091811414,0.8050691244239632,"[[704, 381], [36, 894]]"
gb_lr0.05_d2,sweep,0.4470421272823973,0.6225806451612903,0.7930521091811414,0.8049923195084485,"[[705, 380], [37, 893]]"
hgb_lr0.02_leaf31,sweep,0.46633449576980074,0.6280645161290322,0.7930521091811414,0.804147465437788,"[[716, 369], [48, 882]]"
hgb_lr0.06_leaf31,sweep,0.5238897942515196,0.6214516129032258,0.7930521091811414,0.803763440860215,"[[721, 364], [53, 877]]"
gb_lr0.08_d2,sweep,0.46666357294307464,0.6222580645161291,0.7930521091811414,0.803763440860215,"[[721, 364], [53, 877]]"
hgb_lr0.08_leaf31,sweep,0.5028343384804103,0.6288709677419355,0.7930521091811414,0.8035330261136713,"[[724, 361], [56, 874]]"
hgb_lr0.04_leaf31,sweep,0.5166065770714428,0.6206451612903225,0.7930521091811414,0.8031490015360983,"[[729, 356], [61, 869]]"
hgb_lr0.04_leaf31,sweep,0.5310663009770809,0.6208064516129033,0.7930521091811414,0.8027649769585254,"[[734, 351], [66, 864]]"
hgb_lr0.04_leaf15,sweep,0.603671880884055,0.6138709677419355,0.7930521091811414,0.7998463901689707,"[[772, 313], [104, 826]]"
lda,sweep,0.5888477949142457,0.6545161290322581,0.7930521091811414,0.7970046082949309,"[[809, 276], [141, 789]]"
lda,sweep,0.6053877894639967,0.6561290322580645,0.7930521091811414,0.7964669738863287,"[[816, 269], [148, 782]]"
hgb_lr0.08_leaf63,sweep,0.9738008050067184,0.6114516129032258,0.7930521091811414,0.7917818740399385,"[[877, 208], [209, 721]]"
hgb_lr0.04_leaf31,sweep,0.8159510741130579,0.6001612903225807,0.7930521091811414,0.7910138248847927,"[[887, 198], [219, 711]]"
hgb_lr0.02_leaf15,sweep,0.722010518699185,0.5870967741935483,0.7930521091811414,0.7894777265745008,"[[907, 178], [239, 691]]"
gb_lr0.08_d3,sweep,0.7668510236458763,0.5903225806451613,0.7930521091811414,0.7873271889400921,"[[935, 150], [267, 663]]"
gb_lr0.05_d1,sweep,0.7001556420898849,0.5867741935483871,0.7930521091811414,0.7856374807987712,"[[957, 128], [289, 641]]"
gb_lr0.08_d1,sweep,0.4347833408557626,0.6224193548387097,0.7925558312655087,0.8067588325652841,"[[675, 410], [8, 922]]"
"mlp(64, 32)",sweep,0.08905924329161644,0.6140322580645161,0.7925558312655087,0.8056835637480799,"[[689, 396], [22, 908]]"
hgb_lr0.06_leaf63,sweep,0.2866582600121745,0.6214516129032258,0.7925558312655087,0.8050691244239632,"[[697, 388], [30, 900]]"
hgb_lr0.08_leaf63,sweep,0.28309181119312693,0.6279032258064516,0.7925558312655087,0.8049155145929339,"[[699, 386], [32, 898]]"
hgb_lr0.08_leaf31,sweep,0.4881641769730726,0.6264516129032258,0.7925558312655087,0.8033794162826421,"[[719, 366], [52, 878]]"
gb_lr0.08_d2,sweep,0.46280634199437853,0.6214516129032258,0.7925558312655087,0.8033794162826421,"[[719, 366], [52, 878]]"
lda,sweep,0.439991171169281,0.642258064516129,0.7925558312655087,0.8033794162826421,"[[719, 366], [52, 878]]"
hgb_lr0.08_leaf31,default_predict,,,0.7925558312655087,0.8030721966205837,"[[723, 362], [56, 874]]"
hgb_lr0.08_leaf31,sweep,0.5,0.6285483870967742,0.7925558312655087,0.8030721966205837,"[[723, 362], [56, 874]]"
hgb_lr0.04_leaf31,sweep,0.5161389341854618,0.6204838709677419,0.7925558312655087,0.8026881720430108,"[[728, 357], [61, 869]]"
hgb_lr0.06_leaf31,sweep,0.5754779502235364,0.622741935483871,0.7925558312655087,0.8023809523809524,"[[732, 353], [65, 865]]"
hgb_lr0.06_leaf15,sweep,0.6531236365924549,0.6130645161290322,0.7925558312655087,0.7988479262672811,"[[778, 307], [111, 819]]"
hgb_lr0.06_leaf15,sweep,0.6563085957868822,0.6124193548387097,0.7925558312655087,0.7986175115207373,"[[781, 304], [114, 816]]"
hgb_lr0.04_leaf15,sweep,0.6144512408727347,0.6137096774193549,0.7925558312655087,0.7985407066052228,"[[782, 303], [115, 815]]"
hgb_lr0.06_leaf15,sweep,0.666577525183259,0.6133870967741936,0.7925558312655087,0.7980798771121351,"[[788, 297], [121, 809]]"
hgb_lr0.08_leaf15,sweep,0.6785941976695778,0.6179032258064516,0.7925558312655087,0.7980798771121351,"[[788, 297], [121, 809]]"
hgb_lr0.04_leaf15,sweep,0.6382105516057294,0.6124193548387097,0.7925558312655087,0.7974654377880184,"[[796, 289], [129, 801]]"
hgb_lr0.08_leaf31,sweep,0.8618033972625184,0.6141935483870967,0.7925558312655087,0.7947772657450076,"[[831, 254], [164, 766]]"
hgb_lr0.06_leaf31,sweep,0.8384601393453348,0.607741935483871,0.7925558312655087,0.7927803379416283,"[[857, 228], [190, 740]]"
"mlp(64, 32)",sweep,0.9773062388420105,0.6103225806451613,0.7925558312655087,0.7922427035330262,"[[864, 221], [197, 733]]"
"mlp(64,)",sweep,0.9026005489826202,0.6256451612903225,0.7925558312655087,0.7915514592933948,"[[873, 212], [206, 724]]"
hgb_lr0.04_leaf63,sweep,0.9077609778264853,0.6051612903225806,0.7925558312655087,0.788863287250384,"[[908, 177], [241, 689]]"
hgb_lr0.02_leaf31,sweep,0.7602680183724483,0.5970967741935483,0.7925558312655087,0.7882488479262673,"[[916, 169], [249, 681]]"
gb_lr0.08_d3,sweep,0.7696183871598438,0.589516129032258,0.7925558312655087,0.7867127496159754,"[[936, 149], [269, 661]]"
gb_lr0.08_d2,sweep,0.7536845969478589,0.5790322580645161,0.7925558312655087,0.7841013824884793,"[[970, 115], [303, 627]]"
lda,sweep,0.4397573297977448,0.6419354838709678,0.7920595533498759,0.8029185867895545,"[[718, 367], [52, 878]]"
hgb_lr0.06_leaf31,sweep,0.5630844252982815,0.6233870967741936,0.7920595533498759,0.8021505376344087,"[[728, 357], [62, 868]]"
hgb_lr0.06_leaf31,sweep,0.5923681512880635,0.6248387096774194,0.7920595533498759,0.8013824884792626,"[[738, 347], [72, 858]]"
hgb_lr0.06_leaf31,sweep,0.5979651694982309,0.6238709677419355,0.7920595533498759,0.8013056835637481,"[[739, 346], [73, 857]]"
hgb_lr0.08_leaf15,sweep,0.6775982315924087,0.6179032258064516,0.7920595533498759,0.7976190476190477,"[[787, 298], [121, 809]]"
hgb_lr0.06_leaf15,sweep,0.6687756281550452,0.6135483870967742,0.7920595533498759,0.797542242703533,"[[788, 297], [122, 808]]"
hgb_lr0.08_leaf15,sweep,0.7142583856398922,0.6158064516129033,0.7920595533498759,0.7960829493087558,"[[807, 278], [141, 789]]"
hgb_lr0.08_leaf15,sweep,0.7267078483244248,0.6143548387096774,0.7920595533498759,0.7953149001536098,"[[817, 268], [151, 779]]"
lda,sweep,0.6101058701992035,0.6551612903225806,0.7920595533498759,0.7953149001536098,"[[817, 268], [151, 779]]"
hgb_lr0.08_leaf15,sweep,0.7353593401389953,0.6138709677419355,0.7920595533498759,0.7949308755760369,"[[822, 263], [156, 774]]"
hgb_lr0.02_leaf15,sweep,0.7031651484229252,0.5869354838709677,0.7920595533498759,0.7900153609831029,"[[886, 199], [220, 710]]"
hgb_lr0.02_leaf15,sweep,0.70997711180509,0.5879032258064516,0.7920595533498759,0.7894777265745008,"[[893, 192], [227, 703]]"
hgb_lr0.04_leaf31,sweep,0.8253506546671864,0.5966129032258064,0.7920595533498759,0.789247311827957,"[[896, 189], [230, 700]]"
gb_lr0.08_d3,sweep,0.7395818051096319,0.5967741935483871,0.7920595533498759,0.788863287250384,"[[901, 184], [235, 695]]"
hgb_lr0.04_leaf63,sweep,0.9070373912688319,0.6053225806451613,0.7920595533498759,0.788479262672811,"[[906, 179], [240, 690]]"
gb_lr0.08_d3,sweep,0.746446521339528,0.5946774193548388,0.7920595533498759,0.788479262672811,"[[906, 179], [240, 690]]"
gb_lr0.05_d1,sweep,0.6994608594543861,0.5864516129032258,0.7920595533498759,0.784715821812596,"[[955, 130], [289, 641]]"
ada100,sweep,0.5067479787900778,0.5820967741935484,0.7920595533498759,0.7824116743471582,"[[985, 100], [319, 611]]"
gb_lr0.05_d1,sweep,0.4325889435833439,0.6248387096774194,0.7915632754342432,0.8064516129032258,"[[665, 420], [0, 930]]"
gnb,sweep,0.9999975708747861,0.6143548387096774,0.7915632754342432,0.8064516129032258,"[[665, 420], [0, 930]]"
"mlp(128,)",sweep,0.24036914784014227,0.6285483870967742,0.7915632754342432,0.8042242703533027,"[[694, 391], [29, 901]]"
hgb_lr0.02_leaf63,sweep,0.4026473209170588,0.6219354838709678,0.7915632754342432,0.8039170506912442,"[[698, 387], [33, 897]]"
gb_lr0.03_d3,sweep,0.4452042724431903,0.6166129032258064,0.7915632754342432,0.8039170506912442,"[[698, 387], [33, 897]]"
gb_lr0.05_d2,sweep,0.4403890482579028,0.6237096774193548,0.7915632754342432,0.8036866359447005,"[[701, 384], [36, 894]]"
gb_lr0.08_d3,sweep,0.5342347542040099,0.6196774193548387,0.7915632754342432,0.8016129032258065,"[[728, 357], [63, 867]]"
hgb_lr0.04_leaf15,sweep,0.5355756539787042,0.6222580645161291,0.7915632754342432,0.8014592933947773,"[[730, 355], [65, 865]]"
hgb_lr0.04_leaf15,sweep,0.6430106128759648,0.6130645161290322,0.7915632754342432,0.7963133640552995,"[[797, 288], [132, 798]]"
hgb_lr0.06_leaf15,sweep,0.684906731919585,0.6112903225806452,0.7915632754342432,0.7963133640552995,"[[797, 288], [132, 798]]"
"mlp(64, 32)",sweep,0.9787142100572586,0.6098387096774194,0.7915632754342432,0.7910138248847927,"[[866, 219], [201, 729]]"
hgb_lr0.02_leaf15,sweep,0.7187312013227127,0.5870967741935483,0.7915632754342432,0.7884792626728111,"[[899, 186], [234, 696]]"
hgb_lr0.02_leaf15,sweep,0.7295653622702503,0.587258064516129,0.7915632754342432,0.7872503840245776,"[[915, 170], [250, 680]]"
hgb_lr0.04_leaf63,sweep,0.9153120483774443,0.603225806451613,0.7915632754342432,0.7872503840245776,"[[915, 170], [250, 680]]"
hgb_lr0.06_leaf63,sweep,0.9627014809376919,0.6056451612903225,0.7915632754342432,0.7872503840245776,"[[915, 170], [250, 680]]"
gb_lr0.08_d1,sweep,0.7024782626836179,0.5909677419354838,0.7915632754342432,0.7849462365591398,"[[945, 140], [280, 650]]"
gb_lr0.03_d1,sweep,0.7051658173602742,0.5769354838709677,0.7915632754342432,0.7804147465437787,"[[1004, 81], [339, 591]]"
hgb_lr0.04_leaf15,sweep,0.5310563663248006,0.622741935483871,0.7910669975186104,0.8011520737327189,"[[727, 358], [63, 867]]"
gb_lr0.08_d3,sweep,0.5315990483815292,0.6188709677419355,0.7910669975186104,0.8011520737327189,"[[727, 358], [63, 867]]"
hgb_lr0.06_leaf15,sweep,0.6172848748954656,0.6158064516129033,0.7910669975186104,0.7988479262672812,"[[757, 328], [93, 837]]"
hgb_lr0.08_leaf15,sweep,0.6922745607760293,0.6161290322580645,0.7910669975186104,0.7960829493087558,"[[793, 292], [129, 801]]"
hgb_lr0.06_leaf15,sweep,0.6839639790581753,0.6111290322580645,0.7910669975186104,0.7959293394777266,"[[795, 290], [131, 799]]"
hgb_lr0.06_leaf15,sweep,0.7172591273282255,0.6093548387096774,0.7910669975186104,0.7935483870967741,"[[826, 259], [162, 768]]"
hgb_lr0.08_leaf15,sweep,0.7447519827867697,0.613225806451613,0.7910669975186104,0.7935483870967741,"[[826, 259], [162, 768]]"
hgb_lr0.06_leaf15,sweep,0.7193901050882537,0.6091935483870968,0.7910669975186104,0.7934715821812596,"[[827, 258], [163, 767]]"
hgb_lr0.08_leaf31,sweep,0.872308045642671,0.6116129032258064,0.7910669975186104,0.7927803379416283,"[[836, 249], [172, 758]]"
"mlp(64, 32)",sweep,0.980678919839859,0.6088709677419355,0.7910669975186104,0.7903993855606759,"[[867, 218], [203, 727]]"
hgb_lr0.08_leaf63,sweep,0.9763281263127057,0.61,0.7910669975186104,0.7890168970814132,"[[885, 200], [221, 709]]"
hgb_lr0.02_leaf15,sweep,0.7142318837251966,0.5874193548387097,0.7910669975186104,0.7882488479262673,"[[895, 190], [231, 699]]"
hgb_lr0.02_leaf63,sweep,0.8052267690858851,0.6053225806451613,0.7910669975186104,0.7874807987711214,"[[905, 180], [241, 689]]"
gb_lr0.05_d3,sweep,0.7235523032606357,0.6041935483870968,0.7910669975186104,0.7874807987711214,"[[905, 180], [241, 689]]"
gb_lr0.05_d3,sweep,0.7265859241869855,0.6017741935483871,0.7910669975186104,0.7872503840245776,"[[908, 177], [244, 686]]"
hgb_lr0.04_leaf63,sweep,0.9161079200205189,0.602741935483871,0.7910669975186104,0.7867127496159754,"[[915, 170], [251, 679]]"
gb_lr0.08_d1,sweep,0.7026356299481409,0.5912903225806452,0.7910669975186104,0.7844086021505376,"[[945, 140], [281, 649]]"
gb_lr0.08_d1,sweep,0.7074024886354905,0.5909677419354838,0.7910669975186104,0.7837173579109062,"[[954, 131], [290, 640]]"
gb_lr0.03_d1,sweep,0.4456467922994734,0.6366129032258064,0.7905707196029776,0.8055299539170506,"[[663, 422], [0, 930]]"
hgb_lr0.04_leaf63,sweep,0.3508097032208514,0.6211290322580645,0.7905707196029776,0.8029185867895545,"[[697, 388], [34, 896]]"
hgb_lr0.04_leaf63,sweep,0.351185507288887,0.6209677419354839,0.7905707196029776,0.8029185867895545,"[[697, 388], [34, 896]]"
gb_lr0.03_d2,sweep,0.45038702233244543,0.6327419354838709,0.7905707196029776,0.8029185867895545,"[[697, 388], [34, 896]]"
lda,sweep,0.4304159133136272,0.641774193548387,0.7905707196029776,0.8017665130568357,"[[712, 373], [49, 881]]"
hgb_lr0.06_leaf31,default_predict,,,0.7905707196029776,0.801689708141321,"[[713, 372], [50, 880]]"
hgb_lr0.06_leaf31,sweep,0.5,0.62,0.7905707196029776,0.801689708141321,"[[713, 372], [50, 880]]"
hgb_lr0.06_leaf31,sweep,0.5001469859584036,0.6198387096774194,0.7905707196029776,0.801689708141321,"[[713, 372], [50, 880]]"
hgb_lr0.06_leaf15,sweep,0.6168506468849105,0.6159677419354839,0.7905707196029776,0.7983870967741935,"[[756, 329], [93, 837]]"
hgb_lr0.08_leaf31,sweep,0.8717320344707069,0.6119354838709677,0.7905707196029776,0.7923195084485407,"[[835, 250], [172, 758]]"
hgb_lr0.04_leaf15,sweep,0.7077315290610231,0.605,0.7905707196029776,0.7907834101382489,"[[855, 230], [192, 738]]"
hgb_lr0.02_leaf15,sweep,0.7014581417617106,0.587741935483871,0.7905707196029776,0.7886328725038403,"[[883, 202], [220, 710]]"
hgb_lr0.08_leaf63,sweep,0.979000211416595,0.6075806451612903,0.7905707196029776,0.7880952380952381,"[[890, 195], [227, 703]]"
gb_lr0.03_d3,sweep,0.7216404749665759,0.5883870967741935,0.7905707196029776,0.7854838709677419,"[[924, 161], [261, 669]]"
gb_lr0.03_d2,sweep,0.7243596554358572,0.5719354838709677,0.7905707196029776,0.7836405529953917,"[[948, 137], [285, 645]]"
gb_lr0.05_d1,sweep,0.4266433327521079,0.6214516129032258,0.7900744416873449,0.8050691244239632,"[[662, 423], [0, 930]]"
gb_lr0.03_d3,sweep,0.4432866433801984,0.6162903225806452,0.7900744416873449,0.8025345622119815,"[[695, 390], [33, 897]]"
gb_lr0.03_d2,sweep,0.4483524656092506,0.6319354838709678,0.7900744416873449,0.8024577572964671,"[[696, 389], [34, 896]]"
"mlp(64,)",sweep,0.2654244667232037,0.6185483870967742,0.7900744416873449,0.8023041474654378,"[[698, 387], [36, 894]]"
hgb_lr0.02_leaf31,sweep,0.4551181704726582,0.6280645161290322,0.7900744416873449,0.8015360983102919,"[[708, 377], [46, 884]]"
hgb_lr0.08_leaf31,sweep,0.4751561953979206,0.6270967741935484,0.7900744416873449,0.8011520737327189,"[[713, 372], [51, 879]]"
gb_lr0.08_d2,sweep,0.45831542918703844,0.6208064516129033,0.7900744416873449,0.8010752688172043,"[[714, 371], [52, 878]]"
hgb_lr0.06_leaf15,sweep,0.5492215585028392,0.6208064516129033,0.7900744416873449,0.8002304147465438,"[[725, 360], [63, 867]]"
hgb_lr0.06_leaf15,sweep,0.5508306567908619,0.6206451612903225,0.7900744416873449,0.8001536098310291,"[[726, 359], [64, 866]]"
nusvc03,sweep,0.76952073771382,0.641774193548387,0.7900744416873449,0.7968509984639016,"[[769, 316], [107, 823]]"
hgb_lr0.04_leaf15,sweep,0.6620466589687962,0.6109677419354839,0.7900744416873449,0.7939324116743471,"[[807, 278], [145, 785]]"
lda,sweep,0.6135954436659813,0.655483870967742,0.7900744416873449,0.7931643625192013,"[[817, 268], [155, 775]]"
hgb_lr0.06_leaf15,sweep,0.7082234741863286,0.6112903225806452,0.7900744416873449,0.7928571428571428,"[[821, 264], [159, 771]]"
lda,sweep,0.6201420157670975,0.655,0.7900744416873449,0.7925499231950845,"[[825, 260], [163, 767]]"
hgb_lr0.08_leaf15,sweep,0.7461807331811775,0.6137096774193549,0.7900744416873449,0.7924731182795699,"[[826, 259], [164, 766]]"
hgb_lr0.04_leaf15,sweep,0.6966874665059791,0.6054838709677419,0.7900744416873449,0.7907834101382489,"[[848, 237], [186, 744]]"
hgb_lr0.04_leaf15,sweep,0.7073898996839482,0.605,0.7900744416873449,0.7903225806451613,"[[854, 231], [192, 738]]"
hgb_lr0.08_leaf63,sweep,0.9759857982465753,0.6101612903225806,0.7900744416873449,0.7880952380952381,"[[883, 202], [221, 709]]"
gb_lr0.03_d3,sweep,0.7217765143114366,0.5880645161290322,0.7900744416873449,0.7849462365591398,"[[924, 161], [262, 668]]"
gb_lr0.05_d1,sweep,0.7053858177662538,0.5843548387096774,0.7900744416873449,0.7820276497695853,"[[962, 123], [300, 630]]"
"mlp(64, 32)",sweep,0.08484000531136988,0.6138709677419355,0.7895781637717122,0.8029185867895545,"[[683, 402], [22, 908]]"
hgb_lr0.04_leaf63,sweep,0.32479295778141226,0.6191935483870967,0.7895781637717122,0.8023041474654378,"[[691, 394], [30, 900]]"
hgb_lr0.08_leaf63,sweep,0.2516392191148528,0.6285483870967742,0.7895781637717122,0.8022273425499231,"[[692, 393], [31, 899]]"
hgb_lr0.02_leaf63,sweep,0.39665765056468083,0.6217741935483871,0.7895781637717122,0.802073732718894,"[[694, 391], [33, 897]]"
gb_lr0.05_d2,sweep,0.43821675046167324,0.6229032258064516,0.7895781637717122,0.8019201228878649,"[[696, 389], [35, 895]]"
"mlp(64,)",sweep,0.25787215406894687,0.6167741935483871,0.7895781637717122,0.8019201228878649,"[[696, 389], [35, 895]]"
gb_lr0.05_d3,sweep,0.47281609149501685,0.6198387096774194,0.7895781637717122,0.8013056835637481,"[[704, 381], [43, 887]]"
hgb_lr0.02_leaf31,sweep,0.4534839252819512,0.6274193548387097,0.7895781637717122,0.8011520737327189,"[[706, 379], [45, 885]]"
gb_lr0.05_d3,sweep,0.4776201217914606,0.6195161290322581,0.7895781637717122,0.8011520737327189,"[[706, 379], [45, 885]]"
ada100,sweep,0.500373262365185,0.6164516129032258,0.7895781637717122,0.8011520737327189,"[[706, 379], [45, 885]]"
gb_lr0.05_d3,sweep,0.4846942398038588,0.6183870967741936,0.7895781637717122,0.8009216589861752,"[[709, 376], [48, 882]]"
hgb_lr0.04_leaf31,default_predict,,,0.7895781637717122,0.8001536098310291,"[[719, 366], [58, 872]]"
hgb_lr0.04_leaf31,sweep,0.5,0.6225806451612903,0.7895781637717122,0.8001536098310291,"[[719, 366], [58, 872]]"
hgb_lr0.04_leaf15,sweep,0.6509644401055104,0.6108064516129033,0.7895781637717122,0.7939324116743471,"[[800, 285], [139, 791]]"
hgb_lr0.06_leaf31,sweep,0.8471478351527613,0.6069354838709677,0.7895781637717122,0.7890168970814132,"[[864, 221], [203, 727]]"
hgb_lr0.06_leaf31,sweep,0.8497607834504638,0.6066129032258064,0.7895781637717122,0.7889400921658987,"[[865, 220], [204, 726]]"
"mlp(64,)",sweep,0.9118732283353805,0.625,0.7895781637717122,0.7883256528417819,"[[873, 212], [212, 718]]"
hgb_lr0.02_leaf63,sweep,0.8131722763407179,0.6035483870967742,0.7895781637717122,0.785483870967742,"[[910, 175], [249, 681]]"
gb_lr0.05_d3,sweep,0.7302843098308619,0.6008064516129032,0.7895781637717122,0.7852534562211981,"[[913, 172], [252, 678]]"
hgb_lr0.02_leaf15,sweep,0.7306429626178044,0.5867741935483871,0.7895781637717122,0.785099846390169,"[[915, 170], [254, 676]]"
hgb_lr0.06_leaf63,sweep,0.9638165869711787,0.6054838709677419,0.7895781637717122,0.7850230414746544,"[[916, 169], [255, 675]]"
gb_lr0.08_d3,sweep,0.777460548481087,0.5875806451612903,0.7895781637717122,0.7831029185867896,"[[941, 144], [280, 650]]"
gb_lr0.08_d1,sweep,0.7088049777963555,0.5906451612903226,0.7895781637717122,0.7818740399385561,"[[957, 128], [296, 634]]"
hgb_lr0.06_leaf63,sweep,0.2555923430266021,0.6201612903225806,0.7890818858560794,0.8019969278033794,"[[688, 397], [28, 902]]"
gb_lr0.03_d2,sweep,0.44202037424755,0.6308064516129033,0.7890818858560794,0.8018433179723503,"[[690, 395], [30, 900]]"
hgb_lr0.02_leaf31,sweep,0.4442074698738849,0.627258064516129,0.7890818858560794,0.8009984639016897,"[[701, 384], [41, 889]]"
hgb_lr0.02_leaf15,sweep,0.4912493687879742,0.6232258064516129,0.7890818858560794,0.8006912442396313,"[[705, 380], [45, 885]]"
hgb_lr0.06_leaf31,sweep,0.4778974104632569,0.62,0.7890818858560794,0.800384024577573,"[[709, 376], [49, 881]]"
hgb_lr0.04_leaf31,sweep,0.4965391861748032,0.6222580645161291,0.7890818858560794,0.7996927803379417,"[[718, 367], [58, 872]]"
nusvc03,sweep,0.6885597942832722,0.6366129032258064,0.7890818858560794,0.7968509984639016,"[[755, 330], [95, 835]]"
nusvc03,sweep,0.7329258913691877,0.6393548387096775,0.7890818858560794,0.7963133640552995,"[[762, 323], [102, 828]]"
hgb_lr0.04_leaf15,sweep,0.6578003034186533,0.6106451612903225,0.7890818858560794,0.7930875576036867,"[[804, 281], [144, 786]]"
hgb_lr0.06_leaf15,sweep,0.6942491860926079,0.6103225806451613,0.7890818858560794,0.7930875576036867,"[[804, 281], [144, 786]]"
hgb_lr0.04_leaf15,sweep,0.6713532605782121,0.6080645161290322,0.7890818858560794,0.7923195084485406,"[[814, 271], [154, 776]]"
hgb_lr0.04_leaf15,sweep,0.6720155462423015,0.608225806451613,0.7890818858560794,0.7922427035330262,"[[815, 270], [155, 775]]"
lda,sweep,0.6240545073986054,0.6546774193548387,0.7890818858560794,0.7913978494623656,"[[826, 259], [166, 764]]"
"mlp(64,)",sweep,0.9119815362930298,0.6248387096774194,0.7890818858560794,0.7877880184331798,"[[873, 212], [213, 717]]"
"mlp(64, 32)",sweep,0.9828069567680359,0.6080645161290322,0.7890818858560794,0.7877880184331798,"[[873, 212], [213, 717]]"
"mlp(128,)",sweep,0.9198752653121948,0.6235483870967742,0.7890818858560794,0.7850998463901689,"[[908, 177], [248, 682]]"
gb_lr0.05_d1,sweep,0.7057347954849865,0.5841935483870968,0.7890818858560794,0.780952380952381,"[[962, 123], [302, 628]]"
gb_lr0.05_d2,sweep,0.7393958200125484,0.5785483870967741,0.7890818858560794,0.780952380952381,"[[962, 123], [302, 628]]"
gb_lr0.08_d2,sweep,0.7567192366439928,0.5769354838709677,0.7890818858560794,0.780184331797235,"[[972, 113], [312, 618]]"
hgb_lr0.06_leaf63,sweep,0.2403808068266191,0.6209677419354839,0.7885856079404466,0.801689708141321,"[[685, 400], [26, 904]]"
gb_lr0.05_d3,sweep,0.4650380219806205,0.6187096774193548,0.7885856079404466,0.8006144393241168,"[[699, 386], [40, 890]]"
hgb_lr0.02_leaf15,sweep,0.49134807640792755,0.6232258064516129,0.7885856079404466,0.8001536098310291,"[[705, 380], [46, 884]]"
hgb_lr0.06_leaf31,sweep,0.45557324351142203,0.6193548387096774,0.7885856079404466,0.8001536098310291,"[[705, 380], [46, 884]]"
lda,sweep,0.42421405515670774,0.6412903225806451,0.7885856079404466,0.8001536098310291,"[[705, 380], [46, 884]]"
gb_lr0.08_d2,sweep,0.44982317270789196,0.6219354838709678,0.7885856079404466,0.8000768049155146,"[[706, 379], [47, 883]]"
hgb_lr0.04_leaf31,sweep,0.4896577410166299,0.6214516129032258,0.7885856079404466,0.7993855606758833,"[[715, 370], [56, 874]]"
hgb_lr0.04_leaf15,sweep,0.5219023920930753,0.6230645161290322,0.7885856079404466,0.7990015360983103,"[[720, 365], [61, 869]]"
hgb_lr0.06_leaf15,sweep,0.5629439813174814,0.6209677419354839,0.7885856079404466,0.7981566820276498,"[[731, 354], [72, 858]]"
nusvc03,default_predict,,,0.7885856079404466,0.7967741935483871,"[[749, 336], [90, 840]]"
nusvc03,sweep,0.6881873875692404,0.6366129032258064,0.7885856079404466,0.7963901689708142,"[[754, 331], [95, 835]]"
nusvc03,sweep,0.7487731588327644,0.6398387096774194,0.7885856079404466,0.7956221198156682,"[[764, 321], [105, 825]]"
hgb_lr0.06_leaf15,sweep,0.7284192207408818,0.6070967741935483,0.7885856079404466,0.7903225806451613,"[[833, 252], [174, 756]]"
hgb_lr0.06_leaf15,sweep,0.7289738116187019,0.6067741935483871,0.7885856079404466,0.7902457757296466,"[[834, 251], [175, 755]]"
hgb_lr0.04_leaf15,sweep,0.6940346851130669,0.6056451612903225,0.7885856079404466,0.7895545314900154,"[[843, 242], [184, 746]]"
hgb_lr0.02_leaf63,sweep,0.8209319080442439,0.6020967741935483,0.7885856079404466,0.7842549923195083,"[[912, 173], [253, 677]]"
"mlp(128,)",sweep,0.9268761012077331,0.6211290322580645,0.7885856079404466,0.7842549923195083,"[[912, 173], [253, 677]]"
gb_lr0.05_d1,sweep,0.4200283144910429,0.6187096774193548,0.7880893300248138,0.8032258064516129,"[[658, 427], [0, 930]]"
gb_lr0.08_d1,sweep,0.4290998708176864,0.6183870967741936,0.7880893300248138,0.8026113671274961,"[[666, 419], [8, 922]]"
hgb_lr0.02_leaf31,sweep,0.4332196582699484,0.6280645161290322,0.7880893300248138,0.8002304147465438,"[[697, 388], [39, 891]]"
hgb_lr0.06_leaf15,sweep,0.5702670570437766,0.6212903225806452,0.7880893300248138,0.7973886328725039,"[[734, 351], [76, 854]]"
hgb_lr0.06_leaf15,sweep,0.6044149219208047,0.6164516129032258,0.7880893300248138,0.7962365591397849,"[[749, 336], [91, 839]]"
hgb_lr0.06_leaf15,sweep,0.7026617230962878,0.6103225806451613,0.7880893300248138,0.791321044546851,"[[813, 272], [155, 775]]"
hgb_lr0.04_leaf15,sweep,0.678952588165027,0.6080645161290322,0.7880893300248138,0.7905529953917051,"[[823, 262], [165, 765]]"
hgb_lr0.04_leaf15,sweep,0.6856227600226018,0.6064516129032258,0.7880893300248138,0.7898617511520738,"[[832, 253], [174, 756]]"
hgb_lr0.06_leaf31,sweep,0.8616819602627777,0.604516129032258,0.7880893300248138,0.78678955453149,"[[872, 213], [214, 716]]"
hgb_lr0.08_leaf63,sweep,0.9805914470613313,0.6075806451612903,0.7880893300248138,0.7852534562211981,"[[892, 193], [234, 696]]"
hgb_lr0.04_leaf31,sweep,0.8348434637325478,0.5948387096774194,0.7880893300248138,0.7844854070660523,"[[902, 183], [244, 686]]"
"mlp(128,)",sweep,0.9276861483454705,0.6212903225806452,0.7880893300248138,0.7836405529953917,"[[913, 172], [255, 675]]"
hgb_lr0.02_leaf63,sweep,0.8223433472310963,0.6014516129032258,0.7880893300248138,0.7835637480798772,"[[914, 171], [256, 674]]"
gb_lr0.05_d3,sweep,0.7346019041562433,0.5996774193548388,0.7880893300248138,0.7832565284178188,"[[918, 167], [260, 670]]"
gb_lr0.05_d2,sweep,0.7396570156687192,0.5785483870967741,0.7880893300248138,0.7798771121351766,"[[962, 123], [304, 626]]"
gb_lr0.03_d1,sweep,0.7075039878158611,0.5761290322580646,0.7880893300248138,0.7763440860215054,"[[1008, 77], [350, 580]]"
gb_lr0.03_d2,sweep,0.4352184044975526,0.6290322580645161,0.7875930521091812,0.8006144393241168,"[[685, 400], [28, 902]]"
gb_lr0.05_d2,sweep,0.43304315572816376,0.6229032258064516,0.7875930521091812,0.8001536098310292,"[[691, 394], [34, 896]]"
lda,sweep,0.4200854912042618,0.6416129032258064,0.7875930521091812,0.7994623655913978,"[[700, 385], [43, 887]]"
gb_lr0.08_d2,sweep,0.44833606692011096,0.6212903225806452,0.7875930521091812,0.7991551459293396,"[[704, 381], [47, 883]]"
hgb_lr0.06_leaf15,sweep,0.535942439344116,0.6206451612903225,0.7875930521091812,0.7982334869431644,"[[716, 369], [59, 871]]"
nusvc03,sweep,0.6466289443317711,0.6369354838709678,0.7875930521091812,0.7959293394777266,"[[746, 339], [89, 841]]"
hgb_lr0.08_leaf15,sweep,0.6605527773104152,0.618225806451613,0.7875930521091812,0.7938556067588325,"[[773, 312], [116, 814]]"
hgb_lr0.08_leaf15,sweep,0.6607374087973961,0.6180645161290322,0.7875930521091812,0.7938556067588325,"[[773, 312], [116, 814]]"
nusvc03,sweep,0.7941872654608974,0.6420967741935484,0.7875930521091812,0.7938556067588325,"[[773, 312], [116, 814]]"
hgb_lr0.04_leaf15,sweep,0.685792761007619,0.6066129032258064,0.7875930521091812,0.7893241167434716,"[[832, 253], [175, 755]]"
hgb_lr0.08_leaf15,sweep,0.7548304074637635,0.6124193548387097,0.7875930521091812,0.7893241167434716,"[[832, 253], [175, 755]]"
lda,sweep,0.6319445967674255,0.6532258064516129,0.7875930521091812,0.7893241167434716,"[[832, 253], [175, 755]]"
hgb_lr0.04_leaf31,sweep,0.8362338049942789,0.5951612903225807,0.7875930521091812,0.7838709677419355,"[[903, 182], [246, 684]]"
hgb_lr0.02_leaf31,sweep,0.765946059166606,0.5956451612903226,0.7875930521091812,0.7827188940092166,"[[918, 167], [261, 669]]"
gb_lr0.03_d3,sweep,0.7297721892285823,0.585,0.7875930521091812,0.7818740399385561,"[[929, 156], [272, 658]]"
gb_lr0.08_d3,sweep,0.7787413619826979,0.5870967741935483,0.7875930521091812,0.780952380952381,"[[941, 144], [284, 646]]"
hgb_lr0.04_leaf63,sweep,0.300843784341335,0.6190322580645161,0.7870967741935484,0.8001536098310291,"[[684, 401], [28, 902]]"
"mlp(64,)",sweep,0.2238360712885858,0.6137096774193549,0.7870967741935484,0.8000768049155147,"[[685, 400], [29, 901]]"
"mlp(64,)",sweep,0.2395305168628692,0.6158064516129033,0.7870967741935484,0.7997695852534562,"[[689, 396], [33, 897]]"
gb_lr0.08_d3,sweep,0.4922632972341215,0.6188709677419355,0.7870967741935484,0.7987711213517665,"[[702, 383], [46, 884]]"
gb_lr0.08_d3,sweep,0.5134034045835933,0.6187096774193548,0.7870967741935484,0.7980030721966206,"[[712, 373], [56, 874]]"
gb_lr0.08_d3,sweep,0.5236432326159527,0.6185483870967742,0.7870967741935484,0.7976958525345622,"[[716, 369], [60, 870]]"
hgb_lr0.06_leaf15,sweep,0.5787618771683917,0.6203225806451613,0.7870967741935484,0.7962365591397849,"[[735, 350], [79, 851]]"
hgb_lr0.06_leaf15,sweep,0.5986686738986903,0.6174193548387097,0.7870967741935484,0.7956221198156682,"[[743, 342], [87, 843]]"
lda,sweep,0.631479558110237,0.6532258064516129,0.7870967741935484,0.788863287250384,"[[831, 254], [175, 755]]"
hgb_lr0.04_leaf15,sweep,0.7252400697279489,0.6025806451612903,0.7870967741935484,0.7857910906298002,"[[871, 214], [215, 715]]"
gb_lr0.03_d2,sweep,0.72722300409719,0.57,0.7870967741935484,0.7797235023041474,"[[950, 135], [294, 636]]"
gb_lr0.08_d3,sweep,0.7844317729142147,0.5862903225806452,0.7870967741935484,0.7797235023041474,"[[950, 135], [294, 636]]"
gnb,sweep,0.999974029857128,0.6141935483870967,0.7866004962779156,0.8018433179723503,"[[655, 430], [0, 930]]"
gb_lr0.08_d1,sweep,0.4285662522193444,0.6180645161290322,0.7866004962779156,0.8012288786482336,"[[663, 422], [8, 922]]"
hgb_lr0.04_leaf63,sweep,0.29901171647487257,0.6191935483870967,0.7866004962779156,0.7996927803379417,"[[683, 402], [28, 902]]"
gb_lr0.03_d2,sweep,0.4333085765326114,0.6288709677419355,0.7866004962779156,0.7996927803379417,"[[683, 402], [28, 902]]"
"mlp(128,)",sweep,0.22151467132568356,0.6290322580645161,0.7866004962779156,0.799615975422427,"[[684, 401], [29, 901]]"
gb_lr0.03_d3,sweep,0.43644440037160664,0.6151612903225806,0.7866004962779156,0.7994623655913978,"[[686, 399], [31, 899]]"
lda,sweep,0.400878085398674,0.6401612903225806,0.7866004962779156,0.7990783410138249,"[[691, 394], [36, 894]]"
hgb_lr0.02_leaf31,sweep,0.4258607804001432,0.6275806451612903,0.7866004962779156,0.7989247311827956,"[[693, 392], [38, 892]]"
gb_lr0.05_d3,sweep,0.45505374627556006,0.6179032258064516,0.7866004962779156,0.7989247311827956,"[[693, 392], [38, 892]]"
lda,sweep,0.4074263344287873,0.6393548387096775,0.7866004962779156,0.7989247311827956,"[[693, 392], [38, 892]]"
hgb_lr0.02_leaf15,sweep,0.48227235388225037,0.6224193548387097,0.7866004962779156,0.7986175115207373,"[[697, 388], [42, 888]]"
hgb_lr0.06_leaf31,sweep,0.4523177963876677,0.6191935483870967,0.7866004962779156,0.798310291858679,"[[701, 384], [46, 884]]"
hgb_lr0.08_leaf31,sweep,0.4286032003184284,0.6267741935483871,0.7866004962779156,0.7981566820276498,"[[703, 382], [48, 882]]"
hgb_lr0.08_leaf31,sweep,0.4464526034587856,0.6253225806451613,0.7866004962779156,0.7980030721966206,"[[705, 380], [50, 880]]"
hgb_lr0.04_leaf31,sweep,0.47806552108789047,0.6204838709677419,0.7866004962779156,0.7976190476190477,"[[710, 375], [55, 875]]"
hgb_lr0.06_leaf15,sweep,0.5237858419805703,0.6233870967741936,0.7866004962779156,0.7973886328725038,"[[713, 372], [58, 872]]"
hgb_lr0.06_leaf15,sweep,0.523850734522455,0.6229032258064516,0.7866004962779156,0.7973886328725038,"[[713, 372], [58, 872]]"
gb_lr0.08_d3,sweep,0.5186227838562503,0.6179032258064516,0.7866004962779156,0.7973886328725038,"[[713, 372], [58, 872]]"
hgb_lr0.06_leaf15,sweep,0.5936780369875579,0.6169354838709677,0.7866004962779156,0.7953917050691244,"[[739, 346], [84, 846]]"
nusvc03,sweep,0.8051714980981747,0.6412903225806451,0.7866004962779156,0.7923963133640552,"[[778, 307], [123, 807]]"
hgb_lr0.06_leaf15,sweep,0.6959231550588187,0.6108064516129033,0.7866004962779156,0.7903993855606759,"[[804, 281], [149, 781]]"
hgb_lr0.08_leaf15,sweep,0.7599253015306175,0.6122580645161291,0.7866004962779156,0.7881720430107526,"[[833, 252], [178, 752]]"
hgb_lr0.04_leaf15,sweep,0.7162024317395602,0.6038709677419355,0.7866004962779156,0.7860215053763441,"[[861, 224], [206, 724]]"
hgb_lr0.04_leaf15,sweep,0.7162624123894785,0.6038709677419355,0.7866004962779156,0.7860215053763441,"[[861, 224], [206, 724]]"
hgb_lr0.06_leaf31,sweep,0.8610122300270903,0.604516129032258,0.7866004962779156,0.7854070660522273,"[[869, 216], [214, 716]]"
hgb_lr0.04_leaf15,sweep,0.7260536091917559,0.602741935483871,0.7866004962779156,0.7852534562211981,"[[871, 214], [216, 714]]"
"mlp(64, 32)",sweep,0.9843980511426925,0.6064516129032258,0.7866004962779156,0.7849462365591398,"[[875, 210], [220, 710]]"
gb_lr0.03_d3,sweep,0.7324554384942951,0.5837096774193549,0.7866004962779156,0.7807219662058371,"[[930, 155], [275, 655]]"
ada100,sweep,0.5069073223833624,0.5811290322580646,0.7866004962779156,0.7761904761904762,"[[989, 96], [334, 596]]"
gb_lr0.03_d1,sweep,0.43913417836454566,0.635483870967742,0.7861042183622828,0.8013824884792626,"[[654, 431], [0, 930]]"
hgb_lr0.06_leaf63,sweep,0.2283664328588373,0.6206451612903225,0.7861042183622828,0.7993855606758833,"[[680, 405], [26, 904]]"
hgb_lr0.02_leaf31,sweep,0.4185495038945207,0.6282258064516129,0.7861042183622828,0.7986175115207373,"[[690, 395], [36, 894]]"
hgb_lr0.08_leaf31,sweep,0.41973133613145513,0.6261290322580645,0.7861042183622828,0.7977726574500767,"[[701, 384], [47, 883]]"
hgb_lr0.04_leaf15,default_predict,,,0.7861042183622828,0.7971582181259601,"[[709, 376], [55, 875]]"
hgb_lr0.04_leaf15,sweep,0.5,0.6248387096774194,0.7861042183622828,0.7971582181259601,"[[709, 376], [55, 875]]"
nusvc03,sweep,0.6181132851041793,0.6353225806451613,0.7861042183622828,0.7946236559139785,"[[742, 343], [88, 842]]"
hgb_lr0.06_leaf31,sweep,0.8685004407345694,0.603225806451613,0.7861042183622828,0.7840245775729646,"[[880, 205], [226, 704]]"
gb_lr0.08_d1,sweep,0.711261373581706,0.5901612903225807,0.7861042183622828,0.7779569892473118,"[[959, 126], [305, 625]]"
gb_lr0.05_d2,sweep,0.7473383746987958,0.574516129032258,0.7861042183622828,0.7771889400921659,"[[969, 116], [315, 615]]"
gb_lr0.08_d2,sweep,0.7624371765575896,0.5754838709677419,0.7861042183622828,0.7764208909370199,"[[979, 106], [325, 605]]"
gb_lr0.08_d2,sweep,0.7632227077630603,0.5762903225806452,0.7861042183622828,0.7764208909370199,"[[979, 106], [325, 605]]"
"mlp(64,)",sweep,0.21916039988398553,0.6143548387096774,0.7856079404466502,0.7986943164362519,"[[682, 403], [29, 901]]"
"mlp(128,)",sweep,0.2192632390856743,0.6283870967741936,0.7856079404466502,0.7986943164362519,"[[682, 403], [29, 901]]"
hgb_lr0.02_leaf63,sweep,0.3827320522313555,0.6208064516129033,0.7856079404466502,0.7985407066052228,"[[684, 401], [31, 899]]"
gb_lr0.05_d3,sweep,0.4535172435450929,0.6174193548387097,0.7856079404466502,0.7980030721966206,"[[691, 394], [38, 892]]"
lda,sweep,0.4098736506402492,0.6396774193548387,0.7856079404466502,0.7977726574500767,"[[694, 391], [41, 889]]"
ada100,sweep,0.500228462249064,0.6151612903225806,0.7856079404466502,0.7976190476190477,"[[696, 389], [43, 887]]"
gb_lr0.08_d2,sweep,0.4404871105826203,0.6206451612903225,0.7856079404466502,0.797542242703533,"[[697, 388], [44, 886]]"
hgb_lr0.04_leaf15,sweep,0.4905055198265557,0.6246774193548387,0.7856079404466502,0.79715821812596,"[[702, 383], [49, 881]]"
gb_lr0.08_d3,sweep,0.49669397287638845,0.6185483870967742,0.7856079404466502,0.79715821812596,"[[702, 383], [49, 881]]"
gb_lr0.08_d3,default_predict,,,0.7856079404466502,0.7970046082949309,"[[704, 381], [51, 879]]"
gb_lr0.08_d3,sweep,0.5,0.6185483870967742,0.7856079404466502,0.7970046082949309,"[[704, 381], [51, 879]]"
gb_lr0.08_d3,sweep,0.5032996149137119,0.6188709677419355,0.7856079404466502,0.7970046082949309,"[[704, 381], [51, 879]]"
hgb_lr0.04_leaf15,sweep,0.4967175239232323,0.6237096774193548,0.7856079404466502,0.7968509984639016,"[[706, 379], [53, 877]]"
hgb_lr0.04_leaf15,sweep,0.5083402767546737,0.6245161290322581,0.7856079404466502,0.7965437788018433,"[[710, 375], [57, 873]]"
hgb_lr0.04_leaf15,sweep,0.5106993161381242,0.6240322580645161,0.7856079404466502,0.7963901689708142,"[[712, 373], [59, 871]]"
nusvc03,sweep,0.5853523673595081,0.6348387096774194,0.7856079404466502,0.7947772657450076,"[[733, 352], [80, 850]]"
nusvc03,sweep,0.8513171302506978,0.6393548387096775,0.7856079404466502,0.7903225806451613,"[[791, 294], [138, 792]]"
"mlp(64,)",sweep,0.9219556214332582,0.6222580645161291,0.7856079404466502,0.7838709677419354,"[[875, 210], [222, 708]]"
"mlp(64, 32)",sweep,0.9875212275981903,0.605,0.7856079404466502,0.7833333333333333,"[[882, 203], [229, 701]]"
hgb_lr0.02_leaf31,sweep,0.7681771444432958,0.5961290322580645,0.7856079404466502,0.7804915514592934,"[[919, 166], [266, 664]]"
hgb_lr0.04_leaf63,sweep,0.9221776709429925,0.5991935483870968,0.7856079404466502,0.7804915514592934,"[[919, 166], [266, 664]]"
hgb_lr0.06_leaf63,sweep,0.9668114672774285,0.6041935483870968,0.7856079404466502,0.7804915514592934,"[[919, 166], [266, 664]]"
gb_lr0.05_d2,sweep,0.746138063702769,0.5754838709677419,0.7856079404466502,0.7768049155145929,"[[967, 118], [314, 616]]"
gb_lr0.03_d1,sweep,0.7081734846783365,0.5751612903225807,0.7856079404466502,0.7736559139784946,"[[1008, 77], [355, 575]]"
gb_lr0.03_d1,sweep,0.4379381025257248,0.6348387096774194,0.7851116625310174,0.8004608294930875,"[[652, 433], [0, 930]]"
gb_lr0.05_d1,sweep,0.41534067271461145,0.6164516129032258,0.7851116625310174,0.8004608294930875,"[[652, 433], [0, 930]]"
gnb,sweep,0.9997916124806766,0.6162903225806452,0.7851116625310174,0.8004608294930875,"[[652, 433], [0, 930]]"
gnb,sweep,0.9998437409400031,0.6162903225806452,0.7851116625310174,0.8004608294930875,"[[652, 433], [0, 930]]"
gb_lr0.03_d3,sweep,0.4297334817747988,0.6146774193548387,0.7851116625310174,0.7982334869431644,"[[681, 404], [29, 901]]"
hgb_lr0.02_leaf15,sweep,0.47276804253075966,0.6225806451612903,0.7851116625310174,0.7973886328725038,"[[692, 393], [40, 890]]"
nusvc03,sweep,0.576173256201024,0.6345161290322581,0.7851116625310174,0.7943932411674347,"[[731, 354], [79, 851]]"
hgb_lr0.08_leaf31,sweep,0.8827624232017183,0.6104838709677419,0.7851116625310174,0.7860215053763441,"[[840, 245], [188, 742]]"
"mlp(64, 32)",sweep,0.9867744537591935,0.6059677419354839,0.7851116625310174,0.783026113671275,"[[879, 206], [227, 703]]"
gb_lr0.03_d3,sweep,0.7377571984680956,0.5820967741935484,0.7851116625310174,0.7787250384024578,"[[935, 150], [283, 647]]"
hgb_lr0.08_leaf63,sweep,0.2195388371207686,0.6288709677419355,0.7846153846153846,0.7978494623655914,"[[679, 406], [28, 902]]"
hgb_lr0.08_leaf63,sweep,0.22464834798165845,0.6285483870967742,0.7846153846153846,0.7976958525345622,"[[681, 404], [30, 900]]"
gb_lr0.03_d3,sweep,0.43097048780812525,0.6148387096774194,0.7846153846153846,0.7976958525345622,"[[681, 404], [30, 900]]"
lda,sweep,0.39178907000422475,0.6393548387096775,0.7846153846153846,0.7974654377880184,"[[684, 401], [33, 897]]"
gb_lr0.08_d2,sweep,0.4300542201237281,0.6195161290322581,0.7846153846153846,0.7970046082949309,"[[690, 395], [39, 891]]"
hgb_lr0.02_leaf15,sweep,0.47255612101045846,0.6224193548387097,0.7846153846153846,0.7969278033794163,"[[691, 394], [40, 890]]"
ada100,sweep,0.5001867157948778,0.6143548387096774,0.7846153846153846,0.7969278033794163,"[[691, 394], [40, 890]]"
hgb_lr0.04_leaf15,sweep,0.48751921536484044,0.6243548387096775,0.7846153846153846,0.7962365591397849,"[[700, 385], [49, 881]]"
hgb_lr0.04_leaf31,sweep,0.457842412014195,0.6220967741935484,0.7846153846153846,0.7961597542242704,"[[701, 384], [50, 880]]"
hgb_lr0.04_leaf31,sweep,0.4587098919132496,0.6219354838709678,0.7846153846153846,0.7961597542242704,"[[701, 384], [50, 880]]"
nusvc03,sweep,0.8184992853145037,0.6398387096774194,0.7846153846153846,0.7900921658986175,"[[780, 305], [129, 801]]"
nusvc03,sweep,0.8340257763857323,0.6396774193548387,0.7846153846153846,0.7897081413210445,"[[785, 300], [134, 796]]"
lda,sweep,0.6395849202871322,0.6511290322580645,0.7846153846153846,0.7856374807987712,"[[838, 247], [187, 743]]"
hgb_lr0.06_leaf15,sweep,0.7365053298072411,0.6058064516129033,0.7846153846153846,0.7855606758832565,"[[839, 246], [188, 742]]"
hgb_lr0.08_leaf15,sweep,0.7707086951439192,0.6125806451612903,0.7846153846153846,0.7855606758832565,"[[839, 246], [188, 742]]"
hgb_lr0.08_leaf31,sweep,0.882464974418128,0.6106451612903225,0.7846153846153846,0.7855606758832565,"[[839, 246], [188, 742]]"
hgb_lr0.06_leaf15,sweep,0.7524451571077342,0.6030645161290322,0.7846153846153846,0.7845622119815667,"[[852, 233], [201, 729]]"
hgb_lr0.04_leaf15,sweep,0.735732737665364,0.6011290322580645,0.7846153846153846,0.7827188940092166,"[[876, 209], [225, 705]]"
hgb_lr0.06_leaf31,sweep,0.8705264074516516,0.602741935483871,0.7846153846153846,0.7823348694316437,"[[881, 204], [230, 700]]"
"mlp(64, 32)",sweep,0.9894066756367683,0.602741935483871,0.7846153846153846,0.781874039938556,"[[887, 198], [236, 694]]"
hgb_lr0.08_leaf63,sweep,0.9820618542362313,0.607741935483871,0.7846153846153846,0.7812596006144393,"[[895, 190], [244, 686]]"
hgb_lr0.04_leaf31,sweep,0.841243238416663,0.5946774193548388,0.7846153846153846,0.7802611367127497,"[[908, 177], [257, 673]]"
hgb_lr0.02_leaf15,sweep,0.7376140668978337,0.5841935483870968,0.7846153846153846,0.7794930875576036,"[[918, 167], [267, 663]]"
gb_lr0.05_d3,sweep,0.7378046000812588,0.5985483870967742,0.7846153846153846,0.7794930875576036,"[[918, 167], [267, 663]]"
"mlp(128,)",sweep,0.9334902048110961,0.6206451612903225,0.7846153846153846,0.7794930875576036,"[[918, 167], [267, 663]]"
hgb_lr0.02_leaf15,sweep,0.7396536537886573,0.5833870967741935,0.7846153846153846,0.7792626728110599,"[[921, 164], [270, 660]]"
gb_lr0.03_d2,sweep,0.7295856167398069,0.5698387096774193,0.7846153846153846,0.7770353302611367,"[[950, 135], [299, 631]]"
gb_lr0.08_d1,sweep,0.714435048924375,0.5888709677419355,0.7846153846153846,0.776036866359447,"[[963, 122], [312, 618]]"
"mlp(64, 32)",sweep,0.0750163362622261,0.6130645161290322,0.7841191066997518,0.797926267281106,"[[671, 414], [21, 909]]"
nusvc03,sweep,0.43174182697753405,0.6316129032258064,0.7841191066997518,0.7947004608294931,"[[713, 372], [63, 867]]"
nusvc03,sweep,0.8594993565854823,0.6391935483870967,0.7841191066997518,0.7886328725038403,"[[792, 293], [142, 788]]"
hgb_lr0.08_leaf31,sweep,0.9141795854334691,0.6037096774193549,0.7841191066997518,0.7823348694316437,"[[874, 211], [224, 706]]"
"mlp(64,)",sweep,0.9279326395988465,0.6208064516129033,0.7841191066997518,0.7820276497695853,"[[878, 207], [228, 702]]"
"mlp(64, 32)",sweep,0.989670249223709,0.6016129032258064,0.7841191066997518,0.7812596006144393,"[[888, 197], [238, 692]]"
gb_lr0.05_d1,sweep,0.7079624799466161,0.5833870967741935,0.7841191066997518,0.7751920122887865,"[[967, 118], [317, 613]]"
gb_lr0.08_d1,sweep,0.7163847519611031,0.5880645161290322,0.7841191066997518,0.7751920122887865,"[[967, 118], [317, 613]]"
ada100,sweep,0.5069652320393367,0.5808064516129032,0.7841191066997518,0.7735023041474655,"[[989, 96], [339, 591]]"
gb_lr0.05_d1,sweep,0.4130941722779408,0.614516129032258,0.7836228287841192,0.7990783410138249,"[[649, 436], [0, 930]]"
"mlp(128,)",sweep,0.2048656877487898,0.6269354838709678,0.7836228287841192,0.7970046082949309,"[[676, 409], [27, 903]]"
hgb_lr0.02_leaf63,sweep,0.3757274898003972,0.6217741935483871,0.7836228287841192,0.7966973886328725,"[[680, 405], [31, 899]]"
lda,sweep,0.38369641292095186,0.6388709677419355,0.7836228287841192,0.7966973886328725,"[[680, 405], [31, 899]]"
gb_lr0.08_d2,sweep,0.43160576864103356,0.62,0.7836228287841192,0.7959293394777266,"[[690, 395], [41, 889]]"
hgb_lr0.06_leaf31,sweep,0.43027976453238004,0.6196774193548387,0.7836228287841192,0.7957757296466974,"[[692, 393], [43, 887]]"
hgb_lr0.04_leaf15,sweep,0.47711667609560643,0.6241935483870967,0.7836228287841192,0.7953917050691244,"[[697, 388], [48, 882]]"
nusvc03,sweep,0.5,0.6340322580645161,0.7836228287841192,0.7935483870967742,"[[721, 364], [72, 858]]"
hgb_lr0.08_leaf15,sweep,0.6387065530701663,0.6219354838709678,0.7836228287841192,0.7906298003072196,"[[759, 326], [110, 820]]"
hgb_lr0.08_leaf15,sweep,0.6440356990973873,0.6214516129032258,0.7836228287841192,0.790552995391705,"[[760, 325], [111, 819]]"
lda,sweep,0.6416580884456634,0.6516129032258065,0.7836228287841192,0.7845622119815668,"[[838, 247], [189, 741]]"
hgb_lr0.06_leaf15,sweep,0.741382426006753,0.6054838709677419,0.7836228287841192,0.7842549923195085,"[[842, 243], [193, 737]]"
hgb_lr0.06_leaf15,sweep,0.7462403801110677,0.605,0.7836228287841192,0.7837941628264209,"[[848, 237], [199, 731]]"
hgb_lr0.08_leaf31,sweep,0.902167586567978,0.6061290322580645,0.7836228287841192,0.783026113671275,"[[858, 227], [209, 721]]"
hgb_lr0.08_leaf31,sweep,0.9026265407981564,0.6056451612903225,0.7836228287841192,0.783026113671275,"[[858, 227], [209, 721]]"
gb_lr0.03_d3,sweep,0.7406036736341391,0.5806451612903226,0.7836228287841192,0.7769585253456222,"[[937, 148], [288, 642]]"
gb_lr0.08_d3,sweep,0.7886747735880157,0.5854838709677419,0.7836228287841192,0.7759600614439324,"[[950, 135], [301, 629]]"
gb_lr0.03_d1,sweep,0.43258184358795615,0.6324193548387097,0.7831265508684864,0.7986175115207373,"[[648, 437], [0, 930]]"
gnb,sweep,0.9977122402299424,0.6183870967741936,0.7831265508684864,0.7986175115207373,"[[648, 437], [0, 930]]"
lda,sweep,0.381834880232811,0.6385483870967742,0.7831265508684864,0.7963133640552995,"[[678, 407], [30, 900]]"
ada100,sweep,0.5000686201313018,0.6114516129032258,0.7831265508684864,0.7956989247311828,"[[686, 399], [38, 892]]"
hgb_lr0.04_leaf31,sweep,0.44299544109688493,0.6222580645161291,0.7831265508684864,0.7950076804915515,"[[695, 390], [47, 883]]"
hgb_lr0.06_leaf15,default_predict,,,0.7831265508684864,0.7946236559139785,"[[700, 385], [52, 878]]"
hgb_lr0.06_leaf15,sweep,0.5,0.6246774193548387,0.7831265508684864,0.7946236559139785,"[[700, 385], [52, 878]]"
hgb_lr0.06_leaf15,sweep,0.5080252305507577,0.6243548387096775,0.7831265508684864,0.7944700460829492,"[[702, 383], [54, 876]]"
nusvc03,sweep,0.4742024024248903,0.6325806451612903,0.7831265508684864,0.7932411674347157,"[[718, 367], [70, 860]]"
nusvc03,sweep,0.4831373207914048,0.6335483870967742,0.7831265508684864,0.7931643625192013,"[[719, 366], [71, 859]]"
hgb_lr0.08_leaf15,sweep,0.7724761208600067,0.6125806451612903,0.7831265508684864,0.7838709677419355,"[[840, 245], [192, 738]]"
hgb_lr0.08_leaf31,sweep,0.8928461239431357,0.6080645161290322,0.7831265508684864,0.7834101382488479,"[[846, 239], [198, 732]]"
hgb_lr0.06_leaf15,sweep,0.7629335484916291,0.6003225806451613,0.7831265508684864,0.7827956989247311,"[[854, 231], [206, 724]]"
hgb_lr0.04_leaf15,sweep,0.7385805813265467,0.5998387096774194,0.7831265508684864,0.7810291858678955,"[[877, 208], [229, 701]]"
hgb_lr0.06_leaf31,sweep,0.8776317943223022,0.6003225806451613,0.7831265508684864,0.7802611367127497,"[[887, 198], [239, 691]]"
hgb_lr0.08_leaf63,sweep,0.9832350067771107,0.6064516129032258,0.7831265508684864,0.7794930875576037,"[[897, 188], [249, 681]]"
hgb_lr0.06_leaf63,sweep,0.9679651635047061,0.6040322580645161,0.7831265508684864,0.7778033794162826,"[[919, 166], [271, 659]]"
hgb_lr0.08_leaf63,sweep,0.18695115580208346,0.6277419354838709,0.7826302729528536,0.7963133640552995,"[[671, 414], [24, 906]]"
hgb_lr0.02_leaf31,sweep,0.407093942825604,0.6262903225806452,0.7826302729528536,0.7956221198156681,"[[680, 405], [33, 897]]"
gb_lr0.05_d2,sweep,0.4247236818553573,0.6214516129032258,0.7826302729528536,0.7956221198156681,"[[680, 405], [33, 897]]"
hgb_lr0.06_leaf31,sweep,0.4227767580376347,0.6196774193548387,0.7826302729528536,0.7949308755760369,"[[689, 396], [42, 888]]"
gb_lr0.08_d3,sweep,0.4693173128442499,0.6190322580645161,0.7826302729528536,0.7949308755760369,"[[689, 396], [42, 888]]"
hgb_lr0.04_leaf31,sweep,0.424489080452959,0.6211290322580645,0.7826302729528536,0.7947004608294931,"[[692, 393], [45, 885]]"
gb_lr0.08_d3,sweep,0.4792372630803428,0.6190322580645161,0.7826302729528536,0.7946236559139785,"[[693, 392], [46, 884]]"
hgb_lr0.06_leaf15,sweep,0.4971580111026537,0.6251612903225806,0.7826302729528536,0.7941628264208909,"[[699, 386], [52, 878]]"
nusvc03,sweep,0.4192552624819442,0.631774193548387,0.7826302729528536,0.793394777265745,"[[709, 376], [62, 868]]"
hgb_lr0.08_leaf15,sweep,0.6112677674384559,0.6241935483870967,0.7826302729528536,0.7905529953917051,"[[746, 339], [99, 831]]"
hgb_lr0.08_leaf15,sweep,0.6291593518740368,0.622741935483871,0.7826302729528536,0.7899385560675882,"[[754, 331], [107, 823]]"
hgb_lr0.08_leaf31,sweep,0.8942703049767807,0.6072580645161291,0.7826302729528536,0.7827956989247311,"[[847, 238], [200, 730]]"
lda,sweep,0.6529193810939788,0.6495161290322581,0.7826302729528536,0.7827956989247311,"[[847, 238], [200, 730]]"
hgb_lr0.06_leaf15,sweep,0.7664153371422562,0.6003225806451613,0.7826302729528536,0.7820276497695853,"[[857, 228], [210, 720]]"
hgb_lr0.02_leaf63,sweep,0.8294463274513554,0.5985483870967742,0.7826302729528536,0.7774961597542243,"[[916, 169], [269, 661]]"
"mlp(128,)",sweep,0.9353066116333008,0.6198387096774194,0.7826302729528536,0.7772657450076805,"[[919, 166], [272, 658]]"
hgb_lr0.04_leaf63,sweep,0.9241592968227444,0.5983870967741935,0.7826302729528536,0.7771121351766512,"[[921, 164], [274, 656]]"
gb_lr0.08_d1,sweep,0.7198833773944259,0.5858064516129032,0.7826302729528536,0.7730414746543779,"[[974, 111], [327, 603]]"
gb_lr0.03_d1,sweep,0.42696916626855885,0.6274193548387097,0.7821339950372208,0.7976958525345622,"[[646, 439], [0, 930]]"
gnb,sweep,0.964434881217324,0.6180645161290322,0.7821339950372208,0.7976958525345622,"[[646, 439], [0, 930]]"
hgb_lr0.08_leaf63,sweep,0.18121719909282027,0.6270967741935484,0.7821339950372208,0.7959293394777265,"[[669, 416], [23, 907]]"
hgb_lr0.04_leaf63,sweep,0.2763368753458202,0.6214516129032258,0.7821339950372208,0.7956989247311828,"[[672, 413], [26, 904]]"
"mlp(128,)",sweep,0.1879872667491436,0.6241935483870967,0.7821339950372208,0.7956989247311828,"[[672, 413], [26, 904]]"
hgb_lr0.04_leaf15,sweep,0.4536920779985029,0.6229032258064516,0.7821339950372208,0.7944700460829492,"[[688, 397], [42, 888]]"
hgb_lr0.08_leaf31,sweep,0.3947310661691166,0.6248387096774194,0.7821339950372208,0.7942396313364055,"[[691, 394], [45, 885]]"
hgb_lr0.04_leaf15,sweep,0.4658953189419613,0.6240322580645161,0.7821339950372208,0.7940860215053763,"[[693, 392], [47, 883]]"
hgb_lr0.08_leaf31,sweep,0.9103748068878817,0.6040322580645161,0.7821339950372208,0.7807987711213518,"[[866, 219], [220, 710]]"
hgb_lr0.08_leaf31,sweep,0.9173157501813917,0.6037096774193549,0.7821339950372208,0.7800307219662058,"[[876, 209], [230, 700]]"
"mlp(64, 32)",sweep,0.9913732978820801,0.5983870967741935,0.7821339950372208,0.7785714285714286,"[[895, 190], [249, 681]]"
hgb_lr0.06_leaf31,sweep,0.8874843958252339,0.6001612903225807,0.7821339950372208,0.778494623655914,"[[896, 189], [250, 680]]"
"mlp(64, 32)",sweep,0.9915557026386261,0.5987096774193549,0.7821339950372208,0.778494623655914,"[[896, 189], [250, 680]]"
hgb_lr0.04_leaf31,sweep,0.8453363224250181,0.595,0.7821339950372208,0.7774961597542243,"[[909, 176], [263, 667]]"
hgb_lr0.02_leaf63,sweep,0.8301008865645955,0.5983870967741935,0.7821339950372208,0.7768817204301075,"[[917, 168], [271, 659]]"
gb_lr0.08_d1,sweep,0.720516382266731,0.5862903225806452,0.7821339950372208,0.7724270353302611,"[[975, 110], [329, 601]]"
gb_lr0.08_d1,sweep,0.4225647201687516,0.615,0.7816377171215881,0.7967741935483871,"[[651, 434], [6, 924]]"
"mlp(64,)",sweep,0.20369031189084053,0.613225806451613,0.7816377171215881,0.7951612903225806,"[[672, 413], [27, 903]]"
hgb_lr0.02_leaf63,sweep,0.3689748411156782,0.6216129032258064,0.7816377171215881,0.7948540706605223,"[[676, 409], [31, 899]]"
hgb_lr0.02_leaf31,sweep,0.4048963001194459,0.6264516129032258,0.7816377171215881,0.7947004608294931,"[[678, 407], [33, 897]]"
gb_lr0.05_d2,sweep,0.42287039810745214,0.6216129032258064,0.7816377171215881,0.7947004608294931,"[[678, 407], [33, 897]]"
hgb_lr0.02_leaf15,sweep,0.46279006597162914,0.6229032258064516,0.7816377171215881,0.7943164362519202,"[[683, 402], [38, 892]]"
hgb_lr0.04_leaf31,sweep,0.4039155415828889,0.6206451612903225,0.7816377171215881,0.7940860215053763,"[[686, 399], [41, 889]]"
gb_lr0.08_d3,sweep,0.4675705303727033,0.6188709677419355,0.7816377171215881,0.7940092165898618,"[[687, 398], [42, 888]]"
hgb_lr0.04_leaf15,sweep,0.45652041356083706,0.6232258064516129,0.7816377171215881,0.7939324116743471,"[[688, 397], [43, 887]]"
hgb_lr0.04_leaf31,sweep,0.4115788836806355,0.6201612903225806,0.7816377171215881,0.7939324116743471,"[[688, 397], [43, 887]]"
hgb_lr0.06_leaf15,sweep,0.49332215867550483,0.6254838709677419,0.7816377171215881,0.7933179723502304,"[[696, 389], [51, 879]]"
nusvc03,sweep,0.5388449497475496,0.6337096774193548,0.7816377171215881,0.7911674347158217,"[[724, 361], [79, 851]]"
lda,sweep,0.6483853644490242,0.6495161290322581,0.7816377171215881,0.7821044546850999,"[[842, 243], [197, 733]]"
hgb_lr0.04_leaf15,sweep,0.7453454241937123,0.5980645161290322,0.7816377171215881,0.7789554531490015,"[[883, 202], [238, 692]]"
hgb_lr0.06_leaf31,sweep,0.8812681653474342,0.6004838709677419,0.7816377171215881,0.778494623655914,"[[889, 196], [244, 686]]"
hgb_lr0.02_leaf31,sweep,0.7729327350609364,0.5948387096774194,0.7816377171215881,0.7757296466973886,"[[925, 160], [280, 650]]"
hgb_lr0.02_leaf31,sweep,0.7736614367324066,0.5951612903225807,0.7816377171215881,0.7755760368663595,"[[927, 158], [282, 648]]"
gb_lr0.05_d1,sweep,0.7136359782854717,0.5806451612903226,0.7816377171215881,0.7711981566820276,"[[984, 101], [339, 591]]"
gb_lr0.08_d2,sweep,0.7699356297244433,0.5730645161290323,0.7816377171215881,0.7711981566820276,"[[984, 101], [339, 591]]"
gb_lr0.05_d1,sweep,0.4076467492245898,0.6146774193548387,0.7811414392059554,0.7967741935483871,"[[644, 441], [0, 930]]"
gb_lr0.08_d1,sweep,0.4190863207519077,0.6143548387096774,0.7811414392059554,0.7964669738863288,"[[648, 437], [4, 926]]"
hgb_lr0.06_leaf63,sweep,0.2081343034721658,0.6204838709677419,0.7811414392059554,0.7949308755760369,"[[668, 417], [24, 906]]"
gb_lr0.03_d2,sweep,0.427579146651641,0.627258064516129,0.7811414392059554,0.7946236559139785,"[[672, 413], [28, 902]]"
lda,sweep,0.3717415112555027,0.6359677419354839,0.7811414392059554,0.7946236559139785,"[[672, 413], [28, 902]]"
hgb_lr0.08_leaf15,sweep,0.6157773859906652,0.6237096774193548,0.7811414392059554,0.788863287250384,"[[747, 338], [103, 827]]"
nusvc03,sweep,0.8763213706855979,0.6380645161290323,0.7811414392059554,0.7850998463901689,"[[796, 289], [152, 778]]"
lda,sweep,0.6573827333450317,0.6490322580645161,0.7811414392059554,0.7808755760368664,"[[851, 234], [207, 723]]"
gb_lr0.05_d2,sweep,0.7530252919266291,0.5720967741935484,0.7811414392059554,0.7714285714285714,"[[974, 111], [330, 600]]"
gb_lr0.05_d2,sweep,0.7532658918835381,0.572258064516129,0.7811414392059554,0.7713517665130568,"[[975, 110], [331, 599]]"
gb_lr0.03_d1,sweep,0.4217494724344589,0.6241935483870967,0.7806451612903226,0.7963133640552995,"[[643, 442], [0, 930]]"
hgb_lr0.06_leaf31,sweep,0.40828190956774785,0.6183870967741936,0.7806451612903226,0.7931643625192013,"[[684, 401], [41, 889]]"
hgb_lr0.08_leaf31,sweep,0.38723325874183323,0.625,0.7806451612903226,0.7929339477726574,"[[687, 398], [44, 886]]"
nusvc03,sweep,0.37729924491595473,0.6298387096774194,0.7806451612903226,0.7921658986175115,"[[697, 388], [54, 876]]"
nusvc03,sweep,0.37855061180186345,0.63,0.7806451612903226,0.7921658986175115,"[[697, 388], [54, 876]]"
hgb_lr0.04_leaf31,sweep,0.8510238156309667,0.5948387096774194,0.7806451612903226,0.7754992319508449,"[[914, 171], [271, 659]]"
"mlp(128,)",sweep,0.9409641216635704,0.6190322580645161,0.7806451612903226,0.7748847926267282,"[[922, 163], [279, 651]]"
hgb_lr0.02_leaf15,sweep,0.7426102808388604,0.5811290322580646,0.7806451612903226,0.7747311827956989,"[[924, 161], [281, 649]]"
hgb_lr0.04_leaf63,sweep,0.9302611154659522,0.5967741935483871,0.7806451612903226,0.7747311827956989,"[[924, 161], [281, 649]]"
"mlp(128,)",sweep,0.9433972415924072,0.6179032258064516,0.7806451612903226,0.7747311827956989,"[[924, 161], [281, 649]]"
gb_lr0.05_d1,sweep,0.7099627377811177,0.5838709677419355,0.7806451612903226,0.7711981566820276,"[[970, 115], [327, 603]]"
gb_lr0.03_d1,sweep,0.7117282210922575,0.5762903225806452,0.7806451612903226,0.7678955453149001,"[[1013, 72], [370, 560]]"
gb_lr0.03_d1,sweep,0.41720821757655124,0.6211290322580645,0.7801488833746898,0.795852534562212,"[[642, 443], [0, 930]]"
gnb,sweep,0.6433513228173366,0.615,0.7801488833746898,0.795852534562212,"[[642, 443], [0, 930]]"
"mlp(64, 32)",sweep,0.0678511586099863,0.6135483870967742,0.7801488833746898,0.7943932411674348,"[[661, 424], [19, 911]]"
hgb_lr0.04_leaf63,sweep,0.2697068319879731,0.6212903225806452,0.7801488833746898,0.7939324116743471,"[[667, 418], [25, 905]]"
"mlp(128,)",sweep,0.1806670383453369,0.6224193548387097,0.7801488833746898,0.7939324116743471,"[[667, 418], [25, 905]]"
gb_lr0.03_d3,sweep,0.42184991489480267,0.6137096774193549,0.7801488833746898,0.7936251920122888,"[[671, 414], [29, 901]]"
gb_lr0.05_d2,sweep,0.4161196190998336,0.6211290322580645,0.7801488833746898,0.7934715821812597,"[[673, 412], [31, 899]]"
hgb_lr0.02_leaf31,sweep,0.39435974806964946,0.6274193548387097,0.7801488833746898,0.7933179723502304,"[[675, 410], [33, 897]]"
gb_lr0.05_d3,sweep,0.44293490866929874,0.6159677419354839,0.7801488833746898,0.793010752688172,"[[679, 406], [37, 893]]"
hgb_lr0.08_leaf15,sweep,0.5759184223280762,0.6238709677419355,0.7801488833746898,0.7894777265745008,"[[725, 360], [83, 847]]"
hgb_lr0.08_leaf15,sweep,0.579043988411541,0.6238709677419355,0.7801488833746898,0.7894009216589861,"[[726, 359], [84, 846]]"
nusvc03,sweep,0.8960477458796193,0.636774193548387,0.7801488833746898,0.7833333333333333,"[[805, 280], [163, 767]]"
hgb_lr0.06_leaf15,sweep,0.7756717509818192,0.5987096774193549,0.7801488833746898,0.7788018433179723,"[[864, 221], [222, 708]]"
hgb_lr0.08_leaf63,sweep,0.9851580110603846,0.6062903225806452,0.7801488833746898,0.776036866359447,"[[900, 185], [258, 672]]"
hgb_lr0.06_leaf31,sweep,0.8922861480226587,0.5980645161290322,0.7801488833746898,0.7758832565284178,"[[902, 183], [260, 670]]"
hgb_lr0.04_leaf63,sweep,0.9300295259017718,0.5967741935483871,0.7801488833746898,0.7742703533026114,"[[923, 162], [281, 649]]"
gb_lr0.03_d3,sweep,0.7455337795515242,0.5793548387096774,0.7801488833746898,0.7729646697388632,"[[940, 145], [298, 632]]"
gb_lr0.05_d1,sweep,0.7116537382303509,0.5819354838709677,0.7801488833746898,0.7704301075268817,"[[973, 112], [331, 599]]"
gb_lr0.03_d1,sweep,0.7110909745486356,0.5766129032258065,0.7801488833746898,0.7675115207373272,"[[1011, 74], [369, 561]]"
gb_lr0.03_d1,sweep,0.4130538028519051,0.6164516129032258,0.7796526054590571,0.7953917050691244,"[[641, 444], [0, 930]]"
hgb_lr0.02_leaf15,sweep,0.4547001695656271,0.6214516129032258,0.7796526054590571,0.7925499231950845,"[[678, 407], [37, 893]]"
hgb_lr0.04_leaf31,sweep,0.3875845761811646,0.6204838709677419,0.7796526054590571,0.7924731182795699,"[[679, 406], [38, 892]]"
ada100,default_predict,,,0.7796526054590571,0.7924731182795699,"[[679, 406], [38, 892]]"
ada100,sweep,0.5,0.6114516129032258,0.7796526054590571,0.7924731182795699,"[[679, 406], [38, 892]]"
hgb_lr0.08_leaf31,sweep,0.3711963334497274,0.6253225806451613,0.7796526054590571,0.7922427035330262,"[[682, 403], [41, 889]]"
hgb_lr0.06_leaf15,sweep,0.7742444802020143,0.5991935483870968,0.7796526054590571,0.778494623655914,"[[861, 224], [220, 710]]"
hgb_lr0.06_leaf31,sweep,0.8944009404891614,0.5972580645161291,0.7796526054590571,0.7752688172043011,"[[903, 182], [262, 668]]"
hgb_lr0.08_leaf63,sweep,0.9858982590518705,0.6059677419354839,0.7796526054590571,0.7752688172043011,"[[903, 182], [262, 668]]"
"mlp(64, 32)",sweep,0.9931370634555816,0.5969354838709677,0.7796526054590571,0.7752688172043011,"[[903, 182], [262, 668]]"
"mlp(64, 32)",sweep,0.9931786410331727,0.5969354838709677,0.7796526054590571,0.7752688172043011,"[[903, 182], [262, 668]]"
hgb_lr0.06_leaf31,sweep,0.9010615552490724,0.5956451612903226,0.7796526054590571,0.7745775729646698,"[[912, 173], [271, 659]]"
hgb_lr0.02_leaf63,sweep,0.8366847453703877,0.5964516129032258,0.7796526054590571,0.7738863287250384,"[[921, 164], [280, 650]]"
hgb_lr0.06_leaf63,sweep,0.9710658334329691,0.6022580645161291,0.7796526054590571,0.7738095238095238,"[[922, 163], [281, 649]]"
hgb_lr0.02_leaf63,sweep,0.8387430872756348,0.5946774193548388,0.7796526054590571,0.7737327188940093,"[[923, 162], [282, 648]]"
hgb_lr0.06_leaf63,sweep,0.9712075273214038,0.6020967741935483,0.7796526054590571,0.7737327188940093,"[[923, 162], [282, 648]]"
gb_lr0.05_d3,sweep,0.7430309704435277,0.5966129032258064,0.7796526054590571,0.7737327188940093,"[[923, 162], [282, 648]]"
gb_lr0.05_d3,sweep,0.7443696917089003,0.5951612903225807,0.7796526054590571,0.77357910906298,"[[925, 160], [284, 646]]"
gb_lr0.03_d1,sweep,0.40843644302753906,0.612741935483871,0.7791563275434243,0.7949308755760369,"[[640, 445], [0, 930]]"
gnb,default_predict,,,0.7791563275434243,0.7949308755760369,"[[640, 445], [0, 930]]"
gnb,sweep,0.5,0.6153225806451613,0.7791563275434243,0.7949308755760369,"[[640, 445], [0, 930]]"
gb_lr0.08_d1,sweep,0.4162356611670122,0.6129032258064516,0.7791563275434243,0.7947004608294932,"[[643, 442], [3, 927]]"
"mlp(64, 32)",sweep,0.058898955017328204,0.6125806451612903,0.7791563275434243,0.7937019969278034,"[[656, 429], [16, 914]]"
hgb_lr0.08_leaf63,sweep,0.15871439330314346,0.6266129032258064,0.7791563275434243,0.7931643625192012,"[[663, 422], [23, 907]]"
hgb_lr0.06_leaf63,sweep,0.2012119695526929,0.6201612903225806,0.7791563275434243,0.7930875576036867,"[[664, 421], [24, 906]]"
gb_lr0.03_d2,sweep,0.41959408800354697,0.6258064516129033,0.7791563275434243,0.7929339477726575,"[[666, 419], [26, 904]]"
gb_lr0.03_d2,sweep,0.41995401897080015,0.6256451612903225,0.7791563275434243,0.7929339477726575,"[[666, 419], [26, 904]]"
hgb_lr0.06_leaf31,sweep,0.38681846338847514,0.6208064516129033,0.7791563275434243,0.7920122887864823,"[[678, 407], [38, 892]]"
hgb_lr0.08_leaf15,sweep,0.5996968711764061,0.6245161290322581,0.7791563275434243,0.7876344086021505,"[[735, 350], [95, 835]]"
hgb_lr0.04_leaf15,sweep,0.7477984451537447,0.5975806451612903,0.7791563275434243,0.7762672811059907,"[[883, 202], [243, 687]]"
hgb_lr0.04_leaf31,sweep,0.8534013214073078,0.5929032258064516,0.7791563275434243,0.7737327188940093,"[[916, 169], [276, 654]]"
gb_lr0.03_d3,sweep,0.7470936420939227,0.5780645161290323,0.7791563275434243,0.7717357910906297,"[[942, 143], [302, 628]]"
gb_lr0.03_d2,sweep,0.7326341520216862,0.5685483870967742,0.7791563275434243,0.7709677419354839,"[[952, 133], [312, 618]]"
gb_lr0.05_d1,sweep,0.7149547314998479,0.5808064516129032,0.7791563275434243,0.7684331797235022,"[[985, 100], [345, 585]]"
gb_lr0.03_d1,sweep,0.40170703723143886,0.6108064516129033,0.7786600496277916,0.7944700460829492,"[[639, 446], [0, 930]]"
hgb_lr0.04_leaf63,sweep,0.25704638396476387,0.6209677419354839,0.7786600496277916,0.7927035330261136,"[[662, 423], [23, 907]]"
"mlp(128,)",sweep,0.1694883328139782,0.6216129032258064,0.7786600496277916,0.7927035330261136,"[[662, 423], [23, 907]]"
lda,sweep,0.36165371894836423,0.6358064516129033,0.7786600496277916,0.7923963133640552,"[[666, 419], [27, 903]]"
gb_lr0.05_d3,sweep,0.4368964365075456,0.6153225806451613,0.7786600496277916,0.791705069124424,"[[675, 410], [36, 894]]"
gb_lr0.08_d3,sweep,0.45648204191869046,0.6183870967741936,0.7786600496277916,0.7913978494623657,"[[679, 406], [40, 890]]"
nusvc03,sweep,0.8851783999780514,0.636774193548387,0.7786600496277916,0.7823348694316437,"[[797, 288], [158, 772]]"
"mlp(64,)",sweep,0.9312066161990166,0.6201612903225806,0.7786600496277916,0.776036866359447,"[[879, 206], [240, 690]]"
hgb_lr0.06_leaf31,sweep,0.9027041123055846,0.5953225806451613,0.7786600496277916,0.7735023041474653,"[[912, 173], [273, 657]]"
hgb_lr0.02_leaf31,sweep,0.7793088986220765,0.5924193548387097,0.7786600496277916,0.7719662058371736,"[[932, 153], [293, 637]]"
gb_lr0.05_d1,sweep,0.7169320014358357,0.5806451612903226,0.7786600496277916,0.7674347158218126,"[[991, 94], [352, 578]]"
hgb_lr0.06_leaf31,sweep,0.33996386722548794,0.6185483870967742,0.7781637717121588,0.7920122887864823,"[[664, 421], [26, 904]]"
gb_lr0.03_d3,sweep,0.41647780796795625,0.6120967741935484,0.7781637717121588,0.7919354838709678,"[[665, 420], [27, 903]]"
"mlp(64,)",sweep,0.195871578168869,0.6122580645161291,0.7781637717121588,0.7919354838709678,"[[665, 420], [27, 903]]"
lda,sweep,0.36061372575759887,0.6353225806451613,0.7781637717121588,0.7919354838709678,"[[665, 420], [27, 903]]"
gb_lr0.08_d2,sweep,0.41963166439087585,0.6209677419354839,0.7781637717121588,0.7910138248847927,"[[677, 408], [39, 891]]"
hgb_lr0.06_leaf15,sweep,0.4779752666814445,0.6279032258064516,0.7781637717121588,0.7903993855606759,"[[685, 400], [47, 883]]"
nusvc03,sweep,0.3203198294406932,0.6319354838709678,0.7781637717121588,0.7902457757296466,"[[687, 398], [49, 881]]"
hgb_lr0.08_leaf15,sweep,0.5512464637095534,0.6237096774193548,0.7781637717121588,0.7881720430107527,"[[714, 371], [76, 854]]"
hgb_lr0.08_leaf15,sweep,0.5936367121511804,0.6253225806451613,0.7781637717121588,0.7868663594470047,"[[731, 354], [93, 837]]"
nusvc03,sweep,0.9056752568222111,0.6359677419354839,0.7781637717121588,0.7808755760368664,"[[809, 276], [171, 759]]"
nusvc03,sweep,0.9152578522745736,0.6364516129032258,0.7781637717121588,0.780568356374808,"[[813, 272], [175, 755]]"
hgb_lr0.08_leaf15,sweep,0.7818600683898141,0.6085483870967742,0.7781637717121588,0.7784178187403994,"[[841, 244], [203, 727]]"
hgb_lr0.08_leaf31,sweep,0.9225978710637012,0.6019354838709677,0.7781637717121588,0.7754992319508449,"[[879, 206], [241, 689]]"
hgb_lr0.02_leaf63,sweep,0.8449343824320728,0.595,0.7781637717121588,0.7716589861751153,"[[929, 156], [291, 639]]"
hgb_lr0.02_leaf31,sweep,0.781192542335996,0.5912903225806452,0.7781637717121588,0.7712749615975423,"[[934, 151], [296, 634]]"
gb_lr0.08_d3,sweep,0.7971934173166092,0.582741935483871,0.7781637717121588,0.7698924731182796,"[[952, 133], [314, 616]]"
hgb_lr0.08_leaf63,sweep,0.13403485373992088,0.6248387096774194,0.777667493796526,0.7920890937019969,"[[656, 429], [19, 911]]"
hgb_lr0.04_leaf31,sweep,0.3704257464814873,0.6191935483870967,0.777667493796526,0.7907834101382489,"[[673, 412], [36, 894]]"
gb_lr0.08_d3,sweep,0.4436781756291185,0.6183870967741936,0.777667493796526,0.7907834101382489,"[[673, 412], [36, 894]]"
hgb_lr0.02_leaf15,sweep,0.4518751409845837,0.6204838709677419,0.777667493796526,0.7907066052227343,"[[674, 411], [37, 893]]"
hgb_lr0.04_leaf31,sweep,0.378870835022238,0.6188709677419355,0.777667493796526,0.7907066052227343,"[[674, 411], [37, 893]]"
hgb_lr0.06_leaf31,sweep,0.38134074280120583,0.6204838709677419,0.777667493796526,0.7907066052227343,"[[674, 411], [37, 893]]"
gb_lr0.08_d3,sweep,0.44854808528409584,0.6191935483870967,0.777667493796526,0.7907066052227343,"[[674, 411], [37, 893]]"
hgb_lr0.06_leaf15,sweep,0.4770257869052974,0.6283870967741936,0.777667493796526,0.7899385560675883,"[[684, 401], [47, 883]]"
nusvc03,sweep,0.3070235890148708,0.631774193548387,0.777667493796526,0.7899385560675883,"[[684, 401], [47, 883]]"
nusvc03,sweep,0.9229207082718782,0.6375806451612903,0.777667493796526,0.7798771121351766,"[[815, 270], [178, 752]]"
hgb_lr0.08_leaf15,sweep,0.7866293230412653,0.6079032258064516,0.777667493796526,0.7778033794162826,"[[842, 243], [205, 725]]"
lda,sweep,0.6614875424861907,0.6475806451612903,0.777667493796526,0.7770353302611367,"[[852, 233], [215, 715]]"
"mlp(128,)",sweep,0.9469167309522629,0.6153225806451613,0.777667493796526,0.7713517665130568,"[[926, 159], [289, 641]]"
hgb_lr0.02_leaf63,sweep,0.8464120968815734,0.5941935483870968,0.777667493796526,0.7709677419354839,"[[931, 154], [294, 636]]"
gb_lr0.05_d3,sweep,0.7508563686447115,0.5925806451612903,0.777667493796526,0.7709677419354839,"[[931, 154], [294, 636]]"
gb_lr0.03_d3,sweep,0.7521652656310901,0.5759677419354838,0.777667493796526,0.769815668202765,"[[946, 139], [309, 621]]"
gb_lr0.05_d2,sweep,0.7578811742211088,0.5701612903225807,0.777667493796526,0.7672043010752688,"[[980, 105], [343, 587]]"
ada100,sweep,0.5070961846596688,0.5817741935483871,0.777667493796526,0.7664362519201229,"[[990, 95], [353, 577]]"
gb_lr0.03_d1,sweep,0.3980060022092476,0.61,0.7771712158808933,0.7930875576036867,"[[636, 449], [0, 930]]"
hgb_lr0.06_leaf63,sweep,0.17816791212217262,0.6203225806451613,0.7771712158808933,0.7915514592933948,"[[656, 429], [20, 910]]"
hgb_lr0.04_leaf63,sweep,0.23824544438591322,0.62,0.7771712158808933,0.7914746543778801,"[[657, 428], [21, 909]]"
lda,sweep,0.35424942809343346,0.6333870967741936,0.7771712158808933,0.7910138248847927,"[[663, 422], [27, 903]]"
hgb_lr0.02_leaf63,sweep,0.35052115382607163,0.6190322580645161,0.7771712158808933,0.790937019969278,"[[664, 421], [28, 902]]"
hgb_lr0.02_leaf63,sweep,0.35169275763073204,0.6195161290322581,0.7771712158808933,0.790937019969278,"[[664, 421], [28, 902]]"
hgb_lr0.06_leaf31,sweep,0.3463117320385491,0.6190322580645161,0.7771712158808933,0.790937019969278,"[[664, 421], [28, 902]]"
hgb_lr0.04_leaf15,sweep,0.429533613267282,0.6256451612903225,0.7771712158808933,0.7901689708141321,"[[674, 411], [38, 892]]"
hgb_lr0.04_leaf15,sweep,0.44139284828095016,0.6245161290322581,0.7771712158808933,0.7898617511520738,"[[678, 407], [42, 888]]"
hgb_lr0.08_leaf15,sweep,0.5565209296885829,0.6232258064516129,0.7771712158808933,0.7869431643625192,"[[716, 369], [80, 850]]"
nusvc03,sweep,0.9366219201292715,0.6364516129032258,0.7771712158808933,0.7789554531490015,"[[820, 265], [184, 746]]"
lda,sweep,0.6645467110276222,0.6469354838709678,0.7771712158808933,0.7763440860215054,"[[854, 231], [218, 712]]"
hgb_lr0.06_leaf15,sweep,0.7815493097601823,0.5975806451612903,0.7771712158808933,0.7750384024577572,"[[871, 214], [235, 695]]"
hgb_lr0.08_leaf31,sweep,0.927510943147534,0.6004838709677419,0.7771712158808933,0.7742703533026114,"[[881, 204], [245, 685]]"
"mlp(64,)",sweep,0.9348044203281403,0.6175806451612903,0.7771712158808933,0.7742703533026114,"[[881, 204], [245, 685]]"
"mlp(64,)",sweep,0.9380829921722412,0.6154838709677419,0.7771712158808933,0.7741167434715821,"[[883, 202], [247, 683]]"
hgb_lr0.02_leaf15,sweep,0.7471632359258332,0.58,0.7771712158808933,0.7706605222734255,"[[928, 157], [292, 638]]"
gb_lr0.08_d3,sweep,0.7968288921550302,0.5830645161290322,0.7771712158808933,0.7689708141321044,"[[950, 135], [314, 616]]"
gb_lr0.03_d2,sweep,0.7350722507977443,0.5683870967741935,0.7771712158808933,0.7685099846390169,"[[956, 129], [320, 610]]"
gb_lr0.03_d2,sweep,0.4132347754818245,0.6251612903225806,0.7766749379652605,0.7907066052227343,"[[660, 425], [25, 905]]"
hgb_lr0.04_leaf15,sweep,0.4274634243017112,0.6253225806451613,0.7766749379652605,0.7897081413210445,"[[673, 412], [38, 892]]"
gb_lr0.08_d2,sweep,0.4158732882531291,0.6214516129032258,0.7766749379652605,0.7897081413210445,"[[673, 412], [38, 892]]"
ada100,sweep,0.4998605374362892,0.6109677419354839,0.7766749379652605,0.7897081413210445,"[[673, 412], [38, 892]]"
hgb_lr0.08_leaf63,sweep,0.9872275605893616,0.6038709677419355,0.7766749379652605,0.7717357910906297,"[[907, 178], [272, 658]]"
hgb_lr0.02_leaf15,sweep,0.7488712620840156,0.5793548387096774,0.7766749379652605,0.7699692780337941,"[[930, 155], [295, 635]]"
hgb_lr0.04_leaf63,sweep,0.9355805494161866,0.5970967741935483,0.7766749379652605,0.7699692780337941,"[[930, 155], [295, 635]]"
hgb_lr0.04_leaf63,sweep,0.935986145432462,0.5969354838709677,0.7766749379652605,0.7699692780337941,"[[930, 155], [295, 635]]"
"mlp(128,)",sweep,0.9518468940258026,0.6153225806451613,0.7766749379652605,0.7699692780337941,"[[930, 155], [295, 635]]"
gb_lr0.08_d1,sweep,0.7254377893068082,0.5858064516129032,0.7766749379652605,0.7662058371735792,"[[979, 106], [344, 586]]"
gb_lr0.03_d1,sweep,0.3933856673098771,0.6069354838709677,0.7761786600496278,0.7921658986175115,"[[634, 451], [0, 930]]"
"mlp(128,)",sweep,0.14730742421150206,0.6179032258064516,0.7761786600496278,0.790937019969278,"[[650, 435], [16, 914]]"
"mlp(64, 32)",sweep,0.0527649017870426,0.6117741935483871,0.7761786600496278,0.790937019969278,"[[650, 435], [16, 914]]"
hgb_lr0.06_leaf63,sweep,0.17537545817330624,0.62,0.7761786600496278,0.7907066052227343,"[[653, 432], [19, 911]]"
hgb_lr0.08_leaf63,sweep,0.13128421940655238,0.6248387096774194,0.7761786600496278,0.7907066052227343,"[[653, 432], [19, 911]]"
gb_lr0.03_d3,sweep,0.4121478892777783,0.6116129032258064,0.7761786600496278,0.7902457757296467,"[[659, 426], [25, 905]]"
ada100,sweep,0.49983614323998005,0.6108064516129033,0.7761786600496278,0.789247311827957,"[[672, 413], [38, 892]]"
hgb_lr0.08_leaf15,sweep,0.5239663771022867,0.6248387096774194,0.7761786600496278,0.7870199692780337,"[[701, 384], [67, 863]]"
hgb_lr0.08_leaf15,sweep,0.53842778984111,0.6256451612903225,0.7761786600496278,0.7864823348694316,"[[708, 377], [74, 856]]"
gb_lr0.03_d3,sweep,0.757010041703378,0.574516129032258,0.7761786600496278,0.7679723502304148,"[[949, 136], [315, 615]]"
gb_lr0.08_d3,sweep,0.8062758401413488,0.579516129032258,0.7761786600496278,0.7672811059907834,"[[958, 127], [324, 606]]"
gb_lr0.03_d2,sweep,0.7373412976140574,0.567741935483871,0.7761786600496278,0.7672043010752688,"[[959, 126], [325, 605]]"
gb_lr0.05_d3,sweep,0.4335972011375636,0.6141935483870967,0.775682382133995,0.7889400921658987,"[[669, 416], [36, 894]]"
hgb_lr0.08_leaf31,sweep,0.34683763748008045,0.6248387096774194,0.775682382133995,0.7886328725038403,"[[673, 412], [40, 890]]"
hgb_lr0.08_leaf15,sweep,0.5086973454470894,0.6253225806451613,0.775682382133995,0.7871735791090629,"[[692, 393], [59, 871]]"
hgb_lr0.08_leaf15,sweep,0.5298581788218769,0.6259677419354839,0.775682382133995,0.786405529953917,"[[702, 383], [69, 861]]"
nusvc03,sweep,0.9386501582570552,0.6364516129032258,0.775682382133995,0.7773425499231951,"[[820, 265], [187, 743]]"
nusvc03,sweep,0.9504258934952188,0.6380645161290323,0.775682382133995,0.7765745007680491,"[[830, 255], [197, 733]]"
hgb_lr0.08_leaf31,sweep,0.929422570685855,0.5991935483870968,0.775682382133995,0.7725806451612903,"[[882, 203], [249, 681]]"
hgb_lr0.06_leaf31,sweep,0.9108474484441832,0.5941935483870968,0.775682382133995,0.7697388632872504,"[[919, 166], [286, 644]]"
gb_lr0.05_d3,sweep,0.7528903139630999,0.5911290322580646,0.775682382133995,0.7688172043010753,"[[931, 154], [298, 632]]"
gb_lr0.05_d2,sweep,0.75953194703494,0.5682258064516129,0.775682382133995,0.7650537634408602,"[[980, 105], [347, 583]]"
gb_lr0.08_d2,sweep,0.773466424510827,0.5725806451612904,0.775682382133995,0.7645161290322581,"[[987, 98], [354, 576]]"
ada100,sweep,0.5071919140147165,0.5816129032258065,0.775682382133995,0.7642089093701997,"[[991, 94], [358, 572]]"
gb_lr0.03_d1,sweep,0.38709810696378605,0.6048387096774194,0.7751861042183623,0.7912442396313364,"[[632, 453], [0, 930]]"
gb_lr0.03_d1,sweep,0.388221184989612,0.6059677419354839,0.7751861042183623,0.7912442396313364,"[[632, 453], [0, 930]]"
gb_lr0.05_d1,sweep,0.40111442696612765,0.6122580645161291,0.7751861042183623,0.7912442396313364,"[[632, 453], [0, 930]]"
gb_lr0.05_d1,sweep,0.4016078832209773,0.6125806451612903,0.7751861042183623,0.7912442396313364,"[[632, 453], [0, 930]]"
gnb,sweep,0.082151237858285,0.6153225806451613,0.7751861042183623,0.7912442396313364,"[[632, 453], [0, 930]]"
"mlp(128,)",sweep,0.13312661342322826,0.614516129032258,0.7751861042183623,0.7903225806451613,"[[644, 441], [12, 918]]"
hgb_lr0.08_leaf63,sweep,0.11705001273286672,0.6232258064516129,0.7751861042183623,0.7898617511520737,"[[650, 435], [18, 912]]"
hgb_lr0.04_leaf63,sweep,0.22182688171412704,0.6187096774193548,0.7751861042183623,0.7897081413210445,"[[652, 433], [20, 910]]"
"mlp(128,)",sweep,0.15516461125612255,0.6190322580645161,0.7751861042183623,0.7897081413210445,"[[652, 433], [20, 910]]"
gb_lr0.05_d2,sweep,0.40475812112816073,0.6214516129032258,0.7751861042183623,0.7889400921658987,"[[662, 423], [30, 900]]"
hgb_lr0.06_leaf31,sweep,0.36675679896244884,0.6203225806451613,0.7751861042183623,0.788479262672811,"[[668, 417], [36, 894]]"
hgb_lr0.08_leaf15,sweep,0.4892061813808683,0.6243548387096775,0.7751861042183623,0.787173579109063,"[[685, 400], [53, 877]]"
nusvc03,sweep,0.9471375867136518,0.6375806451612903,0.7751861042183623,0.77642089093702,"[[825, 260], [193, 737]]"
lda,sweep,0.6706745677948,0.6453225806451612,0.7751861042183623,0.7738095238095237,"[[859, 226], [227, 703]]"
hgb_lr0.06_leaf15,sweep,0.7847634039061449,0.5979032258064516,0.7751861042183623,0.7728110599078342,"[[872, 213], [240, 690]]"
hgb_lr0.06_leaf15,sweep,0.7937578857578416,0.5951612903225807,0.7751861042183623,0.7721198156682028,"[[881, 204], [249, 681]]"
hgb_lr0.06_leaf31,sweep,0.9088385880622154,0.5935483870967742,0.7751861042183623,0.769431643625192,"[[916, 169], [284, 646]]"
hgb_lr0.02_leaf31,sweep,0.7858956671674356,0.5903225806451613,0.7751861042183623,0.767741935483871,"[[938, 147], [306, 624]]"
gb_lr0.08_d3,sweep,0.807437803426146,0.5791935483870968,0.7751861042183623,0.7662058371735792,"[[958, 127], [326, 604]]"
hgb_lr0.02_leaf31,sweep,0.37951114772266975,0.6256451612903225,0.7746898263027295,0.7884792626728111,"[[661, 424], [30, 900]]"
gb_lr0.05_d2,sweep,0.404284045720447,0.6212903225806452,0.7746898263027295,0.7884792626728111,"[[661, 424], [30, 900]]"
hgb_lr0.02_leaf15,sweep,0.44568036881964523,0.6196774193548387,0.7746898263027295,0.7880184331797235,"[[667, 418], [36, 894]]"
hgb_lr0.04_leaf15,sweep,0.4173685250943626,0.6232258064516129,0.7746898263027295,0.7879416282642089,"[[668, 417], [37, 893]]"
hgb_lr0.08_leaf31,sweep,0.343881557694601,0.6251612903225806,0.7746898263027295,0.7877112135176652,"[[671, 414], [40, 890]]"
hgb_lr0.08_leaf15,default_predict,,,0.7746898263027295,0.7864823348694316,"[[687, 398], [56, 874]]"
hgb_lr0.08_leaf15,sweep,0.5,0.6248387096774194,0.7746898263027295,0.7864823348694316,"[[687, 398], [56, 874]]"
hgb_lr0.08_leaf15,sweep,0.5072983490240377,0.6253225806451613,0.7746898263027295,0.7862519201228879,"[[690, 395], [59, 871]]"
hgb_lr0.08_leaf15,sweep,0.7985621562217051,0.6061290322580645,0.7746898263027295,0.7744239631336406,"[[844, 241], [213, 717]]"
hgb_lr0.08_leaf63,sweep,0.987885346295586,0.602741935483871,0.7746898263027295,0.7695084485407067,"[[908, 177], [277, 653]]"
hgb_lr0.04_leaf31,sweep,0.8585449515354038,0.5917741935483871,0.7746898263027295,0.7687403993855606,"[[918, 167], [287, 643]]"
gb_lr0.03_d3,sweep,0.7581436558630616,0.5738709677419355,0.7746898263027295,0.7663594470046082,"[[949, 136], [318, 612]]"
gb_lr0.08_d2,sweep,0.7742778646482645,0.5725806451612904,0.7746898263027295,0.7634408602150538,"[[987, 98], [356, 574]]"
"mlp(128,)",sweep,0.12884690680503846,0.6140322580645161,0.7741935483870968,0.7894777265745008,"[[641, 444], [11, 919]]"
gb_lr0.03_d3,sweep,0.4027755547311885,0.6101612903225806,0.7741935483870968,0.7885560675883256,"[[653, 432], [23, 907]]"
hgb_lr0.02_leaf63,sweep,0.3398051146173975,0.6193548387096774,0.7741935483870968,0.7882488479262673,"[[657, 428], [27, 903]]"
hgb_lr0.02_leaf31,sweep,0.38171763686572474,0.6256451612903225,0.7741935483870968,0.7879416282642089,"[[661, 424], [31, 899]]"
hgb_lr0.04_leaf31,sweep,0.3538596406601902,0.6196774193548387,0.7741935483870968,0.7877112135176652,"[[664, 421], [34, 896]]"
gb_lr0.08_d2,sweep,0.4103186452035906,0.6204838709677419,0.7741935483870968,0.787557603686636,"[[666, 419], [36, 894]]"
nusvc03,sweep,0.2732358202924437,0.6320967741935484,0.7741935483870968,0.7870967741935484,"[[672, 413], [42, 888]]"
hgb_lr0.06_leaf15,sweep,0.46362278493449155,0.6274193548387097,0.7741935483870968,0.7868663594470047,"[[675, 410], [45, 885]]"
hgb_lr0.06_leaf15,sweep,0.7915263705211556,0.5959677419354839,0.7741935483870968,0.7712749615975423,"[[878, 207], [248, 682]]"
hgb_lr0.04_leaf63,sweep,0.9417489710098037,0.5961290322580645,0.7741935483870968,0.7668970814132104,"[[935, 150], [305, 625]]"
gb_lr0.05_d3,sweep,0.7601661457250074,0.5896774193548387,0.7741935483870968,0.7668970814132104,"[[935, 150], [305, 625]]"
hgb_lr0.04_leaf63,sweep,0.9425591939357796,0.5962903225806452,0.7741935483870968,0.7667434715821813,"[[937, 148], [307, 623]]"
gb_lr0.05_d3,sweep,0.7619584213294337,0.59,0.7741935483870968,0.7667434715821813,"[[937, 148], [307, 623]]"
gb_lr0.03_d2,sweep,0.7404595667993068,0.5669354838709677,0.7741935483870968,0.7647465437788019,"[[963, 122], [333, 597]]"
gb_lr0.05_d1,sweep,0.71965607521144,0.5811290322580646,0.7741935483870968,0.7622887864823349,"[[995, 90], [365, 565]]"
gb_lr0.03_d1,sweep,0.7142726864765143,0.5751612903225807,0.7741935483870968,0.7606758832565284,"[[1016, 69], [386, 544]]"
gb_lr0.03_d1,sweep,0.7151302979270618,0.5751612903225807,0.7741935483870968,0.7602918586789554,"[[1021, 64], [391, 539]]"
gb_lr0.03_d1,sweep,0.3799651055229102,0.6009677419354839,0.773697270471464,0.7898617511520738,"[[629, 456], [0, 930]]"
gnb,sweep,0.030089886574374693,0.6158064516129033,0.773697270471464,0.7898617511520738,"[[629, 456], [0, 930]]"
"mlp(64,)",sweep,0.18447640628814696,0.6122580645161291,0.773697270471464,0.7879416282642089,"[[654, 431], [25, 905]]"
hgb_lr0.06_leaf31,sweep,0.3175773516402966,0.6185483870967742,0.773697270471464,0.7878648233486943,"[[655, 430], [26, 904]]"
gb_lr0.05_d3,sweep,0.4251244772710364,0.6153225806451613,0.773697270471464,0.7873271889400921,"[[662, 423], [33, 897]]"
nusvc03,sweep,0.2702055855505296,0.6320967741935484,0.773697270471464,0.7867127496159754,"[[670, 415], [41, 889]]"
nusvc03,sweep,0.9572504785580085,0.6393548387096775,0.773697270471464,0.7741167434715821,"[[834, 251], [205, 725]]"
nusvc03,sweep,0.9646684952748857,0.6401612903225806,0.773697270471464,0.773963133640553,"[[836, 249], [207, 723]]"
nusvc03,sweep,0.9658398748550509,0.640483870967742,0.773697270471464,0.7738095238095238,"[[838, 247], [209, 721]]"
lda,sweep,0.6749927772760391,0.6451612903225806,0.773697270471464,0.7720430107526881,"[[861, 224], [232, 698]]"
gb_lr0.05_d1,sweep,0.7206013639093297,0.5812903225806452,0.773697270471464,0.7616743471582181,"[[996, 89], [367, 563]]"
gb_lr0.08_d1,sweep,0.40892629975990863,0.6119354838709677,0.7732009925558313,0.7891705069124424,"[[631, 454], [3, 927]]"
gb_lr0.03_d2,sweep,0.4069772477331363,0.622741935483871,0.7732009925558313,0.7874807987711214,"[[653, 432], [25, 905]]"
gb_lr0.05_d3,sweep,0.41974312560088484,0.6158064516129033,0.7732009925558313,0.7869431643625192,"[[660, 425], [32, 898]]"
nusvc03,sweep,0.9798962135138963,0.6393548387096775,0.7732009925558313,0.7718125960061444,"[[857, 228], [229, 701]]"
"mlp(128,)",sweep,0.9543711099982262,0.6130645161290322,0.7732009925558313,0.7662058371735792,"[[930, 155], [302, 628]]"
hgb_lr0.06_leaf31,sweep,0.923469421063082,0.5911290322580646,0.7732009925558313,0.7658986175115208,"[[934, 151], [306, 624]]"
hgb_lr0.02_leaf31,sweep,0.7877284454155362,0.589516129032258,0.7732009925558313,0.7655913978494624,"[[938, 147], [310, 620]]"
hgb_lr0.04_leaf63,sweep,0.21529037416357313,0.618225806451613,0.7727047146401985,0.7874807987711214,"[[646, 439], [19, 911]]"
hgb_lr0.06_leaf31,sweep,0.2951776881224777,0.6170967741935484,0.7727047146401985,0.7871735791090629,"[[650, 435], [23, 907]]"
lda,sweep,0.34283554159402846,0.6306451612903226,0.7727047146401985,0.7871735791090629,"[[650, 435], [23, 907]]"
hgb_lr0.08_leaf15,sweep,0.4705875698233757,0.6225806451612903,0.7727047146401985,0.7849462365591398,"[[679, 406], [52, 878]]"
nusvc03,sweep,0.9715643395132586,0.6395161290322581,0.7727047146401985,0.7721966205837174,"[[845, 240], [218, 712]]"
hgb_lr0.08_leaf15,sweep,0.803579743708097,0.6061290322580645,0.7727047146401985,0.7720430107526881,"[[847, 238], [220, 710]]"
nusvc03,sweep,0.9728458715507363,0.6396774193548387,0.7727047146401985,0.7720430107526881,"[[847, 238], [220, 710]]"
hgb_lr0.08_leaf15,sweep,0.8126585639086887,0.6046774193548388,0.7727047146401985,0.7713517665130569,"[[856, 229], [229, 701]]"
"mlp(64, 32)",sweep,0.9943745119333267,0.5972580645161291,0.7727047146401985,0.7675115207373271,"[[906, 179], [279, 651]]"
hgb_lr0.08_leaf63,sweep,0.9899001995333615,0.6033870967741936,0.7727047146401985,0.7667434715821813,"[[916, 169], [289, 641]]"
hgb_lr0.06_leaf31,sweep,0.9163540338622271,0.5940322580645161,0.7727047146401985,0.7659754224270353,"[[926, 159], [299, 631]]"
hgb_lr0.02_leaf63,sweep,0.8529269693527632,0.5922580645161291,0.7727047146401985,0.7653609831029187,"[[934, 151], [307, 623]]"
gb_lr0.08_d1,sweep,0.7276347109494057,0.5843548387096774,0.7727047146401985,0.7615975422427035,"[[983, 102], [356, 574]]"
ada100,sweep,0.5074848737161157,0.5819354838709677,0.7727047146401985,0.7606758832565284,"[[995, 90], [368, 562]]"
gb_lr0.08_d1,sweep,0.4079153226836293,0.6108064516129033,0.7722084367245657,0.7882488479262673,"[[629, 456], [3, 927]]"
"mlp(64, 32)",sweep,0.044848135894537004,0.61,0.7722084367245657,0.7874807987711213,"[[639, 446], [13, 917]]"
hgb_lr0.02_leaf63,sweep,0.32868914776949537,0.62,0.7722084367245657,0.7867127496159754,"[[649, 436], [23, 907]]"
hgb_lr0.06_leaf31,sweep,0.2916663327799844,0.6161290322580645,0.7722084367245657,0.7867127496159754,"[[649, 436], [23, 907]]"
gb_lr0.03_d3,sweep,0.40035563007991587,0.6093548387096774,0.7722084367245657,0.7867127496159754,"[[649, 436], [23, 907]]"
lda,sweep,0.34061997328996646,0.6295161290322581,0.7722084367245657,0.7867127496159754,"[[649, 436], [23, 907]]"
hgb_lr0.04_leaf31,sweep,0.34447277751798827,0.6193548387096774,0.7722084367245657,0.7859447004608295,"[[659, 426], [33, 897]]"
ada100,sweep,0.4996424196872075,0.61,0.7722084367245657,0.7856374807987712,"[[663, 422], [37, 893]]"
hgb_lr0.08_leaf15,sweep,0.4693109641414606,0.6229032258064516,0.7722084367245657,0.7844854070660523,"[[678, 407], [52, 878]]"
nusvc03,sweep,0.9765783594835864,0.6380645161290323,0.7722084367245657,0.7712749615975423,"[[850, 235], [224, 706]]"
hgb_lr0.08_leaf15,sweep,0.8140786671226272,0.6051612903225806,0.7722084367245657,0.7708141321044547,"[[856, 229], [230, 700]]"
lda,sweep,0.6809761266708374,0.6430645161290323,0.7722084367245657,0.7700460829493088,"[[866, 219], [240, 690]]"
"mlp(64,)",sweep,0.9445699527859688,0.6158064516129033,0.7722084367245657,0.7685867895545315,"[[885, 200], [259, 671]]"
hgb_lr0.04_leaf15,sweep,0.7571843920710409,0.5959677419354839,0.7722084367245657,0.7685099846390169,"[[886, 199], [260, 670]]"
hgb_lr0.06_leaf15,sweep,0.7984401897743884,0.5938709677419355,0.7722084367245657,0.7685099846390169,"[[886, 199], [260, 670]]"
"mlp(64,)",sweep,0.9452913635969162,0.6161290322580645,0.7722084367245657,0.7685099846390169,"[[886, 199], [260, 670]]"
"mlp(64, 32)",sweep,0.9946312775373459,0.5964516129032258,0.7722084367245657,0.7668202764976959,"[[908, 177], [282, 648]]"
hgb_lr0.06_leaf31,sweep,0.9161476271315447,0.5938709677419355,0.7722084367245657,0.765668202764977,"[[923, 162], [297, 633]]"
hgb_lr0.02_leaf15,sweep,0.7549021828912237,0.5783870967741935,0.7722084367245657,0.7647465437788019,"[[935, 150], [309, 621]]"
hgb_lr0.02_leaf63,sweep,0.8536131062458653,0.5920967741935483,0.7722084367245657,0.7647465437788019,"[[935, 150], [309, 621]]"
hgb_lr0.06_leaf31,sweep,0.924706923350199,0.59,0.7722084367245657,0.7647465437788019,"[[935, 150], [309, 621]]"
hgb_lr0.02_leaf31,sweep,0.7922746653410415,0.5891935483870968,0.7722084367245657,0.7639784946236559,"[[945, 140], [319, 611]]"
ada100,sweep,0.5075065892921775,0.5814516129032258,0.7722084367245657,0.7601382488479262,"[[995, 90], [369, 561]]"
gb_lr0.03_d1,sweep,0.7167443921321317,0.5737096774193549,0.7722084367245657,0.7579109062980031,"[[1024, 61], [398, 532]]"
hgb_lr0.06_leaf63,sweep,0.1538995483197135,0.6187096774193548,0.771712158808933,0.7866359447004608,"[[643, 442], [18, 912]]"
hgb_lr0.02_leaf31,sweep,0.3695343760209888,0.6261290322580645,0.771712158808933,0.7858678955453149,"[[653, 432], [28, 902]]"
ada300,sweep,0.501571459715995,0.5932258064516129,0.771712158808933,0.7731950844854071,"[[818, 267], [193, 737]]"
nusvc03,sweep,0.9816426084136852,0.6388709677419355,0.771712158808933,0.7701228878648234,"[[858, 227], [233, 697]]"
hgb_lr0.08_leaf15,sweep,0.8239468520569484,0.6024193548387097,0.771712158808933,0.7695084485407067,"[[866, 219], [241, 689]]"
lda,sweep,0.6812515763640404,0.6432258064516129,0.771712158808933,0.7695084485407067,"[[866, 219], [241, 689]]"
hgb_lr0.08_leaf63,sweep,0.9895175751503206,0.6035483870967742,0.771712158808933,0.7659754224270353,"[[912, 173], [287, 643]]"
hgb_lr0.06_leaf63,sweep,0.9738562225037569,0.6009677419354839,0.771712158808933,0.7649769585253456,"[[925, 160], [300, 630]]"
gb_lr0.05_d2,sweep,0.7639787859091922,0.5670967741935484,0.771712158808933,0.7604454685099846,"[[984, 101], [359, 571]]"
gb_lr0.08_d1,sweep,0.7286641908121573,0.5837096774193549,0.771712158808933,0.7604454685099846,"[[984, 101], [359, 571]]"
hgb_lr0.06_leaf31,sweep,0.2702380212362691,0.6162903225806452,0.7712158808933003,0.7862519201228879,"[[641, 444], [17, 913]]"
gb_lr0.03_d2,sweep,0.40010517728264,0.6209677419354839,0.7712158808933003,0.7858678955453149,"[[646, 439], [22, 908]]"
"mlp(64,)",sweep,0.17839262531399722,0.6114516129032258,0.7712158808933003,0.7857142857142858,"[[648, 437], [24, 906]]"
gb_lr0.05_d3,sweep,0.41515986390169535,0.6146774193548387,0.7712158808933003,0.7850998463901689,"[[656, 429], [32, 898]]"
ada100,sweep,0.4994515212465901,0.609516129032258,0.7712158808933003,0.7850230414746544,"[[657, 428], [33, 897]]"
gb_lr0.08_d3,sweep,0.43288040152153223,0.6180645161290322,0.7712158808933003,0.7849462365591398,"[[658, 427], [34, 896]]"
ada100,sweep,0.49947639626869667,0.61,0.7712158808933003,0.7849462365591398,"[[658, 427], [34, 896]]"
hgb_lr0.08_leaf31,sweep,0.325847678626669,0.625,0.7712158808933003,0.7846390168970814,"[[662, 423], [38, 892]]"
hgb_lr0.08_leaf15,sweep,0.8238189368634098,0.602741935483871,0.7712158808933003,0.769047619047619,"[[865, 220], [241, 689]]"
hgb_lr0.04_leaf15,sweep,0.7563152246637728,0.5962903225806452,0.7712158808933003,0.7675883256528417,"[[884, 201], [260, 670]]"
hgb_lr0.08_leaf31,sweep,0.9343155176652387,0.5993548387096774,0.7712158808933003,0.7675115207373272,"[[885, 200], [261, 669]]"
hgb_lr0.04_leaf31,sweep,0.8623480211166522,0.5912903225806452,0.7712158808933003,0.7649769585253456,"[[918, 167], [294, 636]]"
hgb_lr0.08_leaf63,sweep,0.9911147770206197,0.6008064516129032,0.7712158808933003,0.7646697388632873,"[[922, 163], [298, 632]]"
hgb_lr0.06_leaf63,sweep,0.9745921100969072,0.6003225806451613,0.7712158808933003,0.7643625192012289,"[[926, 159], [302, 628]]"
gb_lr0.05_d3,sweep,0.767589242906902,0.5879032258064516,0.7712158808933003,0.76321044546851,"[[941, 144], [317, 613]]"
hgb_lr0.02_leaf31,sweep,0.7996231016766886,0.5869354838709677,0.7712158808933003,0.7622119815668202,"[[954, 131], [330, 600]]"
gb_lr0.03_d3,sweep,0.7645069129469115,0.5724193548387096,0.7712158808933003,0.7622119815668202,"[[954, 131], [330, 600]]"
gb_lr0.03_d2,sweep,0.7434304830219373,0.5659677419354838,0.7712158808933003,0.7614439324116744,"[[964, 121], [340, 590]]"
gb_lr0.05_d1,sweep,0.7268773444919853,0.5775806451612904,0.7712158808933003,0.7576804915514592,"[[1013, 72], [389, 541]]"
gb_lr0.03_d1,sweep,0.372819004364569,0.5972580645161291,0.7707196029776675,0.7870967741935484,"[[623, 462], [0, 930]]"
gb_lr0.05_d2,sweep,0.3969083332471442,0.6198387096774194,0.7707196029776675,0.7848694316436252,"[[652, 433], [29, 901]]"
nusvc03,sweep,0.23084952956091823,0.6327419354838709,0.7707196029776675,0.7844854070660523,"[[657, 428], [34, 896]]"
hgb_lr0.02_leaf15,sweep,0.4370774786407447,0.6198387096774194,0.7707196029776675,0.7844086021505376,"[[658, 427], [35, 895]]"
hgb_lr0.04_leaf15,sweep,0.40907303618777635,0.6224193548387097,0.7707196029776675,0.784331797235023,"[[659, 426], [36, 894]]"
hgb_lr0.06_leaf15,sweep,0.4483104735415064,0.6275806451612903,0.7707196029776675,0.7837173579109062,"[[667, 418], [44, 886]]"
gb_lr0.08_d2,sweep,0.7809127153603113,0.5674193548387096,0.7707196029776675,0.7589861751152074,"[[989, 96], [366, 564]]"
gb_lr0.05_d1,sweep,0.7245516845429735,0.5793548387096774,0.7707196029776675,0.7579109062980031,"[[1003, 82], [380, 550]]"
hgb_lr0.08_leaf63,sweep,0.09362455679558168,0.6224193548387097,0.7702233250620347,0.7853302611367128,"[[639, 446], [17, 913]]"
lda,sweep,0.33243498638272284,0.6267741935483871,0.7702233250620347,0.7851766513056836,"[[641, 444], [19, 911]]"
hgb_lr0.02_leaf63,sweep,0.3201711245459204,0.6203225806451613,0.7702233250620347,0.785099846390169,"[[642, 443], [20, 910]]"
gb_lr0.03_d2,sweep,0.4048577806711047,0.6220967741935484,0.7702233250620347,0.784715821812596,"[[647, 438], [25, 905]]"
gb_lr0.08_d3,sweep,0.4314144517623839,0.6179032258064516,0.7702233250620347,0.7840245775729646,"[[656, 429], [34, 896]]"
hgb_lr0.02_leaf15,sweep,0.4367706483909584,0.6196774193548387,0.7702233250620347,0.7839477726574501,"[[657, 428], [35, 895]]"
hgb_lr0.04_leaf15,sweep,0.4006904701670427,0.6216129032258064,0.7702233250620347,0.7839477726574501,"[[657, 428], [35, 895]]"
nusvc03,sweep,0.23115436906741413,0.632258064516129,0.7702233250620347,0.7839477726574501,"[[657, 428], [35, 895]]"
hgb_lr0.06_leaf15,sweep,0.4467653266607602,0.6277419354838709,0.7702233250620347,0.7832565284178188,"[[666, 419], [44, 886]]"
hgb_lr0.08_leaf15,sweep,0.452878646890275,0.6233870967741936,0.7702233250620347,0.783026113671275,"[[669, 416], [47, 883]]"
ada300,sweep,0.501684702584671,0.5933870967741935,0.7702233250620347,0.7710445468509985,"[[825, 260], [203, 727]]"
hgb_lr0.06_leaf15,sweep,0.8046458019204769,0.5933870967741935,0.7702233250620347,0.7660522273425499,"[[890, 195], [268, 662]]"
hgb_lr0.08_leaf63,sweep,0.9922808709414601,0.5980645161290322,0.7702233250620347,0.7629800307219662,"[[930, 155], [308, 622]]"
hgb_lr0.06_leaf63,sweep,0.9773016197572928,0.5974193548387097,0.7702233250620347,0.7627496159754225,"[[933, 152], [311, 619]]"
hgb_lr0.06_leaf63,sweep,0.9779889046560063,0.5972580645161291,0.7702233250620347,0.7625960061443933,"[[935, 150], [313, 617]]"
hgb_lr0.02_leaf15,sweep,0.7559435363756597,0.5779032258064516,0.7702233250620347,0.7625192012288786,"[[936, 149], [314, 616]]"
gb_lr0.03_d3,sweep,0.7658283007004004,0.5716129032258065,0.7702233250620347,0.7609831029185867,"[[956, 129], [334, 596]]"
gb_lr0.08_d3,sweep,0.814487596310609,0.5779032258064516,0.7702233250620347,0.7604454685099846,"[[963, 122], [341, 589]]"
gb_lr0.08_d3,sweep,0.8166740620265549,0.577741935483871,0.7702233250620347,0.76036866359447,"[[964, 121], [342, 588]]"
gb_lr0.03_d2,sweep,0.7467670053777621,0.5656451612903226,0.7702233250620347,0.7600614439324116,"[[968, 117], [346, 584]]"
gb_lr0.05_d1,sweep,0.39435276502966393,0.6087096774193549,0.7697270471464019,0.7861751152073733,"[[621, 464], [0, 930]]"
hgb_lr0.02_leaf63,sweep,0.3082830435178976,0.6204838709677419,0.7697270471464019,0.7848694316436251,"[[638, 447], [17, 913]]"
hgb_lr0.04_leaf15,sweep,0.3947860612336046,0.6224193548387097,0.7697270471464019,0.7836405529953917,"[[654, 431], [33, 897]]"
ada300,sweep,0.5015478623868923,0.5938709677419355,0.7697270471464019,0.7713517665130568,"[[814, 271], [193, 737]]"
ada300,sweep,0.5016596547376859,0.5935483870967742,0.7697270471464019,0.7705837173579109,"[[824, 261], [203, 727]]"
ada300,sweep,0.5017711904315797,0.5908064516129032,0.7697270471464019,0.769815668202765,"[[834, 251], [213, 717]]"
hgb_lr0.08_leaf63,sweep,0.9915374815204079,0.6006451612903225,0.7697270471464019,0.7629800307219663,"[[923, 162], [302, 628]]"
hgb_lr0.02_leaf31,sweep,0.7960913065146301,0.5874193548387097,0.7697270471464019,0.7612135176651306,"[[946, 139], [325, 605]]"
gb_lr0.03_d2,sweep,0.7487778349164805,0.5651612903225807,0.7697270471464019,0.7592165898617511,"[[972, 113], [351, 579]]"
gb_lr0.05_d1,sweep,0.7255609465015145,0.5783870967741935,0.7697270471464019,0.7567588325652841,"[[1004, 81], [383, 547]]"
gb_lr0.03_d1,sweep,0.7197385565992621,0.5733870967741935,0.7697270471464019,0.7547619047619047,"[[1030, 55], [409, 521]]"
gnb,sweep,3.55838903131833e-25,0.5748387096774193,0.7692307692307693,0.7857142857142857,"[[620, 465], [0, 930]]"
gnb,sweep,1.0816236666018417e-22,0.5770967741935484,0.7692307692307693,0.7857142857142857,"[[620, 465], [0, 930]]"
gnb,sweep,2.1642874160412567e-21,0.5837096774193549,0.7692307692307693,0.7857142857142857,"[[620, 465], [0, 930]]"
gnb,sweep,1.2633791006925754e-19,0.5880645161290322,0.7692307692307693,0.7857142857142857,"[[620, 465], [0, 930]]"
gnb,sweep,3.912764833361263e-18,0.5901612903225807,0.7692307692307693,0.7857142857142857,"[[620, 465], [0, 930]]"
gnb,sweep,5.661861365983056e-17,0.5937096774193549,0.7692307692307693,0.7857142857142857,"[[620, 465], [0, 930]]"
gnb,sweep,1.121986887620921e-15,0.5967741935483871,0.7692307692307693,0.7857142857142857,"[[620, 465], [0, 930]]"
gnb,sweep,2.5557828667282893e-14,0.599516129032258,0.7692307692307693,0.7857142857142857,"[[620, 465], [0, 930]]"
gnb,sweep,1.1142885375058875e-12,0.603225806451613,0.7692307692307693,0.7857142857142857,"[[620, 465], [0, 930]]"
gnb,sweep,2.4938388650530412e-11,0.603225806451613,0.7692307692307693,0.7857142857142857,"[[620, 465], [0, 930]]"
gnb,sweep,1.0615415855150506e-09,0.6066129032258064,0.7692307692307693,0.7857142857142857,"[[620, 465], [0, 930]]"
gnb,sweep,1.545773470770861e-07,0.6103225806451613,0.7692307692307693,0.7857142857142857,"[[620, 465], [0, 930]]"
gnb,sweep,2.4515658395189945e-05,0.6143548387096774,0.7692307692307693,0.7857142857142857,"[[620, 465], [0, 930]]"
gnb,sweep,0.0011798350797217203,0.6175806451612903,0.7692307692307693,0.7857142857142857,"[[620, 465], [0, 930]]"
"mlp(128,)",sweep,0.11840039894878863,0.6108064516129033,0.7692307692307693,0.7849462365591398,"[[630, 455], [10, 920]]"
"mlp(64, 32)",sweep,0.040819746386259806,0.6090322580645161,0.7692307692307693,0.7847926267281106,"[[632, 453], [12, 918]]"
hgb_lr0.08_leaf63,sweep,0.08688248705636394,0.6209677419354839,0.7692307692307693,0.7844854070660523,"[[636, 449], [16, 914]]"
gb_lr0.03_d3,sweep,0.3942082529943904,0.6109677419354839,0.7692307692307693,0.7839477726574501,"[[643, 442], [23, 907]]"
hgb_lr0.08_leaf31,sweep,0.3024745994973132,0.6235483870967742,0.7692307692307693,0.7829493087557604,"[[656, 429], [36, 894]]"
gb_lr0.08_d2,sweep,0.40187959552639674,0.6187096774193548,0.7692307692307693,0.7829493087557604,"[[656, 429], [36, 894]]"
ada300,sweep,0.5011547914847754,0.6025806451612903,0.7692307692307693,0.7733486943164363,"[[781, 304], [161, 769]]"
ada300,sweep,0.5011634108108902,0.6024193548387097,0.7692307692307693,0.7731182795698924,"[[784, 301], [164, 766]]"
ada300,sweep,0.5017764106813385,0.5908064516129032,0.7692307692307693,0.7692780337941628,"[[834, 251], [214, 716]]"
ada300,sweep,0.501974684123683,0.5875806451612903,0.7692307692307693,0.7678187403993856,"[[853, 232], [233, 697]]"
ada300,sweep,0.5019981432630117,0.587258064516129,0.7692307692307693,0.767741935483871,"[[854, 231], [234, 696]]"
nusvc03,sweep,0.9852449703434719,0.6377419354838709,0.7692307692307693,0.7670506912442396,"[[863, 222], [243, 687]]"
nusvc03,sweep,0.9858511185982388,0.6385483870967742,0.7692307692307693,0.7670506912442396,"[[863, 222], [243, 687]]"
gb_lr0.05_d3,sweep,0.7697917829922664,0.5864516129032258,0.7692307692307693,0.7609831029185867,"[[942, 143], [322, 608]]"
gb_lr0.03_d1,sweep,0.3673765205467727,0.594516129032258,0.7687344913151365,0.7852534562211981,"[[619, 466], [0, 930]]"
gb_lr0.03_d2,sweep,0.39410297586869836,0.6206451612903225,0.7687344913151365,0.7836405529953917,"[[640, 445], [21, 909]]"
hgb_lr0.04_leaf31,sweep,0.334845838880362,0.6185483870967742,0.7687344913151365,0.7827956989247311,"[[651, 434], [32, 898]]"
ada300,sweep,0.5010470767305494,0.6029032258064516,0.7687344913151365,0.7733486943164363,"[[774, 311], [155, 775]]"
ada300,sweep,0.5012337619328509,0.6008064516129032,0.7687344913151365,0.7721198156682028,"[[790, 295], [171, 759]]"
ada300,sweep,0.5013272097180628,0.6,0.7687344913151365,0.7717357910906298,"[[795, 290], [176, 754]]"
hgb_lr0.08_leaf31,sweep,0.9365611364784053,0.5990322580645161,0.7687344913151365,0.7648233486943165,"[[885, 200], [266, 664]]"
"mlp(64, 32)",sweep,0.9954172842502594,0.5962903225806452,0.7687344913151365,0.7627496159754223,"[[912, 173], [293, 637]]"
gb_lr0.08_d1,sweep,0.400653801191196,0.6069354838709677,0.7682382133995037,0.784715821812596,"[[619, 466], [1, 929]]"
hgb_lr0.02_leaf63,sweep,0.30374498460850013,0.6195161290322581,0.7682382133995037,0.7834869431643625,"[[635, 450], [17, 913]]"
hgb_lr0.06_leaf31,sweep,0.25490999824836813,0.6169354838709677,0.7682382133995037,0.7834869431643625,"[[635, 450], [17, 913]]"
lda,sweep,0.32066711196899417,0.6214516129032258,0.7682382133995037,0.7834869431643625,"[[635, 450], [17, 913]]"
lda,sweep,0.3207906744003296,0.6214516129032258,0.7682382133995037,0.7834869431643625,"[[635, 450], [17, 913]]"
hgb_lr0.02_leaf31,sweep,0.35843363391426863,0.6245161290322581,0.7682382133995037,0.782642089093702,"[[646, 439], [28, 902]]"
gb_lr0.05_d3,sweep,0.40648874329534534,0.6129032258064516,0.7682382133995037,0.7824116743471583,"[[649, 436], [31, 899]]"
hgb_lr0.02_leaf15,sweep,0.42966905208325823,0.6185483870967742,0.7682382133995037,0.782258064516129,"[[651, 434], [33, 897]]"
hgb_lr0.08_leaf31,sweep,0.29882891090170816,0.6230645161290322,0.7682382133995037,0.7820276497695853,"[[654, 431], [36, 894]]"
gb_lr0.08_d2,sweep,0.4009633866203883,0.6185483870967742,0.7682382133995037,0.7820276497695853,"[[654, 431], [36, 894]]"
ada300,sweep,0.5006648085041732,0.6087096774193549,0.7682382133995037,0.7758832565284178,"[[734, 351], [116, 814]]"
ada300,sweep,0.5007082069225349,0.6080645161290322,0.7682382133995037,0.7754224270353303,"[[740, 345], [122, 808]]"
ada300,sweep,0.5012945302579994,0.599516129032258,0.7682382133995037,0.7713517665130568,"[[793, 292], [175, 755]]"
ada300,sweep,0.5014867381244639,0.5975806451612903,0.7682382133995037,0.7701996927803378,"[[808, 277], [190, 740]]"
lda,sweep,0.6852556970596313,0.6420967741935484,0.7682382133995037,0.765284178187404,"[[872, 213], [254, 676]]"
nusvc03,sweep,0.9882771683169599,0.6383870967741936,0.7682382133995037,0.765284178187404,"[[872, 213], [254, 676]]"
"mlp(64, 32)",sweep,0.9956704757213592,0.5958064516129032,0.7682382133995037,0.7620583717357912,"[[914, 171], [296, 634]]"
"mlp(64, 32)",sweep,0.996399405670166,0.5985483870967742,0.7682382133995037,0.7616743471582181,"[[919, 166], [301, 629]]"
hgb_lr0.08_leaf63,sweep,0.9926564856017822,0.5967741935483871,0.7682382133995037,0.760752688172043,"[[931, 154], [313, 617]]"
"mlp(128,)",sweep,0.9586804966926575,0.6125806451612903,0.7682382133995037,0.760752688172043,"[[931, 154], [313, 617]]"
"mlp(128,)",sweep,0.9594009070396423,0.6122580645161291,0.7682382133995037,0.7606758832565284,"[[932, 153], [314, 616]]"
hgb_lr0.02_leaf15,sweep,0.7603084263841036,0.5751612903225807,0.7682382133995037,0.7599846390168972,"[[941, 144], [323, 607]]"
hgb_lr0.02_leaf63,sweep,0.8619618862724814,0.5914516129032258,0.7682382133995037,0.7599846390168972,"[[941, 144], [323, 607]]"
gb_lr0.05_d1,sweep,0.7289378737837238,0.5770967741935484,0.7682382133995037,0.7539170506912443,"[[1020, 65], [402, 528]]"
gb_lr0.03_d1,sweep,0.7203129701426189,0.5733870967741935,0.7682382133995037,0.7531490015360983,"[[1030, 55], [412, 518]]"
gb_lr0.03_d3,sweep,0.38704261903459913,0.61,0.7677419354838709,0.7825652841781874,"[[640, 445], [23, 907]]"
"mlp(64,)",sweep,0.16353886727094644,0.6108064516129033,0.7677419354838709,0.7825652841781874,"[[640, 445], [23, 907]]"
hgb_lr0.08_leaf15,sweep,0.4362013540682367,0.6232258064516129,0.7677419354838709,0.7807219662058371,"[[664, 421], [47, 883]]"
hgb_lr0.08_leaf15,sweep,0.4362745192106634,0.6229032258064516,0.7677419354838709,0.7807219662058371,"[[664, 421], [47, 883]]"
ada300,sweep,0.5010753132048892,0.6020967741935483,0.7677419354838709,0.772273425499232,"[[774, 311], [157, 773]]"
nusvc03,sweep,0.988994144830385,0.6387096774193548,0.7677419354838709,0.7645929339477726,"[[874, 211], [257, 673]]"
hgb_lr0.04_leaf15,sweep,0.7637962078134312,0.5930645161290322,0.7677419354838709,0.7632872503840246,"[[891, 194], [274, 656]]"
hgb_lr0.06_leaf15,sweep,0.8077901646254714,0.5933870967741935,0.7677419354838709,0.7632872503840246,"[[891, 194], [274, 656]]"
"mlp(64,)",sweep,0.9520343896865845,0.6133870967741936,0.7677419354838709,0.7632872503840246,"[[891, 194], [274, 656]]"
hgb_lr0.04_leaf31,sweep,0.8687422395021497,0.5909677419354838,0.7677419354838709,0.7609831029185867,"[[921, 164], [304, 626]]"
"mlp(64, 32)",sweep,0.9966486028671264,0.5970967741935483,0.7677419354838709,0.7609831029185867,"[[921, 164], [304, 626]]"
hgb_lr0.02_leaf63,sweep,0.8596990756535111,0.5917741935483871,0.7677419354838709,0.7596774193548387,"[[938, 147], [321, 609]]"
hgb_lr0.06_leaf63,sweep,0.9810434666998528,0.5964516129032258,0.7677419354838709,0.7593701996927803,"[[942, 143], [325, 605]]"
gb_lr0.08_d2,sweep,0.784605356062681,0.5661290322580645,0.7677419354838709,0.7556835637480799,"[[990, 95], [373, 557]]"
hgb_lr0.06_leaf31,sweep,0.2522320801211086,0.6164516129032258,0.7672456575682383,0.7825652841781874,"[[633, 452], [17, 913]]"
hgb_lr0.06_leaf63,sweep,0.14252683401222616,0.6180645161290322,0.7672456575682383,0.7824884792626727,"[[634, 451], [18, 912]]"
hgb_lr0.04_leaf63,sweep,0.19178927585151,0.6167741935483871,0.7672456575682383,0.7824116743471583,"[[635, 450], [19, 911]]"
hgb_lr0.02_leaf31,sweep,0.35484917091973284,0.6233870967741936,0.7672456575682383,0.7817204301075269,"[[644, 441], [28, 902]]"
hgb_lr0.08_leaf31,sweep,0.2720556205605468,0.6232258064516129,0.7672456575682383,0.7814900153609832,"[[647, 438], [31, 899]]"
ada100,sweep,0.4992887576764113,0.6093548387096774,0.7672456575682383,0.7814900153609832,"[[647, 438], [31, 899]]"
gb_lr0.08_d3,sweep,0.41976727466247327,0.6164516129032258,0.7672456575682383,0.7813364055299539,"[[649, 436], [33, 897]]"
ada300,sweep,0.5004143205717199,0.6090322580645161,0.7672456575682383,0.77642089093702,"[[713, 372], [97, 833]]"
ada300,sweep,0.5013985417614077,0.5974193548387097,0.7672456575682383,0.7696620583717357,"[[801, 284], [185, 745]]"
ada300,sweep,0.5014128942471106,0.5974193548387097,0.7672456575682383,0.7695852534562212,"[[802, 283], [186, 744]]"
ada300,sweep,0.5018769654643588,0.5890322580645161,0.7672456575682383,0.7667434715821813,"[[839, 246], [223, 707]]"
hgb_lr0.08_leaf15,sweep,0.8312828949164885,0.6004838709677419,0.7672456575682383,0.7642857142857142,"[[871, 214], [255, 675]]"
lda,sweep,0.6876928453445434,0.6414516129032258,0.7672456575682383,0.7641321044546852,"[[873, 212], [257, 673]]"
hgb_lr0.08_leaf15,sweep,0.8409591718435252,0.5972580645161291,0.7672456575682383,0.763594470046083,"[[880, 205], [264, 666]]"
hgb_lr0.08_leaf15,sweep,0.8415002686151013,0.5969354838709677,0.7672456575682383,0.7635176651305684,"[[881, 204], [265, 665]]"
"mlp(64,)",sweep,0.9503356598377227,0.6137096774193549,0.7672456575682383,0.7629800307219662,"[[888, 197], [272, 658]]"
"mlp(64, 32)",sweep,0.9970673535943031,0.5951612903225807,0.7672456575682383,0.7599846390168972,"[[927, 158], [311, 619]]"
hgb_lr0.06_leaf63,sweep,0.9809434411024106,0.5962903225806452,0.7672456575682383,0.7589861751152074,"[[940, 145], [324, 606]]"
hgb_lr0.02_leaf31,sweep,0.8034297206939747,0.5866129032258065,0.7672456575682383,0.7578341013824885,"[[955, 130], [339, 591]]"
gb_lr0.05_d2,sweep,0.7655063784022275,0.567741935483871,0.7672456575682383,0.7556067588325652,"[[984, 101], [368, 562]]"
gb_lr0.05_d1,sweep,0.7313816709854959,0.5775806451612904,0.7672456575682383,0.752457757296467,"[[1025, 60], [409, 521]]"
gb_lr0.05_d1,sweep,0.3886078476354945,0.6059677419354839,0.7667493796526055,0.7834101382488479,"[[615, 470], [0, 930]]"
gb_lr0.05_d2,sweep,0.39049089592270547,0.617741935483871,0.7667493796526055,0.7811827956989248,"[[644, 441], [29, 901]]"
hgb_lr0.06_leaf15,sweep,0.43519502416623645,0.6279032258064516,0.7667493796526055,0.780184331797235,"[[657, 428], [42, 888]]"
ada300,sweep,0.5007712454813855,0.6074193548387097,0.7667493796526055,0.7736559139784946,"[[742, 343], [127, 803]]"
ada300,sweep,0.5008687786380303,0.6059677419354839,0.7667493796526055,0.7728878648233487,"[[752, 333], [137, 793]]"
ada300,sweep,0.5018976975882132,0.5890322580645161,0.7667493796526055,0.7660522273425499,"[[841, 244], [226, 704]]"
"mlp(64,)",sweep,0.9561905394554138,0.6119354838709677,0.7667493796526055,0.762058371735791,"[[893, 192], [278, 652]]"
hgb_lr0.04_leaf63,sweep,0.947999914574731,0.5933870967741935,0.7667493796526055,0.7584485407066053,"[[940, 145], [325, 605]]"
gb_lr0.08_d1,sweep,0.7309898650340265,0.5840322580645161,0.7667493796526055,0.7546850998463902,"[[989, 96], [374, 556]]"
"mlp(128,)",sweep,0.11266594714224339,0.61,0.7662531017369727,0.782258064516129,"[[623, 462], [9, 921]]"
hgb_lr0.06_leaf31,sweep,0.2329477094476086,0.6154838709677419,0.7662531017369727,0.7819508448540706,"[[627, 458], [13, 917]]"
lda,sweep,0.3106321538984776,0.6196774193548387,0.7662531017369727,0.7817204301075269,"[[630, 455], [16, 914]]"
hgb_lr0.04_leaf63,sweep,0.1864501146102627,0.6158064516129033,0.7662531017369727,0.7814900153609832,"[[633, 452], [19, 911]]"
"mlp(64,)",sweep,0.15276282912492753,0.6085483870967742,0.7662531017369727,0.7814900153609832,"[[633, 452], [19, 911]]"
gb_lr0.05_d2,sweep,0.38881796674017216,0.6175806451612903,0.7662531017369727,0.7807219662058372,"[[643, 442], [29, 901]]"
hgb_lr0.02_leaf15,sweep,0.42098834928005047,0.6174193548387097,0.7662531017369727,0.7804915514592934,"[[646, 439], [32, 898]]"
ada300,sweep,0.5004273737673802,0.6090322580645161,0.7662531017369727,0.7753456221198156,"[[713, 372], [99, 831]]"
ada300,sweep,0.5006245685425265,0.6098387096774194,0.7662531017369727,0.7741935483870968,"[[728, 357], [114, 816]]"
ada300,sweep,0.500804043772168,0.6066129032258064,0.7662531017369727,0.7728878648233487,"[[745, 340], [131, 799]]"
ada300,sweep,0.5021153345527556,0.5858064516129032,0.7662531017369727,0.7640552995391705,"[[860, 225], [246, 684]]"
hgb_lr0.08_leaf15,sweep,0.831988446468778,0.6009677419354839,0.7662531017369727,0.76321044546851,"[[871, 214], [257, 673]]"
hgb_lr0.08_leaf63,sweep,0.9934504129902804,0.595,0.7662531017369727,0.7581413210445469,"[[937, 148], [323, 607]]"
hgb_lr0.04_leaf63,sweep,0.9478827597093764,0.5933870967741935,0.7662531017369727,0.7579877112135176,"[[939, 146], [325, 605]]"
hgb_lr0.06_leaf31,sweep,0.9284571961605704,0.5888709677419355,0.7662531017369727,0.7579877112135176,"[[939, 146], [325, 605]]"
"mlp(128,)",sweep,0.9629492709159851,0.6109677419354839,0.7662531017369727,0.7579877112135176,"[[939, 146], [325, 605]]"
gb_lr0.03_d3,sweep,0.7702158930349474,0.5708064516129032,0.7662531017369727,0.7564516129032258,"[[959, 126], [345, 585]]"
gb_lr0.08_d2,sweep,0.7889301902518793,0.5662903225806452,0.7662531017369727,0.7535330261136712,"[[997, 88], [383, 547]]"
gb_lr0.03_d1,sweep,0.3607561526783911,0.5911290322580646,0.7657568238213399,0.7824884792626727,"[[613, 472], [0, 930]]"
gb_lr0.03_d1,sweep,0.36105743250850997,0.5922580645161291,0.7657568238213399,0.7824884792626727,"[[613, 472], [0, 930]]"
gb_lr0.05_d1,sweep,0.3848852722815784,0.605,0.7657568238213399,0.7824884792626727,"[[613, 472], [0, 930]]"
gb_lr0.08_d1,sweep,0.39416746422314664,0.604516129032258,0.7657568238213399,0.7824884792626727,"[[613, 472], [0, 930]]"
gnb,sweep,9.970459476330778e-27,0.5733870967741935,0.7657568238213399,0.7824884792626727,"[[613, 472], [0, 930]]"
hgb_lr0.04_leaf63,sweep,0.17183953010549138,0.6162903225806452,0.7657568238213399,0.7812596006144393,"[[629, 456], [16, 914]]"
gb_lr0.05_d3,sweep,0.39670792533303467,0.6120967741935484,0.7657568238213399,0.780184331797235,"[[643, 442], [30, 900]]"
nusvc03,sweep,0.19147082345179015,0.6309677419354839,0.7657568238213399,0.7801075268817204,"[[644, 441], [31, 899]]"
hgb_lr0.04_leaf31,sweep,0.3174884801461075,0.6164516129032258,0.7657568238213399,0.7800307219662058,"[[645, 440], [32, 898]]"
hgb_lr0.08_leaf31,sweep,0.9398179906160533,0.5991935483870968,0.7657568238213399,0.7612903225806451,"[[889, 196], [276, 654]]"
hgb_lr0.04_leaf31,sweep,0.8709804947025482,0.5911290322580646,0.7657568238213399,0.7588325652841782,"[[921, 164], [308, 622]]"
hgb_lr0.06_leaf31,sweep,0.9290208784974393,0.5880645161290322,0.7657568238213399,0.7572964669738864,"[[941, 144], [328, 602]]"
gb_lr0.05_d3,sweep,0.39503783734687015,0.6120967741935484,0.7652605459057072,0.7797235023041476,"[[642, 443], [30, 900]]"
ada100,sweep,0.49922657199358367,0.6074193548387097,0.7652605459057072,0.7797235023041476,"[[642, 443], [30, 900]]"
nusvc03,sweep,0.18903467340753533,0.6308064516129033,0.7652605459057072,0.7797235023041476,"[[642, 443], [30, 900]]"
gb_lr0.08_d3,sweep,0.4102782555590589,0.6166129032258064,0.7652605459057072,0.7794930875576036,"[[645, 440], [33, 897]]"
hgb_lr0.06_leaf15,sweep,0.42538494084857387,0.6283870967741936,0.7652605459057072,0.7789554531490015,"[[652, 433], [40, 890]]"
hgb_lr0.08_leaf15,sweep,0.4204306033245862,0.6225806451612903,0.7652605459057072,0.7785714285714286,"[[657, 428], [45, 885]]"
ada300,sweep,0.5005382906022857,0.6104838709677419,0.7652605459057072,0.7736559139784946,"[[721, 364], [109, 821]]"
ada300,sweep,0.5005394629791773,0.6104838709677419,0.7652605459057072,0.7736559139784946,"[[721, 364], [109, 821]]"
ada300,sweep,0.5009825167122615,0.6046774193548388,0.7652605459057072,0.7703533026113671,"[[764, 321], [152, 778]]"
nusvc03,sweep,0.9908020726407434,0.6385483870967742,0.7652605459057072,0.761520737327189,"[[879, 206], [267, 663]]"
hgb_lr0.04_leaf15,sweep,0.7662402007169026,0.5916129032258064,0.7652605459057072,0.76036866359447,"[[894, 191], [282, 648]]"
hgb_lr0.06_leaf15,sweep,0.8139756018442578,0.5925806451612903,0.7652605459057072,0.7601382488479262,"[[897, 188], [285, 645]]"
"mlp(64, 32)",sweep,0.997207301235199,0.5958064516129032,0.7652605459057072,0.7577572964669739,"[[928, 157], [316, 614]]"
hgb_lr0.08_leaf63,sweep,0.9935666062730469,0.5953225806451613,0.7652605459057072,0.7569892473118279,"[[938, 147], [326, 604]]"
gb_lr0.05_d1,sweep,0.38321766279852765,0.6041935483870968,0.7647642679900745,0.7815668202764977,"[[611, 474], [0, 930]]"
gb_lr0.08_d1,sweep,0.39357427180796317,0.6035483870967742,0.7647642679900745,0.7815668202764977,"[[611, 474], [0, 930]]"
hgb_lr0.02_leaf63,sweep,0.2918660545739713,0.6180645161290322,0.7647642679900745,0.7803379416282642,"[[627, 458], [16, 914]]"
hgb_lr0.06_leaf63,sweep,0.1329352017813973,0.6191935483870967,0.7647642679900745,0.780184331797235,"[[629, 456], [18, 912]]"
"mlp(64,)",sweep,0.1477517861127854,0.607741935483871,0.7647642679900745,0.780184331797235,"[[629, 456], [18, 912]]"
gb_lr0.03_d2,sweep,0.3873434359135087,0.6217741935483871,0.7647642679900745,0.7799539170506913,"[[632, 453], [21, 909]]"
hgb_lr0.02_leaf31,sweep,0.34539875524443286,0.6224193548387097,0.7647642679900745,0.7794930875576036,"[[638, 447], [27, 903]]"
ada300,sweep,0.5021249087796824,0.5854838709677419,0.7647642679900745,0.7624423963133641,"[[860, 225], [249, 681]]"
nusvc03,sweep,0.9909216293061314,0.6382258064516129,0.7647642679900745,0.7609831029185867,"[[879, 206], [268, 662]]"
hgb_lr0.08_leaf15,sweep,0.8498531052185958,0.5964516129032258,0.7647642679900745,0.7604454685099846,"[[886, 199], [275, 655]]"
hgb_lr0.06_leaf15,sweep,0.8173362383029527,0.5924193548387097,0.7647642679900745,0.7595238095238095,"[[898, 187], [287, 643]]"
hgb_lr0.08_leaf31,sweep,0.9456364290614176,0.5987096774193549,0.7647642679900745,0.7595238095238095,"[[898, 187], [287, 643]]"
"mlp(64,)",sweep,0.9615513834714889,0.6080645161290322,0.7647642679900745,0.7593701996927803,"[[900, 185], [289, 641]]"
hgb_lr0.06_leaf15,sweep,0.823839608567039,0.5903225806451613,0.7647642679900745,0.7589093701996927,"[[906, 179], [295, 635]]"
hgb_lr0.02_leaf15,sweep,0.7630760588242159,0.5743548387096774,0.7647642679900745,0.7560675883256529,"[[943, 142], [332, 598]]"
gb_lr0.03_d2,sweep,0.7532093221264923,0.5629032258064516,0.7647642679900745,0.7534562211981567,"[[977, 108], [366, 564]]"
gb_lr0.03_d2,sweep,0.7532450106444177,0.5629032258064516,0.7647642679900745,0.7534562211981567,"[[977, 108], [366, 564]]"
gb_lr0.08_d1,sweep,0.7340373067222276,0.582741935483871,0.7647642679900745,0.7521505376344086,"[[994, 91], [383, 547]]"
gb_lr0.08_d2,sweep,0.7898323632043072,0.5659677419354838,0.7647642679900745,0.7519201228878648,"[[997, 88], [386, 544]]"
ada100,sweep,0.5076944415853725,0.5788709677419355,0.7647642679900745,0.7519201228878648,"[[997, 88], [386, 544]]"
"mlp(64, 32)",sweep,0.03427036842107773,0.6069354838709677,0.7642679900744417,0.7802611367127497,"[[621, 464], [11, 919]]"
hgb_lr0.08_leaf63,sweep,0.07713504332490077,0.6206451612903225,0.7642679900744417,0.7798771121351766,"[[626, 459], [16, 914]]"
gb_lr0.03_d2,sweep,0.3859299893399483,0.6209677419354839,0.7642679900744417,0.7794930875576036,"[[631, 454], [21, 909]]"
gb_lr0.03_d3,sweep,0.37978506454363314,0.6075806451612903,0.7642679900744417,0.7794162826420891,"[[632, 453], [22, 908]]"
gb_lr0.05_d2,sweep,0.3816513001403511,0.6180645161290322,0.7642679900744417,0.778878648233487,"[[639, 446], [29, 901]]"
hgb_lr0.04_leaf31,sweep,0.3100373788339455,0.6156451612903225,0.7642679900744417,0.7787250384024578,"[[641, 444], [31, 899]]"
hgb_lr0.08_leaf31,sweep,0.2644161631786782,0.6230645161290322,0.7642679900744417,0.7787250384024578,"[[641, 444], [31, 899]]"
ada300,sweep,0.5003458428743182,0.6088709677419355,0.7642679900744417,0.7738095238095237,"[[705, 380], [95, 835]]"
ada300,sweep,0.5008975299354562,0.6064516129032258,0.7642679900744417,0.7700460829493088,"[[754, 331], [144, 786]]"
lda,sweep,0.694414935684204,0.6383870967741936,0.7642679900744417,0.7603686635944701,"[[880, 205], [270, 660]]"
hgb_lr0.08_leaf31,sweep,0.9433197388604327,0.5987096774193549,0.7642679900744417,0.7593701996927803,"[[893, 192], [283, 647]]"
"mlp(128,)",sweep,0.9646437790513039,0.609516129032258,0.7642679900744417,0.7556835637480799,"[[941, 144], [331, 599]]"
hgb_lr0.02_leaf63,sweep,0.8669473845157611,0.5885483870967742,0.7642679900744417,0.7556067588325652,"[[942, 143], [332, 598]]"
gb_lr0.05_d1,sweep,0.7323449985996244,0.5783870967741935,0.7642679900744417,0.7491551459293395,"[[1026, 59], [416, 514]]"
gb_lr0.08_d2,sweep,0.39225805499152155,0.6170967741935484,0.7637717121588089,0.7778801843317973,"[[645, 440], [36, 894]]"
hgb_lr0.08_leaf15,sweep,0.4014657984484646,0.6224193548387097,0.7637717121588089,0.7774961597542243,"[[650, 435], [41, 889]]"
ada300,sweep,0.5009555442869096,0.6069354838709677,0.7637717121588089,0.7691244239631336,"[[759, 326], [150, 780]]"
hgb_lr0.08_leaf15,sweep,0.8513079887606455,0.5966129032258064,0.7637717121588089,0.7592933947772658,"[[887, 198], [278, 652]]"
hgb_lr0.08_leaf15,sweep,0.8615432443475669,0.5948387096774194,0.7637717121588089,0.7585253456221198,"[[897, 188], [288, 642]]"
"mlp(64,)",sweep,0.9607926989316941,0.6079032258064516,0.7637717121588089,0.7585253456221198,"[[897, 188], [288, 642]]"
hgb_lr0.04_leaf63,sweep,0.9522711110553547,0.5911290322580646,0.7637717121588089,0.7549155145929339,"[[944, 141], [335, 595]]"
gb_lr0.05_d3,sweep,0.7749609368848339,0.5859677419354838,0.7637717121588089,0.7549155145929339,"[[944, 141], [335, 595]]"
hgb_lr0.06_leaf63,sweep,0.9830799686040274,0.595,0.7637717121588089,0.7548387096774194,"[[945, 140], [336, 594]]"
gb_lr0.08_d3,sweep,0.8233690397484857,0.5753225806451613,0.7637717121588089,0.7532258064516129,"[[966, 119], [357, 573]]"
gb_lr0.05_d2,sweep,0.7685504300197127,0.5653225806451613,0.7637717121588089,0.751689708141321,"[[986, 99], [377, 553]]"
gb_lr0.08_d1,sweep,0.7346269766278911,0.5829032258064516,0.7637717121588089,0.7509216589861751,"[[996, 89], [387, 543]]"
"mlp(128,)",sweep,0.10285371083319186,0.6098387096774194,0.7632754342431762,0.7795698924731183,"[[616, 469], [8, 922]]"
hgb_lr0.06_leaf31,sweep,0.22291846092403864,0.6143548387096774,0.7632754342431762,0.7792626728110599,"[[620, 465], [12, 918]]"
gb_lr0.03_d3,sweep,0.3786667925589489,0.607741935483871,0.7632754342431762,0.778494623655914,"[[630, 455], [22, 908]]"
nusvc03,sweep,0.1620100073928898,0.6298387096774194,0.7632754342431762,0.7780337941628264,"[[636, 449], [28, 902]]"
gb_lr0.05_d3,sweep,0.38710075915142844,0.6122580645161291,0.7632754342431762,0.7778801843317973,"[[638, 447], [30, 900]]"
hgb_lr0.02_leaf15,sweep,0.41723387674156703,0.6180645161290322,0.7632754342431762,0.777726574500768,"[[640, 445], [32, 898]]"
hgb_lr0.04_leaf15,sweep,0.3812621653072445,0.6208064516129033,0.7632754342431762,0.777726574500768,"[[640, 445], [32, 898]]"
hgb_lr0.04_leaf15,sweep,0.38149027480332165,0.6209677419354839,0.7632754342431762,0.777726574500768,"[[640, 445], [32, 898]]"
hgb_lr0.08_leaf15,sweep,0.3770294085658056,0.6217741935483871,0.7632754342431762,0.777726574500768,"[[640, 445], [32, 898]]"
gb_lr0.08_d3,sweep,0.3989622365566276,0.6146774193548387,0.7632754342431762,0.777726574500768,"[[640, 445], [32, 898]]"
hgb_lr0.08_leaf15,sweep,0.40414675615914103,0.6222580645161291,0.7632754342431762,0.7769585253456222,"[[650, 435], [42, 888]]"
lda,sweep,0.6926337731599808,0.6401612903225806,0.7632754342431762,0.7595238095238095,"[[877, 208], [269, 661]]"
hgb_lr0.08_leaf15,sweep,0.8602174524748725,0.5948387096774194,0.7632754342431762,0.7581413210445469,"[[895, 190], [287, 643]]"
gb_lr0.05_d3,sweep,0.7767594811413014,0.5853225806451613,0.7632754342431762,0.7542242703533026,"[[946, 139], [338, 592]]"
"mlp(128,)",sweep,0.9668380929470062,0.609516129032258,0.7632754342431762,0.7542242703533026,"[[946, 139], [338, 592]]"
hgb_lr0.02_leaf31,sweep,0.8087249336519907,0.584516129032258,0.7632754342431762,0.7534562211981567,"[[956, 129], [348, 582]]"
ada100,sweep,0.5077572125012657,0.577258064516129,0.7632754342431762,0.7503072196620584,"[[997, 88], [389, 541]]"
nusvc03,sweep,0.1280487939281295,0.6274193548387097,0.7627791563275435,0.778110599078341,"[[628, 457], [21, 909]]"
hgb_lr0.08_leaf15,sweep,0.3865014590820867,0.6219354838709678,0.7627791563275435,0.7768817204301075,"[[644, 441], [37, 893]]"
hgb_lr0.06_leaf15,sweep,0.41923206415072645,0.6287096774193548,0.7627791563275435,0.7766513056835638,"[[647, 438], [40, 890]]"
hgb_lr0.06_leaf15,sweep,0.8253565002702999,0.5906451612903226,0.7627791563275435,0.7567588325652841,"[[906, 179], [299, 631]]"
hgb_lr0.08_leaf31,sweep,0.9494950954961486,0.5975806451612903,0.7627791563275435,0.7567588325652841,"[[906, 179], [299, 631]]"
"mlp(64,)",sweep,0.9654594991207123,0.6058064516129033,0.7627791563275435,0.7567588325652841,"[[906, 179], [299, 631]]"
hgb_lr0.08_leaf63,sweep,0.9943269622167663,0.5933870967741935,0.7627791563275435,0.7539170506912443,"[[943, 142], [336, 594]]"
gb_lr0.03_d1,sweep,0.7220366042695715,0.5730645161290323,0.7627791563275435,0.7469278033794162,"[[1034, 51], [427, 503]]"
gb_lr0.05_d1,sweep,0.37846908205602425,0.6011290322580645,0.7622828784119107,0.7792626728110599,"[[606, 479], [0, 930]]"
"mlp(64, 32)",sweep,0.032604753434658046,0.6066129032258064,0.7622828784119107,0.7784178187403994,"[[617, 468], [11, 919]]"
hgb_lr0.06_leaf31,sweep,0.21187171285496215,0.6130645161290322,0.7622828784119107,0.7783410138248847,"[[618, 467], [12, 918]]"
hgb_lr0.08_leaf63,sweep,0.07143283696718618,0.6203225806451613,0.7622828784119107,0.7782642089093701,"[[619, 466], [13, 917]]"
"mlp(64,)",sweep,0.137908524364233,0.6051612903225806,0.7622828784119107,0.7782642089093701,"[[619, 466], [13, 917]]"
gb_lr0.03_d2,sweep,0.38199410114538146,0.6206451612903225,0.7622828784119107,0.777726574500768,"[[626, 459], [20, 910]]"
nusvc03,sweep,0.1308930103973023,0.6279032258064516,0.7622828784119107,0.7774961597542243,"[[629, 456], [23, 907]]"
hgb_lr0.08_leaf15,sweep,0.36581588676154314,0.622741935483871,0.7622828784119107,0.7768817204301075,"[[637, 448], [31, 899]]"
ada300,sweep,0.5002852702220775,0.6080645161290322,0.7622828784119107,0.7721966205837174,"[[698, 387], [92, 838]]"
hgb_lr0.08_leaf31,sweep,0.9494353780600305,0.5975806451612903,0.7622828784119107,0.7562980030721966,"[[905, 180], [299, 631]]"
hgb_lr0.04_leaf31,sweep,0.875915889368708,0.5890322580645161,0.7622828784119107,0.7547619047619047,"[[925, 160], [319, 611]]"
hgb_lr0.02_leaf63,sweep,0.8700230246859768,0.587741935483871,0.7622828784119107,0.7532258064516129,"[[945, 140], [339, 591]]"
hgb_lr0.04_leaf63,sweep,0.9532019372061724,0.5911290322580646,0.7622828784119107,0.7532258064516129,"[[945, 140], [339, 591]]"
hgb_lr0.06_leaf63,sweep,0.9838339855122845,0.5951612903225807,0.7622828784119107,0.7532258064516129,"[[945, 140], [339, 591]]"
hgb_lr0.08_leaf63,sweep,0.994681183776933,0.5925806451612903,0.7622828784119107,0.7532258064516129,"[[945, 140], [339, 591]]"
hgb_lr0.02_leaf31,sweep,0.8106663452418272,0.5846774193548387,0.7622828784119107,0.7523041474654377,"[[957, 128], [351, 579]]"
gb_lr0.03_d1,sweep,0.35382214131461426,0.5882258064516129,0.7617866004962779,0.7788018433179724,"[[605, 480], [0, 930]]"
gb_lr0.08_d1,sweep,0.3860091091042996,0.6037096774193549,0.7617866004962779,0.7788018433179724,"[[605, 480], [0, 930]]"
hgb_lr0.04_leaf63,sweep,0.15537334970676864,0.615,0.7617866004962779,0.777726574500768,"[[619, 466], [14, 916]]"
hgb_lr0.04_leaf31,sweep,0.2992161412265242,0.614516129032258,0.7617866004962779,0.7766513056835638,"[[633, 452], [28, 902]]"
hgb_lr0.04_leaf15,sweep,0.3717418631202924,0.6195161290322581,0.7617866004962779,0.7765745007680491,"[[634, 451], [29, 901]]"
ada100,sweep,0.4990349053125099,0.6059677419354839,0.7617866004962779,0.7765745007680491,"[[634, 451], [29, 901]]"
gb_lr0.08_d3,sweep,0.3966773716252352,0.615,0.7617866004962779,0.7763440860215054,"[[637, 448], [32, 898]]"
hgb_lr0.04_leaf15,sweep,0.7695285475150772,0.5911290322580646,0.7617866004962779,0.7565284178187404,"[[895, 190], [290, 640]]"
"mlp(64,)",sweep,0.9662332273125649,0.6056451612903225,0.7617866004962779,0.7556067588325652,"[[907, 178], [302, 628]]"
gb_lr0.03_d2,sweep,0.7576862014359842,0.562258064516129,0.7617866004962779,0.7496927803379416,"[[984, 101], [379, 551]]"
hgb_lr0.04_leaf63,sweep,0.15403720761839493,0.6143548387096774,0.7612903225806451,0.7772657450076805,"[[618, 467], [14, 916]]"
hgb_lr0.06_leaf63,sweep,0.11370505988453257,0.6193548387096774,0.7612903225806451,0.7771889400921659,"[[619, 466], [15, 915]]"
lda,sweep,0.3019276316285133,0.6175806451612903,0.7612903225806451,0.7771121351766512,"[[620, 465], [16, 914]]"
hgb_lr0.04_leaf15,sweep,0.35701555506895327,0.6167741935483871,0.7612903225806451,0.7765745007680491,"[[627, 458], [23, 907]]"
hgb_lr0.02_leaf31,sweep,0.3350265182144901,0.6212903225806452,0.7612903225806451,0.7764976958525346,"[[628, 457], [24, 906]]"
hgb_lr0.04_leaf15,sweep,0.35845725275826446,0.6170967741935484,0.7612903225806451,0.7764976958525346,"[[628, 457], [24, 906]]"
hgb_lr0.04_leaf31,sweep,0.2880204676829091,0.6130645161290322,0.7612903225806451,0.7764976958525346,"[[628, 457], [24, 906]]"
gb_lr0.05_d2,sweep,0.3755113308434117,0.6133870967741936,0.7612903225806451,0.7761136712749617,"[[633, 452], [29, 901]]"
nusvc03,sweep,0.9942342393789901,0.6346774193548387,0.7612903225806451,0.756221198156682,"[[892, 193], [288, 642]]"
hgb_lr0.04_leaf15,sweep,0.7872238425735933,0.5879032258064516,0.7612903225806451,0.7543778801843318,"[[916, 169], [312, 618]]"
"mlp(64, 32)",sweep,0.9977027803897858,0.594516129032258,0.7612903225806451,0.7532258064516129,"[[931, 154], [327, 603]]"
hgb_lr0.06_leaf31,sweep,0.9325986148720644,0.587741935483871,0.7612903225806451,0.7522273425499232,"[[944, 141], [340, 590]]"
hgb_lr0.02_leaf63,sweep,0.8740236525874221,0.5838709677419355,0.7612903225806451,0.7517665130568356,"[[950, 135], [346, 584]]"
gb_lr0.03_d3,sweep,0.7729902195775115,0.569516129032258,0.7612903225806451,0.7509216589861751,"[[961, 124], [357, 573]]"
gb_lr0.08_d3,sweep,0.8269655854179677,0.5740322580645161,0.7612903225806451,0.7503072196620584,"[[969, 116], [365, 565]]"
gb_lr0.08_d1,sweep,0.7380473839303545,0.5817741935483871,0.7612903225806451,0.7476958525345622,"[[1003, 82], [399, 531]]"
gb_lr0.05_d3,sweep,0.3781564974512671,0.6122580645161291,0.7607940446650124,0.7757296466973886,"[[631, 454], [28, 902]]"
hgb_lr0.02_leaf15,sweep,0.4109998040818432,0.6172580645161291,0.7607940446650124,0.7754992319508449,"[[634, 451], [31, 899]]"
lda,sweep,0.7011096712112427,0.6374193548387097,0.7607940446650124,0.7562980030721966,"[[884, 201], [281, 649]]"
nusvc03,sweep,0.992872899039566,0.635483870967742,0.7607940446650124,0.7562980030721966,"[[884, 201], [281, 649]]"
nusvc03,sweep,0.9929704142618541,0.635483870967742,0.7607940446650124,0.7562980030721966,"[[884, 201], [281, 649]]"
nusvc03,sweep,0.9945662353169953,0.6338709677419355,0.7607940446650124,0.7555299539170507,"[[894, 191], [291, 639]]"
hgb_lr0.08_leaf15,sweep,0.8677191373184561,0.5930645161290322,0.7607940446650124,0.7549923195084485,"[[901, 184], [298, 632]]"
hgb_lr0.08_leaf31,sweep,0.9527687481267496,0.5980645161290322,0.7607940446650124,0.7539938556067589,"[[914, 171], [311, 619]]"
gb_lr0.05_d3,sweep,0.7807768476427014,0.584516129032258,0.7607940446650124,0.7515360983102919,"[[946, 139], [343, 587]]"
gb_lr0.08_d3,sweep,0.8318232146527857,0.5725806451612904,0.7607940446650124,0.7494623655913979,"[[973, 112], [370, 560]]"
hgb_lr0.02_leaf63,sweep,0.28764887943606077,0.6188709677419355,0.7602977667493797,0.7762672811059907,"[[617, 468], [15, 915]]"
hgb_lr0.06_leaf63,sweep,0.11264862929936692,0.6191935483870967,0.7602977667493797,0.7762672811059907,"[[617, 468], [15, 915]]"
lda,sweep,0.29909917610883713,0.6158064516129033,0.7602977667493797,0.7762672811059907,"[[617, 468], [15, 915]]"
gb_lr0.03_d2,sweep,0.37606827210835736,0.6166129032258064,0.7602977667493797,0.7758832565284178,"[[622, 463], [20, 910]]"
gb_lr0.08_d3,sweep,0.3849958979787409,0.6154838709677419,0.7602977667493797,0.7753456221198156,"[[629, 456], [27, 903]]"
hgb_lr0.08_leaf31,sweep,0.24173102012428924,0.6243548387096775,0.7602977667493797,0.7751152073732719,"[[632, 453], [30, 900]]"
gb_lr0.08_d2,sweep,0.38348501193845,0.6162903225806452,0.7602977667493797,0.7747311827956989,"[[637, 448], [35, 895]]"
ada300,sweep,0.5022312364047145,0.5864516129032258,0.7602977667493797,0.7569124423963134,"[[869, 216], [267, 663]]"
hgb_lr0.06_leaf15,sweep,0.8342937627650208,0.5898387096774194,0.7602977667493797,0.7533794162826422,"[[915, 170], [313, 617]]"
hgb_lr0.08_leaf31,sweep,0.9546739746215134,0.5967741935483871,0.7602977667493797,0.7531490015360982,"[[918, 167], [316, 614]]"
hgb_lr0.02_leaf15,sweep,0.7663472135317819,0.5737096774193549,0.7602977667493797,0.7512288786482335,"[[943, 142], [341, 589]]"
hgb_lr0.02_leaf63,sweep,0.8775348743209855,0.5816129032258065,0.7602977667493797,0.7504608294930876,"[[953, 132], [351, 579]]"
gb_lr0.08_d2,sweep,0.7974551376114303,0.5629032258064516,0.7602977667493797,0.7466973886328725,"[[1002, 83], [400, 530]]"
"mlp(128,)",sweep,0.09166306788921356,0.607741935483871,0.7598014888337469,0.7763440860215054,"[[609, 476], [8, 922]]"
"mlp(64,)",sweep,0.1316517344236374,0.6043548387096774,0.7598014888337469,0.776036866359447,"[[613, 472], [12, 918]]"
gb_lr0.03_d3,sweep,0.37090672914335693,0.6074193548387097,0.7598014888337469,0.7752688172043011,"[[623, 462], [22, 908]]"
hgb_lr0.04_leaf31,sweep,0.2854304664739585,0.6120967741935484,0.7598014888337469,0.7751152073732719,"[[625, 460], [24, 906]]"
gb_lr0.08_d2,sweep,0.38078518132267797,0.6156451612903225,0.7598014888337469,0.7742703533026114,"[[636, 449], [35, 895]]"
hgb_lr0.06_leaf15,sweep,0.4043265342690958,0.6279032258064516,0.7598014888337469,0.773963133640553,"[[640, 445], [39, 891]]"
nusvc03,sweep,0.9952426668385801,0.6346774193548387,0.7598014888337469,0.7540706605222735,"[[899, 186], [298, 632]]"
hgb_lr0.04_leaf15,sweep,0.7861628538853943,0.5879032258064516,0.7598014888337469,0.7529953917050691,"[[913, 172], [312, 618]]"
hgb_lr0.06_leaf15,sweep,0.8334713213006711,0.5901612903225807,0.7598014888337469,0.7529953917050691,"[[913, 172], [312, 618]]"
hgb_lr0.08_leaf15,sweep,0.8735281463168344,0.592741935483871,0.7598014888337469,0.7529953917050691,"[[913, 172], [312, 618]]"
hgb_lr0.04_leaf31,sweep,0.8786808119648849,0.5880645161290322,0.7598014888337469,0.7518433179723503,"[[928, 157], [327, 603]]"
"mlp(128,)",sweep,0.968445982670784,0.608225806451613,0.7598014888337469,0.750384024577573,"[[947, 138], [346, 584]]"
hgb_lr0.06_leaf31,sweep,0.9354433553001918,0.5879032258064516,0.7598014888337469,0.7503072196620584,"[[948, 137], [347, 583]]"
hgb_lr0.06_leaf63,sweep,0.985058808265035,0.5933870967741935,0.7598014888337469,0.75,"[[952, 133], [351, 579]]"
gb_lr0.03_d3,sweep,0.7738946699068898,0.5693548387096774,0.7598014888337469,0.749231950844854,"[[962, 123], [361, 569]]"
gb_lr0.08_d3,sweep,0.8349978649310289,0.5725806451612904,0.7598014888337469,0.7483102918586789,"[[974, 111], [373, 557]]"
gb_lr0.08_d2,sweep,0.797871564277492,0.5629032258064516,0.7598014888337469,0.7461597542242704,"[[1002, 83], [401, 529]]"
gb_lr0.03_d1,sweep,0.7246940510956741,0.5738709677419355,0.7598014888337469,0.7431643625192013,"[[1041, 44], [440, 490]]"
hgb_lr0.06_leaf31,sweep,0.19376071884308585,0.613225806451613,0.7593052109181141,0.7758832565284178,"[[608, 477], [8, 922]]"
nusvc03,sweep,0.10891224872407285,0.6266129032258064,0.7593052109181141,0.7752688172043011,"[[616, 469], [16, 914]]"
hgb_lr0.02_leaf31,sweep,0.3301546800187869,0.62,0.7593052109181141,0.7747311827956989,"[[623, 462], [23, 907]]"
hgb_lr0.06_leaf15,sweep,0.3939642962934743,0.6275806451612903,0.7593052109181141,0.7737327188940093,"[[636, 449], [36, 894]]"
ada300,sweep,0.5002502671499794,0.6090322580645161,0.7593052109181141,0.769431643625192,"[[692, 393], [92, 838]]"
ada300,sweep,0.502205379446205,0.5862903225806452,0.7593052109181141,0.7562980030721966,"[[863, 222], [263, 667]]"
ada300,sweep,0.5022793095232122,0.5859677419354838,0.7593052109181141,0.7555299539170507,"[[873, 212], [273, 657]]"
lda,sweep,0.7032547770738602,0.6359677419354839,0.7593052109181141,0.7546082949308757,"[[885, 200], [285, 645]]"
hgb_lr0.04_leaf15,sweep,0.7770930411292113,0.5909677419354838,0.7593052109181141,0.7533794162826422,"[[901, 184], [301, 629]]"
hgb_lr0.06_leaf15,sweep,0.8399279309605953,0.5875806451612903,0.7593052109181141,0.7517665130568356,"[[922, 163], [322, 608]]"
hgb_lr0.08_leaf31,sweep,0.9569284661683934,0.5974193548387097,0.7593052109181141,0.7517665130568356,"[[922, 163], [322, 608]]"
hgb_lr0.08_leaf63,sweep,0.99529447958915,0.5919354838709677,0.7593052109181141,0.7498463901689708,"[[947, 138], [347, 583]]"
hgb_lr0.06_leaf63,sweep,0.9853037714497069,0.5932258064516129,0.7593052109181141,0.7494623655913979,"[[952, 133], [352, 578]]"
gb_lr0.05_d1,sweep,0.7360997062712821,0.5790322580645161,0.7593052109181141,0.7433179723502304,"[[1032, 53], [432, 498]]"
"mlp(128,)",sweep,0.0870534152984619,0.6054838709677419,0.7588089330024814,0.7754992319508449,"[[606, 479], [7, 923]]"
lda,sweep,0.2908245192468166,0.612741935483871,0.7588089330024814,0.7749615975422427,"[[613, 472], [14, 916]]"
gb_lr0.03_d3,sweep,0.3616167664489397,0.6066129032258064,0.7588089330024814,0.7745007680491551,"[[619, 466], [20, 910]]"
hgb_lr0.04_leaf15,sweep,0.7775572243350254,0.5911290322580646,0.7588089330024814,0.7527649769585254,"[[902, 183], [303, 627]]"
hgb_lr0.08_leaf15,sweep,0.8694677237529493,0.5932258064516129,0.7588089330024814,0.7527649769585254,"[[902, 183], [303, 627]]"
hgb_lr0.08_leaf15,sweep,0.8755585909169225,0.5919354838709677,0.7588089330024814,0.7516129032258065,"[[917, 168], [318, 612]]"
hgb_lr0.02_leaf15,sweep,0.7698279778043682,0.5738709677419355,0.7588089330024814,0.7494623655913979,"[[945, 140], [346, 584]]"
"mlp(128,)",sweep,0.9719454034924507,0.6067741935483871,0.7588089330024814,0.7485407066052228,"[[957, 128], [358, 572]]"
gb_lr0.03_d3,sweep,0.7787341235529567,0.5683870967741935,0.7588089330024814,0.7474654377880184,"[[971, 114], [372, 558]]"
gb_lr0.05_d2,sweep,0.7720173006735297,0.5633870967741935,0.7588089330024814,0.7459293394777265,"[[991, 94], [392, 538]]"
gb_lr0.05_d1,sweep,0.7358873541964285,0.5787096774193549,0.7588089330024814,0.7429339477726574,"[[1030, 55], [431, 499]]"
gb_lr0.05_d1,sweep,0.3711721668203421,0.5996774193548388,0.7583126550868486,0.7755760368663595,"[[598, 487], [0, 930]]"
nusvc03,sweep,0.10240546259543758,0.6264516129032258,0.7583126550868486,0.7743471582181259,"[[614, 471], [16, 914]]"
hgb_lr0.02_leaf31,sweep,0.3154466495896615,0.6187096774193548,0.7583126550868486,0.7742703533026114,"[[615, 470], [17, 913]]"
hgb_lr0.02_leaf31,sweep,0.31693401118299797,0.6188709677419355,0.7583126550868486,0.7741935483870968,"[[616, 469], [18, 912]]"
hgb_lr0.08_leaf31,sweep,0.22300954064474385,0.6232258064516129,0.7583126550868486,0.7735023041474653,"[[625, 460], [27, 903]]"
gb_lr0.08_d3,sweep,0.3769427978140551,0.614516129032258,0.7583126550868486,0.7735023041474653,"[[625, 460], [27, 903]]"
ada100,sweep,0.49886832267053205,0.6046774193548388,0.7583126550868486,0.7735023041474653,"[[625, 460], [27, 903]]"
hgb_lr0.04_leaf15,sweep,0.7940836818428931,0.5862903225806452,0.7583126550868486,0.750768049155146,"[[921, 164], [323, 607]]"
hgb_lr0.08_leaf31,sweep,0.9607391753927896,0.5959677419354839,0.7583126550868486,0.7503072196620584,"[[927, 158], [329, 601]]"
hgb_lr0.06_leaf15,sweep,0.8457094242358638,0.5882258064516129,0.7583126550868486,0.75,"[[931, 154], [333, 597]]"
"mlp(64, 32)",sweep,0.9977968899488449,0.5948387096774194,0.7583126550868486,0.75,"[[931, 154], [333, 597]]"
hgb_lr0.04_leaf63,sweep,0.9562822543132184,0.5906451612903226,0.7583126550868486,0.7486943164362518,"[[948, 137], [350, 580]]"
"mlp(128,)",sweep,0.9705141476392746,0.6074193548387097,0.7583126550868486,0.7484639016897081,"[[951, 134], [353, 577]]"
gb_lr0.05_d2,sweep,0.7720005128113098,0.5633870967741935,0.7583126550868486,0.745468509984639,"[[990, 95], [392, 538]]"
gb_lr0.03_d1,sweep,0.7245417187262491,0.5733870967741935,0.7583126550868486,0.7417818740399386,"[[1038, 47], [440, 490]]"
gb_lr0.08_d1,sweep,0.37663159131560753,0.6020967741935483,0.7578163771712159,0.7751152073732719,"[[597, 488], [0, 930]]"
hgb_lr0.06_leaf31,sweep,0.1843322080231354,0.6130645161290322,0.7578163771712159,0.7745007680491551,"[[605, 480], [8, 922]]"
"mlp(64,)",sweep,0.1189071134328842,0.6020967741935483,0.7578163771712159,0.7745007680491551,"[[605, 480], [8, 922]]"
hgb_lr0.08_leaf63,sweep,0.06236665518285944,0.6195161290322581,0.7578163771712159,0.7741167434715821,"[[610, 475], [13, 917]]"
hgb_lr0.02_leaf63,sweep,0.276575146542655,0.6169354838709677,0.7578163771712159,0.7740399385560677,"[[611, 474], [14, 916]]"
gb_lr0.05_d2,sweep,0.3658519051948449,0.6119354838709677,0.7578163771712159,0.7729646697388632,"[[625, 460], [28, 902]]"
ada100,sweep,0.49887015181011846,0.6046774193548388,0.7578163771712159,0.7729646697388632,"[[625, 460], [28, 902]]"
ada300,sweep,0.5001041178758279,0.6053225806451613,0.7578163771712159,0.7688940092165899,"[[678, 407], [81, 849]]"
nusvc03,sweep,0.9956151629665837,0.635,0.7578163771712159,0.7517665130568356,"[[901, 184], [304, 626]]"
hgb_lr0.06_leaf15,sweep,0.8404536953939032,0.587741935483871,0.7578163771712159,0.7500768049155146,"[[923, 162], [326, 604]]"
hgb_lr0.04_leaf31,sweep,0.8856822782516517,0.5833870967741935,0.7578163771712159,0.7493087557603686,"[[933, 152], [336, 594]]"
hgb_lr0.02_leaf63,sweep,0.8811940514603869,0.582741935483871,0.7578163771712159,0.7474654377880184,"[[957, 128], [360, 570]]"
hgb_lr0.02_leaf63,sweep,0.8829679910843593,0.5825806451612904,0.7578163771712159,0.7472350230414746,"[[960, 125], [363, 567]]"
gb_lr0.03_d2,sweep,0.7598466381159484,0.5620967741935484,0.7578163771712159,0.7452380952380953,"[[986, 99], [389, 541]]"
hgb_lr0.06_leaf63,sweep,0.09693466357880237,0.6169354838709677,0.7573200992555831,0.7736559139784946,"[[609, 476], [13, 917]]"
gb_lr0.08_d3,sweep,0.37351182877267786,0.6133870967741936,0.7573200992555831,0.7726574500768049,"[[622, 463], [26, 904]]"
gb_lr0.05_d2,sweep,0.3649095241003543,0.6117741935483871,0.7573200992555831,0.7725038402457758,"[[624, 461], [28, 902]]"
gb_lr0.05_d3,sweep,0.3699244676885207,0.6106451612903225,0.7573200992555831,0.7725038402457758,"[[624, 461], [28, 902]]"
ada300,sweep,0.500173739233287,0.6070967741935483,0.7573200992555831,0.7678955453149001,"[[684, 401], [88, 842]]"
"mlp(64,)",sweep,0.9741454406738281,0.6038709677419355,0.7573200992555831,0.7497695852534563,"[[920, 165], [324, 606]]"
hgb_lr0.04_leaf31,sweep,0.8829205647602619,0.5856451612903226,0.7573200992555831,0.7490015360983102,"[[930, 155], [334, 596]]"
hgb_lr0.04_leaf63,sweep,0.957937977617391,0.5896774193548387,0.7573200992555831,0.7474654377880184,"[[950, 135], [354, 576]]"
hgb_lr0.06_leaf31,sweep,0.9385210086872245,0.5867741935483871,0.7573200992555831,0.7474654377880184,"[[950, 135], [354, 576]]"
hgb_lr0.08_leaf63,sweep,0.995620560222838,0.5906451612903226,0.7573200992555831,0.7474654377880184,"[[950, 135], [354, 576]]"
ada100,sweep,0.5078527842417072,0.5774193548387097,0.7573200992555831,0.7437019969278034,"[[999, 86], [403, 527]]"
gb_lr0.08_d2,sweep,0.8047338592995462,0.5611290322580645,0.7573200992555831,0.7431643625192013,"[[1006, 79], [410, 520]]"
hgb_lr0.04_leaf63,sweep,0.14047324310853307,0.6138709677419355,0.7568238213399504,0.7733486943164363,"[[606, 479], [11, 919]]"
hgb_lr0.04_leaf15,sweep,0.34391613367742213,0.6164516129032258,0.7568238213399504,0.7724270353302611,"[[618, 467], [23, 907]]"
hgb_lr0.08_leaf15,sweep,0.34566089061046895,0.6233870967741936,0.7568238213399504,0.771889400921659,"[[625, 460], [30, 900]]"
ada300,sweep,0.5001702183522546,0.6072580645161291,0.7568238213399504,0.7674347158218127,"[[683, 402], [88, 842]]"
ada300,sweep,0.5023360434523086,0.5862903225806452,0.7568238213399504,0.752457757296467,"[[878, 207], [283, 647]]"
ada300,sweep,0.5023479707585817,0.5859677419354838,0.7568238213399504,0.7523041474654378,"[[880, 205], [285, 645]]"
lda,sweep,0.7095350563526153,0.6343548387096775,0.7568238213399504,0.7515360983102919,"[[890, 195], [295, 635]]"
"mlp(64,)",sweep,0.9701542689561844,0.6041935483870968,0.7568238213399504,0.75,"[[910, 175], [315, 615]]"
"mlp(64,)",sweep,0.9705081009864807,0.6041935483870968,0.7568238213399504,0.7499231950844854,"[[911, 174], [316, 614]]"
"mlp(64,)",sweep,0.9738763557195663,0.6033870967741936,0.7568238213399504,0.7493855606758832,"[[918, 167], [323, 607]]"
hgb_lr0.04_leaf15,sweep,0.7980478231664921,0.5858064516129032,0.7568238213399504,0.7487711213517665,"[[926, 159], [331, 599]]"
hgb_lr0.06_leaf15,sweep,0.8500713603620326,0.587258064516129,0.7568238213399504,0.748310291858679,"[[932, 153], [337, 593]]"
hgb_lr0.06_leaf63,sweep,0.9866479961332352,0.5922580645161291,0.7568238213399504,0.7464669738863288,"[[956, 129], [361, 569]]"
hgb_lr0.02_leaf63,sweep,0.8887355191968722,0.5804838709677419,0.7568238213399504,0.745468509984639,"[[969, 116], [374, 556]]"
gb_lr0.03_d3,sweep,0.7812834776785773,0.5661290322580645,0.7568238213399504,0.7448540706605222,"[[977, 108], [382, 548]]"
gb_lr0.03_d3,sweep,0.7829120788609804,0.5654838709677419,0.7568238213399504,0.744700460829493,"[[979, 106], [384, 546]]"
hgb_lr0.08_leaf31,sweep,0.21413267678935588,0.6229032258064516,0.7563275434243176,0.7718125960061444,"[[619, 466], [25, 905]]"
hgb_lr0.02_leaf15,sweep,0.40492329863046855,0.6153225806451613,0.7563275434243176,0.771505376344086,"[[623, 462], [29, 901]]"
gb_lr0.08_d2,sweep,0.3727834620611021,0.6129032258064516,0.7563275434243176,0.7711213517665131,"[[628, 457], [34, 896]]"
ada300,sweep,0.5000300702533692,0.6080645161290322,0.7563275434243176,0.767741935483871,"[[672, 413], [78, 852]]"
hgb_lr0.02_leaf63,sweep,0.8888402697522677,0.5803225806451613,0.7563275434243176,0.7449308755760369,"[[969, 116], [375, 555]]"
gb_lr0.08_d1,sweep,0.740351167500965,0.5806451612903226,0.7563275434243176,0.7419354838709677,"[[1008, 77], [414, 516]]"
gb_lr0.05_d1,sweep,0.3673579315021545,0.5996774193548388,0.7558312655086848,0.7732718894009216,"[[593, 492], [0, 930]]"
gb_lr0.08_d1,sweep,0.3748246530337635,0.6008064516129032,0.7558312655086848,0.7732718894009216,"[[593, 492], [0, 930]]"
gnb,sweep,3.918209219737215e-28,0.5737096774193549,0.7558312655086848,0.7732718894009216,"[[593, 492], [0, 930]]"
hgb_lr0.04_leaf63,sweep,0.13365996256069076,0.6125806451612903,0.7558312655086848,0.7725038402457758,"[[603, 482], [10, 920]]"
"mlp(64, 32)",sweep,0.026323918476700778,0.6054838709677419,0.7558312655086848,0.7725038402457758,"[[603, 482], [10, 920]]"
gb_lr0.05_d3,sweep,0.36689665053669457,0.6104838709677419,0.7558312655086848,0.771121351766513,"[[621, 464], [28, 902]]"
hgb_lr0.06_leaf15,sweep,0.3680082898178506,0.6241935483870967,0.7558312655086848,0.7709677419354839,"[[623, 462], [30, 900]]"
ada300,sweep,0.5000395060677859,0.6080645161290322,0.7558312655086848,0.7672043010752688,"[[672, 413], [79, 851]]"
ada300,sweep,0.5024219613848432,0.5853225806451613,0.7558312655086848,0.7505376344086021,"[[889, 196], [296, 634]]"
hgb_lr0.02_leaf31,sweep,0.8170412675275035,0.5841935483870968,0.7558312655086848,0.7452380952380953,"[[958, 127], [365, 565]]"
hgb_lr0.06_leaf63,sweep,0.9871621836009067,0.5908064516129032,0.7558312655086848,0.7452380952380953,"[[958, 127], [365, 565]]"
"mlp(128,)",sweep,0.9730206085205078,0.6066129032258064,0.7558312655086848,0.7452380952380953,"[[958, 127], [365, 565]]"
"mlp(128,)",sweep,0.08037435936182737,0.6040322580645161,0.7553349875930521,0.772273425499232,"[[599, 486], [7, 923]]"
"mlp(64,)",sweep,0.11589748379588127,0.6017741935483871,0.7553349875930521,0.7721966205837174,"[[600, 485], [8, 922]]"
hgb_lr0.04_leaf31,sweep,0.26957092460210214,0.6120967741935484,0.7553349875930521,0.7712749615975423,"[[612, 473], [20, 910]]"
gb_lr0.03_d2,sweep,0.3728016313439864,0.6146774193548387,0.7553349875930521,0.7712749615975423,"[[612, 473], [20, 910]]"
gb_lr0.03_d3,sweep,0.3579081786562101,0.6061290322580645,0.7553349875930521,0.7712749615975423,"[[612, 473], [20, 910]]"
hgb_lr0.06_leaf15,sweep,0.36744309337053255,0.6240322580645161,0.7553349875930521,0.7705069124423963,"[[622, 463], [30, 900]]"
hgb_lr0.08_leaf15,sweep,0.34435975943557257,0.6238709677419355,0.7553349875930521,0.7705069124423963,"[[622, 463], [30, 900]]"
hgb_lr0.06_leaf15,sweep,0.38582872519541905,0.6259677419354839,0.7553349875930521,0.7700460829493088,"[[628, 457], [36, 894]]"
lda,sweep,0.7108551039814951,0.6346774193548387,0.7553349875930521,0.7498463901689708,"[[891, 194], [299, 631]]"
hgb_lr0.08_leaf15,sweep,0.8805821446458315,0.5912903225806452,0.7553349875930521,0.7477726574500767,"[[918, 167], [326, 604]]"
hgb_lr0.04_leaf15,sweep,0.7996504905136055,0.5858064516129032,0.7553349875930521,0.7470046082949309,"[[928, 157], [336, 594]]"
hgb_lr0.08_leaf31,sweep,0.9623538894075075,0.5964516129032258,0.7553349875930521,0.7470046082949309,"[[928, 157], [336, 594]]"
hgb_lr0.04_leaf31,sweep,0.8916476912540214,0.5833870967741935,0.7553349875930521,0.7462365591397849,"[[938, 147], [346, 584]]"
hgb_lr0.06_leaf15,sweep,0.8553363273059319,0.5866129032258065,0.7553349875930521,0.7462365591397849,"[[938, 147], [346, 584]]"
hgb_lr0.02_leaf15,sweep,0.7745187424943492,0.5725806451612904,0.7553349875930521,0.745468509984639,"[[948, 137], [356, 574]]"
gb_lr0.05_d3,sweep,0.7855282413582417,0.5812903225806452,0.7553349875930521,0.745468509984639,"[[948, 137], [356, 574]]"
gb_lr0.05_d3,sweep,0.7876809392828118,0.5798387096774194,0.7553349875930521,0.7452380952380953,"[[951, 134], [359, 571]]"
"mlp(128,)",sweep,0.97510911860466,0.6059677419354839,0.7553349875930521,0.7444700460829493,"[[961, 124], [369, 561]]"
gb_lr0.03_d1,sweep,0.3448998773618013,0.5861290322580646,0.7548387096774194,0.7723502304147465,"[[591, 494], [0, 930]]"
lda,sweep,0.2811231689453125,0.6091935483870968,0.7548387096774194,0.771505376344086,"[[602, 483], [11, 919]]"
hgb_lr0.08_leaf31,sweep,0.19428498804416985,0.6193548387096774,0.7548387096774194,0.7705837173579109,"[[614, 471], [23, 907]]"
ada100,sweep,0.4987235859499155,0.6022580645161291,0.7548387096774194,0.7705069124423963,"[[615, 470], [24, 906]]"
hgb_lr0.02_leaf15,sweep,0.4015202525738058,0.6151612903225806,0.7548387096774194,0.7701996927803378,"[[619, 466], [28, 902]]"
ada300,sweep,0.5024380873812712,0.5848387096774194,0.7548387096774194,0.7493855606758832,"[[890, 195], [299, 631]]"
hgb_lr0.08_leaf15,sweep,0.8832146971804905,0.5898387096774194,0.7548387096774194,0.7466973886328725,"[[925, 160], [334, 596]]"
gb_lr0.08_d3,sweep,0.8412729299760274,0.5687096774193549,0.7548387096774194,0.7427035330261137,"[[977, 108], [386, 544]]"
gb_lr0.03_d2,sweep,0.762061916816293,0.5616129032258065,0.7548387096774194,0.7419354838709677,"[[987, 98], [396, 534]]"
gb_lr0.05_d1,sweep,0.739034047516989,0.5766129032258065,0.7548387096774194,0.7381720430107527,"[[1036, 49], [445, 485]]"
gb_lr0.03_d1,sweep,0.34365688903418695,0.5858064516129032,0.7543424317617866,0.771889400921659,"[[590, 495], [0, 930]]"
gb_lr0.05_d1,sweep,0.36578397587114264,0.6,0.7543424317617866,0.771889400921659,"[[590, 495], [0, 930]]"
hgb_lr0.06_leaf31,sweep,0.17568681131294706,0.612741935483871,0.7543424317617866,0.7712749615975423,"[[598, 487], [8, 922]]"
lda,sweep,0.2796257483959198,0.6083870967741936,0.7543424317617866,0.7711213517665131,"[[600, 485], [10, 920]]"
hgb_lr0.02_leaf63,sweep,0.257921214956108,0.6169354838709677,0.7543424317617866,0.7708909370199692,"[[603, 482], [13, 917]]"
hgb_lr0.04_leaf31,sweep,0.2687076243935114,0.6112903225806452,0.7543424317617866,0.7703533026113671,"[[610, 475], [20, 910]]"
hgb_lr0.04_leaf15,sweep,0.3357380802598045,0.6148387096774194,0.7543424317617866,0.7702764976958525,"[[611, 474], [21, 909]]"
ada100,sweep,0.4985332760860263,0.6033870967741936,0.7543424317617866,0.770199692780338,"[[612, 473], [22, 908]]"
gb_lr0.08_d3,sweep,0.3637458183132634,0.6116129032258064,0.7543424317617866,0.7699692780337941,"[[615, 470], [25, 905]]"
nusvc03,sweep,0.9961655844828082,0.6332258064516129,0.7543424317617866,0.7478494623655914,"[[903, 182], [313, 617]]"
hgb_lr0.08_leaf15,sweep,0.8846159877634933,0.5893548387096774,0.7543424317617866,0.7460061443932412,"[[927, 158], [337, 593]]"
hgb_lr0.04_leaf15,sweep,0.8048103758628302,0.5840322580645161,0.7543424317617866,0.7456989247311827,"[[931, 154], [341, 589]]"
"mlp(64, 32)",sweep,0.9981992880702019,0.595,0.7543424317617866,0.7455453149001536,"[[933, 152], [343, 587]]"
gb_lr0.08_d3,sweep,0.8423739040158432,0.5690322580645162,0.7543424317617866,0.7421658986175115,"[[977, 108], [387, 543]]"
gb_lr0.08_d2,sweep,0.8067302076518759,0.5616129032258065,0.7543424317617866,0.7399385560675884,"[[1006, 79], [416, 514]]"
hgb_lr0.08_leaf63,sweep,0.053146363584666914,0.6179032258064516,0.7538461538461538,0.7705069124423962,"[[601, 484], [12, 918]]"
nusvc03,sweep,0.08566605752245471,0.6261290322580645,0.7538461538461538,0.7705069124423962,"[[601, 484], [12, 918]]"
ada300,default_predict,,,0.7538461538461538,0.7655145929339477,"[[666, 419], [77, 853]]"
ada300,sweep,0.5,0.607741935483871,0.7538461538461538,0.7655145929339477,"[[666, 419], [77, 853]]"
hgb_lr0.04_leaf31,sweep,0.8934391520436175,0.5830645161290322,0.7538461538461538,0.7444700460829493,"[[940, 145], [351, 579]]"
hgb_lr0.06_leaf15,sweep,0.8593912082680588,0.5853225806451613,0.7538461538461538,0.7444700460829493,"[[940, 145], [351, 579]]"
hgb_lr0.06_leaf31,sweep,0.9412897733646041,0.5882258064516129,0.7538461538461538,0.7436251920122887,"[[951, 134], [362, 568]]"
hgb_lr0.04_leaf63,sweep,0.9604334522945953,0.5885483870967742,0.7538461538461538,0.7434715821812596,"[[953, 132], [364, 566]]"
hgb_lr0.08_leaf63,sweep,0.996232362033819,0.587741935483871,0.7538461538461538,0.7432411674347158,"[[956, 129], [367, 563]]"
gb_lr0.05_d3,sweep,0.7939419886138094,0.5780645161290323,0.7538461538461538,0.7432411674347158,"[[956, 129], [367, 563]]"
gb_lr0.05_d3,sweep,0.7958368650818106,0.5770967741935484,0.7538461538461538,0.7430107526881721,"[[959, 126], [370, 560]]"
hgb_lr0.06_leaf63,sweep,0.9879466884491857,0.5888709677419355,0.7538461538461538,0.7429339477726575,"[[960, 125], [371, 559]]"
"mlp(64, 32)",sweep,0.025291441139951347,0.605,0.753349875930521,0.7702764976958525,"[[597, 488], [9, 921]]"
hgb_lr0.08_leaf31,sweep,0.185786330156856,0.6188709677419355,0.753349875930521,0.7692780337941628,"[[610, 475], [22, 908]]"
gb_lr0.08_d2,sweep,0.3623817762000399,0.6112903225806452,0.753349875930521,0.7685099846390169,"[[620, 465], [32, 898]]"
nusvc03,sweep,0.9973561474496058,0.6290322580645161,0.753349875930521,0.746236559139785,"[[910, 175], [322, 608]]"
hgb_lr0.08_leaf31,sweep,0.9651205982490418,0.5956451612903226,0.753349875930521,0.7444700460829493,"[[933, 152], [345, 585]]"
hgb_lr0.02_leaf15,sweep,0.7773810459990749,0.5724193548387096,0.753349875930521,0.7430875576036866,"[[951, 134], [363, 567]]"
gb_lr0.08_d1,sweep,0.742369921066683,0.5809677419354838,0.753349875930521,0.7384024577572965,"[[1012, 73], [424, 506]]"
hgb_lr0.08_leaf63,sweep,0.05144730498245257,0.6175806451612903,0.7528535980148884,0.7695852534562212,"[[599, 486], [12, 918]]"
hgb_lr0.02_leaf63,sweep,0.25386476472006225,0.6166129032258064,0.7528535980148884,0.7695084485407067,"[[600, 485], [13, 917]]"
hgb_lr0.06_leaf63,sweep,0.09057643122949545,0.6162903225806452,0.7528535980148884,0.7695084485407067,"[[600, 485], [13, 917]]"
ada100,sweep,0.49848969483868993,0.6017741935483871,0.7528535980148884,0.7688172043010753,"[[609, 476], [22, 908]]"
gb_lr0.05_d3,sweep,0.35727944059077027,0.607741935483871,0.7528535980148884,0.7685867895545315,"[[612, 473], [25, 905]]"
gb_lr0.08_d2,sweep,0.36194780294397577,0.6112903225806452,0.7528535980148884,0.7680491551459293,"[[619, 466], [32, 898]]"
ada300,sweep,0.5025328549908876,0.582741935483871,0.7528535980148884,0.7467741935483871,"[[896, 189], [309, 621]]"
nusvc03,sweep,0.9966553401210314,0.6324193548387097,0.7528535980148884,0.7460061443932411,"[[906, 179], [319, 611]]"
nusvc03,sweep,0.9968157484783476,0.6320967741935484,0.7528535980148884,0.7460061443932411,"[[906, 179], [319, 611]]"
hgb_lr0.02_leaf15,sweep,0.7796147306532207,0.5714516129032258,0.7528535980148884,0.7422427035330261,"[[955, 130], [368, 562]]"
hgb_lr0.04_leaf63,sweep,0.961020884840407,0.5880645161290322,0.7528535980148884,0.7422427035330261,"[[955, 130], [368, 562]]"
hgb_lr0.06_leaf31,sweep,0.9438897064361871,0.5861290322580646,0.7528535980148884,0.7422427035330261,"[[955, 130], [368, 562]]"
hgb_lr0.02_leaf31,sweep,0.8193731152541406,0.5832258064516129,0.7528535980148884,0.7419354838709677,"[[959, 126], [372, 558]]"
hgb_lr0.08_leaf63,sweep,0.9965640607893661,0.584516129032258,0.7528535980148884,0.741705069124424,"[[962, 123], [375, 555]]"
hgb_lr0.04_leaf63,sweep,0.9642399365541731,0.5862903225806452,0.7528535980148884,0.7414746543778802,"[[965, 120], [378, 552]]"
gb_lr0.03_d3,sweep,0.7879191936756816,0.5637096774193548,0.7528535980148884,0.7401689708141321,"[[982, 103], [395, 535]]"
ada100,sweep,0.5080207365989831,0.5748387096774193,0.7528535980148884,0.7386328725038402,"[[1002, 83], [415, 515]]"
gb_lr0.03_d1,sweep,0.7267916210016327,0.5712903225806452,0.7528535980148884,0.7354070660522274,"[[1044, 41], [457, 473]]"
hgb_lr0.04_leaf63,sweep,0.12057003347991446,0.6130645161290322,0.7523573200992556,0.769431643625192,"[[594, 491], [8, 922]]"
hgb_lr0.04_leaf15,sweep,0.3305589641950484,0.6133870967741936,0.7523573200992556,0.7685099846390169,"[[606, 479], [20, 910]]"
hgb_lr0.08_leaf31,sweep,0.1740393885313827,0.6185483870967742,0.7523573200992556,0.7684331797235022,"[[607, 478], [21, 909]]"
hgb_lr0.08_leaf15,sweep,0.32845389645803164,0.6238709677419355,0.7523573200992556,0.7679723502304148,"[[613, 472], [27, 903]]"
ada300,sweep,0.4999414172604449,0.608225806451613,0.7523573200992556,0.7645161290322581,"[[658, 427], [72, 858]]"
hgb_lr0.04_leaf15,sweep,0.8094073048619411,0.5825806451612904,0.7523573200992556,0.7432411674347159,"[[935, 150], [349, 581]]"
hgb_lr0.08_leaf31,sweep,0.9675376030753493,0.5941935483870968,0.7523573200992556,0.7432411674347159,"[[935, 150], [349, 581]]"
"mlp(64, 32)",sweep,0.9983210397720337,0.595,0.7523573200992556,0.7432411674347159,"[[935, 150], [349, 581]]"
hgb_lr0.06_leaf15,sweep,0.8652260091245788,0.5833870967741935,0.7523573200992556,0.7424731182795699,"[[945, 140], [359, 571]]"
hgb_lr0.06_leaf15,sweep,0.8673014856630439,0.5838709677419355,0.7523573200992556,0.7423963133640553,"[[946, 139], [360, 570]]"
hgb_lr0.08_leaf63,sweep,0.9959713527582983,0.589516129032258,0.7523573200992556,0.7420122887864824,"[[951, 134], [365, 565]]"
hgb_lr0.04_leaf63,sweep,0.9645143536923436,0.5858064516129032,0.7523573200992556,0.7409370199692781,"[[965, 120], [379, 551]]"
hgb_lr0.02_leaf63,sweep,0.8945360238920794,0.5780645161290323,0.7523573200992556,0.7404761904761905,"[[971, 114], [385, 545]]"
gb_lr0.05_d2,sweep,0.7774248914784024,0.5633870967741935,0.7523573200992556,0.7387096774193549,"[[994, 91], [408, 522]]"
ada100,sweep,0.5080761856530764,0.5733870967741935,0.7523573200992556,0.7379416282642088,"[[1004, 81], [418, 512]]"
gb_lr0.08_d1,sweep,0.7435625713198717,0.5803225806451613,0.7523573200992556,0.737173579109063,"[[1014, 71], [428, 502]]"
nusvc03,sweep,0.0781823543193177,0.625,0.7518610421836228,0.7687403993855606,"[[596, 489], [11, 919]]"
hgb_lr0.06_leaf63,sweep,0.08423848458880918,0.6143548387096774,0.7518610421836228,0.7686635944700461,"[[597, 488], [12, 918]]"
hgb_lr0.02_leaf31,sweep,0.30156600808602824,0.6137096774193549,0.7518610421836228,0.7682795698924731,"[[602, 483], [17, 913]]"
gb_lr0.05_d2,sweep,0.35712147291033663,0.609516129032258,0.7518610421836228,0.7675883256528417,"[[611, 474], [26, 904]]"
ada300,sweep,0.4999439015447734,0.608225806451613,0.7518610421836228,0.7639784946236559,"[[658, 427], [73, 857]]"
ada300,sweep,0.5025477244452625,0.5824193548387097,0.7518610421836228,0.7456989247311828,"[[896, 189], [311, 619]]"
hgb_lr0.08_leaf63,sweep,0.9966487070751252,0.5841935483870968,0.7518610421836228,0.7404761904761905,"[[964, 121], [379, 551]]"
gb_lr0.05_d3,sweep,0.8007447375155676,0.5741935483870968,0.7518610421836228,0.7404761904761905,"[[964, 121], [379, 551]]"
"mlp(128,)",sweep,0.9764459650993347,0.605,0.7518610421836228,0.7404761904761905,"[[964, 121], [379, 551]]"
gb_lr0.03_d3,sweep,0.7897407900078367,0.562741935483871,0.7518610421836228,0.7389400921658986,"[[984, 101], [399, 531]]"
gb_lr0.08_d3,sweep,0.8467187067823219,0.5653225806451613,0.7518610421836228,0.7389400921658986,"[[984, 101], [399, 531]]"
gb_lr0.08_d3,sweep,0.8481508126272848,0.5646774193548387,0.7518610421836228,0.7389400921658986,"[[984, 101], [399, 531]]"
lda,sweep,0.26862326316237445,0.6053225806451613,0.75136476426799,0.7683563748079878,"[[594, 491], [10, 920]]"
gb_lr0.03_d2,sweep,0.3682507018012886,0.6137096774193549,0.75136476426799,0.7675883256528417,"[[604, 481], [20, 910]]"
hgb_lr0.08_leaf15,sweep,0.31743954271634867,0.6254838709677419,0.75136476426799,0.7672811059907834,"[[608, 477], [24, 906]]"
nusvc03,sweep,0.9999841220664341,0.6259677419354839,0.75136476426799,0.743778801843318,"[[914, 171], [330, 600]]"
"mlp(64,)",sweep,0.9766056348323822,0.6040322580645161,0.75136476426799,0.743010752688172,"[[924, 161], [340, 590]]"
"mlp(64,)",sweep,0.9795514655947685,0.6022580645161291,0.75136476426799,0.7423963133640553,"[[932, 153], [348, 582]]"
hgb_lr0.04_leaf31,sweep,0.8960821444905367,0.5817741935483871,0.75136476426799,0.7414746543778802,"[[944, 141], [360, 570]]"
hgb_lr0.08_leaf15,sweep,0.9000177179273801,0.5874193548387097,0.75136476426799,0.7411674347158218,"[[948, 137], [364, 566]]"
hgb_lr0.06_leaf31,sweep,0.9457429968181105,0.5870967741935483,0.75136476426799,0.7404761904761905,"[[957, 128], [373, 557]]"
gb_lr0.05_d3,sweep,0.8030050244774551,0.5732258064516129,0.75136476426799,0.7398617511520738,"[[965, 120], [381, 549]]"
gb_lr0.03_d2,sweep,0.7657382892728414,0.562258064516129,0.75136476426799,0.7377112135176651,"[[993, 92], [409, 521]]"
gb_lr0.08_d1,sweep,0.3690774292992449,0.597741935483871,0.7508684863523574,0.7686635944700461,"[[583, 502], [0, 930]]"
"mlp(128,)",sweep,0.07145659163892272,0.6012903225806452,0.7508684863523574,0.7682795698924731,"[[588, 497], [5, 925]]"
hgb_lr0.02_leaf63,sweep,0.24234931946629862,0.6151612903225806,0.7508684863523574,0.7676651305683564,"[[596, 489], [13, 917]]"
hgb_lr0.08_leaf31,sweep,0.154101190694288,0.6167741935483871,0.7508684863523574,0.7672811059907834,"[[601, 484], [18, 912]]"
hgb_lr0.02_leaf15,sweep,0.3928402601263637,0.6125806451612903,0.7508684863523574,0.7665898617511521,"[[610, 475], [27, 903]]"
ada300,sweep,0.4997858567351715,0.6079032258064516,0.7508684863523574,0.7637480798771121,"[[647, 438], [64, 866]]"
nusvc03,sweep,0.9999854164014027,0.6258064516129033,0.7508684863523574,0.7432411674347158,"[[914, 171], [331, 599]]"
"mlp(64,)",sweep,0.9769232952356338,0.6035483870967742,0.7508684863523574,0.7424731182795699,"[[924, 161], [341, 589]]"
hgb_lr0.04_leaf15,sweep,0.8129598097341613,0.5808064516129032,0.7508684863523574,0.7414746543778802,"[[937, 148], [354, 576]]"
"mlp(64, 32)",sweep,0.9985163931846619,0.5922580645161291,0.7508684863523574,0.7413978494623656,"[[938, 147], [355, 575]]"
"mlp(64, 32)",sweep,0.9987855390787125,0.5908064516129032,0.7508684863523574,0.7408602150537634,"[[945, 140], [362, 568]]"
hgb_lr0.02_leaf63,sweep,0.896397185994667,0.5762903225806452,0.7508684863523574,0.7387096774193549,"[[973, 112], [390, 540]]"
gb_lr0.05_d1,sweep,0.740525696767086,0.5761290322580646,0.7508684863523574,0.7337941628264208,"[[1037, 48], [454, 476]]"
gb_lr0.03_d3,sweep,0.3508397598886607,0.6037096774193549,0.7503722084367246,0.7666666666666666,"[[602, 483], [20, 910]]"
gb_lr0.05_d3,sweep,0.3546293512628188,0.6085483870967742,0.7503722084367246,0.7662826420890937,"[[607, 478], [25, 905]]"
gb_lr0.08_d3,sweep,0.35518903126581425,0.6122580645161291,0.7503722084367246,0.7662826420890937,"[[607, 478], [25, 905]]"
ada300,sweep,0.49979298641468045,0.6074193548387097,0.7503722084367246,0.7631336405529954,"[[648, 437], [66, 864]]"
hgb_lr0.08_leaf15,sweep,0.8917748706063596,0.5888709677419355,0.7503722084367246,0.7412442396313363,"[[933, 152], [351, 579]]"
"mlp(64,)",sweep,0.980218393278122,0.6014516129032258,0.7503722084367246,0.7412442396313363,"[[933, 152], [351, 579]]"
"mlp(64, 32)",sweep,0.9987154377698898,0.5903225806451613,0.7503722084367246,0.7404761904761905,"[[943, 142], [361, 569]]"
gb_lr0.03_d2,sweep,0.7673326367493409,0.5619354838709677,0.7503722084367246,0.7364823348694316,"[[995, 90], [413, 517]]"
gb_lr0.05_d2,sweep,0.7792685016421627,0.562741935483871,0.7503722084367246,0.7364823348694316,"[[995, 90], [413, 517]]"
ada100,sweep,0.5082705951550895,0.5704838709677419,0.7503722084367246,0.7351766513056835,"[[1012, 73], [430, 500]]"
gb_lr0.05_d1,sweep,0.35952193197794685,0.5969354838709677,0.7498759305210918,0.767741935483871,"[[581, 504], [0, 930]]"
"mlp(64,)",sweep,0.10336038470566275,0.599516129032258,0.7498759305210918,0.7672811059907834,"[[587, 498], [6, 924]]"
hgb_lr0.02_leaf31,sweep,0.2934958982948934,0.6116129032258064,0.7498759305210918,0.7665130568356375,"[[597, 488], [16, 914]]"
hgb_lr0.08_leaf15,sweep,0.31151264675399565,0.625,0.7498759305210918,0.7659754224270353,"[[604, 481], [23, 907]]"
lda,sweep,0.7172599234580993,0.6329032258064516,0.7498759305210918,0.743778801843318,"[[893, 192], [312, 618]]"
lda,sweep,0.7211583433151245,0.6319354838709678,0.7498759305210918,0.7434715821812596,"[[897, 188], [316, 614]]"
hgb_lr0.08_leaf31,sweep,0.9684816932032095,0.5938709677419355,0.7498759305210918,0.7403993855606759,"[[937, 148], [356, 574]]"
hgb_lr0.06_leaf63,sweep,0.9887513767993851,0.5869354838709677,0.7498759305210918,0.738479262672811,"[[962, 123], [381, 549]]"
gb_lr0.08_d1,sweep,0.7477744237655031,0.5824193548387097,0.7498759305210918,0.73394777265745,"[[1021, 64], [440, 490]]"
gb_lr0.03_d1,sweep,0.33345484922401764,0.5824193548387097,0.749379652605459,0.7672811059907834,"[[580, 505], [0, 930]]"
ada100,sweep,0.49837232676814025,0.6004838709677419,0.749379652605459,0.7657450076804916,"[[600, 485], [20, 910]]"
gb_lr0.08_d3,sweep,0.35152640767541926,0.6116129032258064,0.749379652605459,0.7654377880184332,"[[604, 481], [24, 906]]"
gb_lr0.05_d2,sweep,0.35218442130887084,0.607741935483871,0.749379652605459,0.765284178187404,"[[606, 479], [26, 904]]"
ada300,sweep,0.49986198309511937,0.608225806451613,0.749379652605459,0.7619815668202765,"[[649, 436], [69, 861]]"
ada600,sweep,0.5013040791069098,0.6008064516129032,0.749379652605459,0.7463133640552995,"[[853, 232], [273, 657]]"
hgb_lr0.08_leaf15,sweep,0.8923649205969898,0.5888709677419355,0.749379652605459,0.7401689708141321,"[[933, 152], [353, 577]]"
hgb_lr0.08_leaf15,sweep,0.8975793528765268,0.5862903225806452,0.749379652605459,0.7394777265745007,"[[942, 143], [362, 568]]"
gb_lr0.08_d1,sweep,0.7473484221422192,0.5824193548387097,0.749379652605459,0.7335637480798771,"[[1019, 66], [439, 491]]"
hgb_lr0.06_leaf63,sweep,0.07122944869512912,0.6138709677419355,0.7488833746898264,0.7662826420890937,"[[586, 499], [7, 923]]"
hgb_lr0.06_leaf31,sweep,0.15718808550351848,0.609516129032258,0.7488833746898264,0.7662058371735792,"[[587, 498], [8, 922]]"
hgb_lr0.08_leaf31,sweep,0.1454451910203343,0.6161290322580645,0.7488833746898264,0.7655145929339477,"[[596, 489], [17, 913]]"
hgb_lr0.02_leaf15,sweep,0.3823829142971768,0.6124193548387097,0.7488833746898264,0.7648233486943165,"[[605, 480], [26, 904]]"
ada300,sweep,0.5026101445069314,0.582258064516129,0.7488833746898264,0.7420122887864824,"[[902, 183], [323, 607]]"
hgb_lr0.02_leaf15,sweep,0.7840593829315899,0.5703225806451613,0.7488833746898264,0.7374807987711214,"[[961, 124], [382, 548]]"
hgb_lr0.02_leaf15,sweep,0.7841856146712065,0.5701612903225807,0.7488833746898264,0.7374807987711214,"[[961, 124], [382, 548]]"
hgb_lr0.06_leaf31,sweep,0.9488049315266239,0.5859677419354838,0.7488833746898264,0.7374807987711214,"[[961, 124], [382, 548]]"
"mlp(128,)",sweep,0.9777549707889557,0.6035483870967742,0.7488833746898264,0.7370967741935484,"[[966, 119], [387, 543]]"
gb_lr0.08_d2,sweep,0.813479291628343,0.5591935483870968,0.7488833746898264,0.7337173579109062,"[[1010, 75], [431, 499]]"
ada100,sweep,0.5083323952266197,0.5701612903225807,0.7488833746898264,0.7333333333333333,"[[1015, 70], [436, 494]]"
gb_lr0.08_d1,sweep,0.7519431080801188,0.5812903225806452,0.7488833746898264,0.7321812596006144,"[[1030, 55], [451, 479]]"
"mlp(128,)",sweep,0.06841351008415224,0.6012903225806452,0.7483870967741936,0.7659754224270353,"[[583, 502], [5, 925]]"
hgb_lr0.06_leaf63,sweep,0.07277721109846723,0.6148387096774194,0.7483870967741936,0.765668202764977,"[[587, 498], [9, 921]]"
hgb_lr0.02_leaf31,sweep,0.2880106452271731,0.6109677419354839,0.7483870967741936,0.7652073732718894,"[[593, 492], [15, 915]]"
hgb_lr0.02_leaf15,sweep,0.3835225127102608,0.6124193548387097,0.7483870967741936,0.7642857142857142,"[[605, 480], [27, 903]]"
ada300,sweep,0.4996666496976759,0.6098387096774194,0.7483870967741936,0.7619815668202765,"[[635, 450], [57, 873]]"
ada600,sweep,0.5012335597801441,0.603225806451613,0.7483870967741936,0.7460829493087557,"[[842, 243], [264, 666]]"
hgb_lr0.06_leaf31,sweep,0.949958563473002,0.5856451612903226,0.7483870967741936,0.7365591397849462,"[[966, 119], [388, 542]]"
gb_lr0.08_d2,sweep,0.8142896989088855,0.5598387096774193,0.7483870967741936,0.7331797235023041,"[[1010, 75], [432, 498]]"
gb_lr0.08_d1,sweep,0.7521169313491108,0.5806451612903226,0.7483870967741936,0.7316436251920123,"[[1030, 55], [452, 478]]"
hgb_lr0.04_leaf63,sweep,0.10548251157228995,0.6106451612903225,0.7478908188585608,0.765284178187404,"[[585, 500], [8, 922]]"
hgb_lr0.04_leaf63,sweep,0.10582122699487558,0.6111290322580645,0.7478908188585608,0.765284178187404,"[[585, 500], [8, 922]]"
hgb_lr0.06_leaf31,sweep,0.15675037946033404,0.6093548387096774,0.7478908188585608,0.765284178187404,"[[585, 500], [8, 922]]"
"mlp(64, 32)",sweep,0.02128916071653374,0.6025806451612903,0.7478908188585608,0.765284178187404,"[[585, 500], [8, 922]]"
lda,sweep,0.25683613653182996,0.603225806451613,0.7478908188585608,0.765284178187404,"[[585, 500], [8, 922]]"
lda,sweep,0.2570345740318299,0.603225806451613,0.7478908188585608,0.765284178187404,"[[585, 500], [8, 922]]"
hgb_lr0.04_leaf15,sweep,0.32094467653631353,0.612741935483871,0.7478908188585608,0.764516129032258,"[[595, 490], [18, 912]]"
gb_lr0.03_d3,sweep,0.3444875768115952,0.6025806451612903,0.7478908188585608,0.764516129032258,"[[595, 490], [18, 912]]"
ada100,sweep,0.498274924824498,0.5979032258064516,0.7478908188585608,0.764516129032258,"[[595, 490], [18, 912]]"
ada300,sweep,0.49961124555865066,0.6090322580645161,0.7478908188585608,0.7616743471582181,"[[632, 453], [55, 875]]"
lda,sweep,0.72622995967865,0.6304838709677419,0.7478908188585608,0.7410138248847926,"[[901, 184], [324, 606]]"
hgb_lr0.04_leaf31,sweep,0.90017981875996,0.5816129032258065,0.7478908188585608,0.7374807987711214,"[[947, 138], [370, 560]]"
hgb_lr0.04_leaf31,sweep,0.9018521310288257,0.5808064516129032,0.7478908188585608,0.7372503840245775,"[[950, 135], [373, 557]]"
hgb_lr0.06_leaf15,sweep,0.873506801250084,0.5820967741935484,0.7478908188585608,0.7372503840245775,"[[950, 135], [373, 557]]"
hgb_lr0.08_leaf15,sweep,0.90347667794321,0.5869354838709677,0.7478908188585608,0.7372503840245775,"[[950, 135], [373, 557]]"
hgb_lr0.06_leaf15,sweep,0.8737905959438556,0.5820967741935484,0.7478908188585608,0.737173579109063,"[[951, 134], [374, 556]]"
hgb_lr0.02_leaf63,sweep,0.899097344221946,0.575,0.7478908188585608,0.7353302611367127,"[[975, 110], [398, 532]]"
gb_lr0.05_d1,sweep,0.7424647033172984,0.5767741935483871,0.7478908188585608,0.7304147465437788,"[[1039, 46], [462, 468]]"
gb_lr0.03_d1,sweep,0.7290570111328826,0.57,0.7478908188585608,0.7298771121351766,"[[1046, 39], [469, 461]]"
hgb_lr0.08_leaf31,sweep,0.13349621950842094,0.6146774193548387,0.747394540942928,0.7643625192012289,"[[590, 495], [14, 916]]"
hgb_lr0.04_leaf31,sweep,0.25450173508633034,0.6101612903225806,0.747394540942928,0.7639016897081413,"[[596, 489], [20, 910]]"
gb_lr0.05_d2,sweep,0.34866068364400754,0.6079032258064516,0.747394540942928,0.7634408602150538,"[[602, 483], [26, 904]]"
hgb_lr0.06_leaf15,sweep,0.3483204516507921,0.6230645161290322,0.747394540942928,0.7632872503840246,"[[604, 481], [28, 902]]"
hgb_lr0.06_leaf15,sweep,0.3500940191200495,0.6229032258064516,0.747394540942928,0.7632872503840246,"[[604, 481], [28, 902]]"
ada300,sweep,0.49969115869836045,0.6085483870967742,0.747394540942928,0.7609062980030722,"[[635, 450], [59, 871]]"
ada600,sweep,0.5012728008203033,0.6017741935483871,0.747394540942928,0.7447004608294931,"[[846, 239], [270, 660]]"
ada600,sweep,0.5013398681183533,0.5993548387096774,0.747394540942928,0.7438556067588326,"[[857, 228], [281, 649]]"
hgb_lr0.08_leaf31,sweep,0.9707893392217304,0.5933870967741935,0.747394540942928,0.7374807987711214,"[[940, 145], [364, 566]]"
hgb_lr0.04_leaf15,sweep,0.8219381220767319,0.5774193548387097,0.747394540942928,0.7373271889400921,"[[942, 143], [366, 564]]"
gb_lr0.03_d2,sweep,0.7708784737613297,0.5608064516129032,0.747394540942928,0.7329493087557604,"[[999, 86], [423, 507]]"
"mlp(64,)",sweep,0.10114876025915147,0.6003225806451613,0.7468982630272953,0.7645161290322581,"[[581, 504], [6, 924]]"
hgb_lr0.08_leaf63,sweep,0.04075668235869771,0.6141935483870967,0.7468982630272953,0.7641321044546852,"[[586, 499], [11, 919]]"
gb_lr0.03_d3,sweep,0.34098670570864514,0.6022580645161291,0.7468982630272953,0.7635944700460829,"[[593, 492], [18, 912]]"
gb_lr0.03_d2,sweep,0.3640265408448462,0.6106451612903225,0.7468982630272953,0.7635176651305684,"[[594, 491], [19, 911]]"
nusvc03,sweep,0.9999901041322877,0.625,0.7468982630272953,0.7387864823348694,"[[916, 169], [341, 589]]"
"mlp(64,)",sweep,0.982002552986145,0.6017741935483871,0.7468982630272953,0.7373271889400922,"[[935, 150], [360, 570]]"
hgb_lr0.02_leaf31,sweep,0.8241168953212017,0.5819354838709677,0.7468982630272953,0.7354838709677419,"[[959, 126], [384, 546]]"
hgb_lr0.08_leaf15,sweep,0.9093262273302852,0.5854838709677419,0.7468982630272953,0.7354838709677419,"[[959, 126], [384, 546]]"
hgb_lr0.06_leaf63,sweep,0.9896488017216452,0.5867741935483871,0.7468982630272953,0.7348694316436252,"[[967, 118], [392, 538]]"
hgb_lr0.08_leaf63,sweep,0.9971550712327295,0.5858064516129032,0.7468982630272953,0.7348694316436252,"[[967, 118], [392, 538]]"
hgb_lr0.08_leaf63,sweep,0.9971859774988611,0.5856451612903226,0.7468982630272953,0.734715821812596,"[[969, 116], [394, 536]]"
gb_lr0.05_d3,sweep,0.8107172989820108,0.5711290322580646,0.7468982630272953,0.734715821812596,"[[969, 116], [394, 536]]"
gb_lr0.05_d3,sweep,0.8111252281512875,0.5717741935483871,0.7468982630272953,0.734715821812596,"[[969, 116], [394, 536]]"
hgb_lr0.04_leaf63,sweep,0.09355828480465585,0.607741935483871,0.7464019851116626,0.7642089093701997,"[[578, 507], [4, 926]]"
"mlp(64, 32)",sweep,0.019730683344602592,0.6012903225806452,0.7464019851116626,0.7639016897081414,"[[582, 503], [8, 922]]"
ada100,sweep,0.4982059393172396,0.5980645161290322,0.7464019851116626,0.76321044546851,"[[591, 494], [17, 913]]"
ada300,sweep,0.5026866549437555,0.5809677419354838,0.7464019851116626,0.7387864823348694,"[[909, 176], [335, 595]]"
hgb_lr0.04_leaf15,sweep,0.8185938576574094,0.5780645161290323,0.7464019851116626,0.7364823348694316,"[[939, 146], [365, 565]]"
"mlp(64, 32)",sweep,0.9990028891086579,0.5901612903225807,0.7464019851116626,0.7357910906298003,"[[948, 137], [374, 556]]"
gb_lr0.08_d3,sweep,0.855223028857129,0.5593548387096774,0.7464019851116626,0.7328725038402457,"[[986, 99], [412, 518]]"
gb_lr0.03_d3,sweep,0.7946474619267856,0.5601612903225807,0.7464019851116626,0.7327188940092166,"[[988, 97], [414, 516]]"
gb_lr0.05_d2,sweep,0.7832087606994481,0.562258064516129,0.7464019851116626,0.7319508448540706,"[[998, 87], [424, 506]]"
gb_lr0.03_d1,sweep,0.329261834336483,0.5816129032258065,0.7459057071960298,0.7640552995391705,"[[573, 512], [0, 930]]"
gb_lr0.05_d1,sweep,0.3539596006452396,0.5961290322580645,0.7459057071960298,0.7640552995391705,"[[573, 512], [0, 930]]"
gb_lr0.08_d1,sweep,0.3645563727984941,0.5951612903225807,0.7459057071960298,0.7640552995391705,"[[573, 512], [0, 930]]"
gnb,sweep,1.9379531580324927e-29,0.574516129032258,0.7459057071960298,0.7640552995391705,"[[573, 512], [0, 930]]"
hgb_lr0.08_leaf63,sweep,0.035636943595766926,0.612741935483871,0.7459057071960298,0.7632872503840246,"[[583, 502], [10, 920]]"
nusvc03,sweep,0.06323136300152297,0.6232258064516129,0.7459057071960298,0.76321044546851,"[[584, 501], [11, 919]]"
hgb_lr0.04_leaf31,sweep,0.24997997350313367,0.6090322580645161,0.7459057071960298,0.7625192012288786,"[[593, 492], [20, 910]]"
gb_lr0.08_d2,sweep,0.351904553958495,0.608225806451613,0.7459057071960298,0.7616743471582181,"[[604, 481], [31, 899]]"
ada600,sweep,0.5011447313402367,0.6069354838709677,0.7459057071960298,0.7446236559139785,"[[826, 259], [253, 677]]"
ada600,sweep,0.5014131926271469,0.5980645161290322,0.7459057071960298,0.7414746543778802,"[[867, 218], [294, 636]]"
"mlp(64, 32)",sweep,0.9990144207000733,0.5904838709677419,0.7459057071960298,0.7352534562211981,"[[948, 137], [375, 555]]"
hgb_lr0.08_leaf15,sweep,0.9055876548562495,0.5862903225806452,0.7459057071960298,0.7350230414746544,"[[951, 134], [378, 552]]"
hgb_lr0.08_leaf15,sweep,0.913776327202235,0.5835483870967741,0.7459057071960298,0.7338709677419355,"[[966, 119], [393, 537]]"
hgb_lr0.06_leaf31,sweep,0.9517451203749806,0.5854838709677419,0.7459057071960298,0.7337173579109063,"[[968, 117], [395, 535]]"
"mlp(128,)",sweep,0.9794250717639923,0.6016129032258064,0.7459057071960298,0.7337173579109063,"[[968, 117], [395, 535]]"
gb_lr0.03_d3,sweep,0.7946889926559015,0.5601612903225807,0.7459057071960298,0.7321812596006144,"[[988, 97], [415, 515]]"
ada100,sweep,0.5084077439839803,0.5717741935483871,0.7459057071960298,0.7299539170506912,"[[1017, 68], [444, 486]]"
gb_lr0.05_d1,sweep,0.35226767905745143,0.5951612903225807,0.745409429280397,0.7635944700460829,"[[572, 513], [0, 930]]"
hgb_lr0.02_leaf63,sweep,0.22658974830591924,0.6137096774193549,0.745409429280397,0.7627496159754223,"[[583, 502], [11, 919]]"
hgb_lr0.04_leaf15,sweep,0.3175894069746137,0.6125806451612903,0.745409429280397,0.7622119815668202,"[[590, 495], [18, 912]]"
gb_lr0.05_d3,sweep,0.3476989525796972,0.6088709677419355,0.745409429280397,0.7618279569892472,"[[595, 490], [23, 907]]"
gb_lr0.05_d2,sweep,0.34016427487962175,0.6070967741935483,0.745409429280397,0.7617511520737328,"[[596, 489], [24, 906]]"
ada600,sweep,0.5011785012802374,0.605,0.745409429280397,0.7438556067588326,"[[829, 256], [257, 673]]"
ada600,sweep,0.5012074724785263,0.6035483870967742,0.745409429280397,0.743394777265745,"[[835, 250], [263, 667]]"
ada600,sweep,0.5013714682895924,0.597741935483871,0.745409429280397,0.7415514592933947,"[[859, 226], [287, 643]]"
ada300,sweep,0.5026812848772332,0.5808064516129032,0.745409429280397,0.7378648233486943,"[[907, 178], [335, 595]]"
nusvc03,sweep,0.9999928629221341,0.6243548387096775,0.745409429280397,0.7370199692780337,"[[918, 167], [346, 584]]"
nusvc03,sweep,0.9999937897330154,0.6238709677419355,0.745409429280397,0.7368663594470046,"[[920, 165], [348, 582]]"
"mlp(64,)",sweep,0.9830728424787522,0.6006451612903225,0.745409429280397,0.7354838709677419,"[[938, 147], [366, 564]]"
"mlp(128,)",sweep,0.9796007597923279,0.6011290322580645,0.745409429280397,0.7331797235023041,"[[968, 117], [396, 534]]"
hgb_lr0.02_leaf63,sweep,0.22602937974477252,0.6137096774193549,0.7449131513647642,0.7622887864823349,"[[582, 503], [11, 919]]"
hgb_lr0.08_leaf31,sweep,0.12296923418534489,0.6137096774193549,0.7449131513647642,0.7622887864823349,"[[582, 503], [11, 919]]"
nusvc03,sweep,0.06099363484005522,0.6216129032258064,0.7449131513647642,0.7622887864823349,"[[582, 503], [11, 919]]"
hgb_lr0.02_leaf15,sweep,0.3729417882995646,0.6093548387096774,0.7449131513647642,0.7614439324116744,"[[593, 492], [22, 908]]"
ada600,sweep,0.5011069543955418,0.608225806451613,0.7449131513647642,0.7440860215053764,"[[819, 266], [248, 682]]"
ada600,sweep,0.5014218544791551,0.5979032258064516,0.7449131513647642,0.7403225806451613,"[[868, 217], [297, 633]]"
hgb_lr0.06_leaf15,sweep,0.8784238568854102,0.5806451612903226,0.7449131513647642,0.7334869431643625,"[[957, 128], [386, 544]]"
hgb_lr0.04_leaf63,sweep,0.9674828253531684,0.5838709677419355,0.7449131513647642,0.7327188940092166,"[[967, 118], [396, 534]]"
hgb_lr0.04_leaf63,sweep,0.96755246887292,0.5835483870967741,0.7449131513647642,0.7327188940092166,"[[967, 118], [396, 534]]"
hgb_lr0.06_leaf63,sweep,0.9898889645613348,0.5862903225806452,0.7449131513647642,0.7327188940092166,"[[967, 118], [396, 534]]"
gb_lr0.03_d1,sweep,0.7296926364553141,0.57,0.7449131513647642,0.7266513056835637,"[[1046, 39], [475, 455]]"
gb_lr0.08_d1,sweep,0.3623026342984576,0.595,0.7444168734491315,0.7626728110599078,"[[570, 515], [0, 930]]"
"mlp(64, 32)",sweep,0.01561333947405219,0.5972580645161291,0.7444168734491315,0.7622887864823349,"[[575, 510], [5, 925]]"
hgb_lr0.06_leaf63,sweep,0.06065196722858318,0.6098387096774194,0.7444168734491315,0.7622119815668202,"[[576, 509], [6, 924]]"
gb_lr0.03_d2,sweep,0.36102311751218197,0.6096774193548387,0.7444168734491315,0.7612135176651306,"[[589, 496], [19, 911]]"
gb_lr0.08_d3,sweep,0.3399082788732038,0.6075806451612903,0.7444168734491315,0.7610599078341014,"[[591, 494], [21, 909]]"
hgb_lr0.06_leaf15,sweep,0.33598485757302426,0.6225806451612903,0.7444168734491315,0.7609062980030722,"[[593, 492], [23, 907]]"
gb_lr0.08_d2,sweep,0.3486403897342422,0.607741935483871,0.7444168734491315,0.7602918586789554,"[[601, 484], [31, 899]]"
ada300,sweep,0.49954218944128354,0.6083870967741936,0.7444168734491315,0.7588325652841782,"[[620, 465], [50, 880]]"
lda,sweep,0.7326669855117798,0.6282258064516129,0.7444168734491315,0.73678955453149,"[[907, 178], [337, 593]]"
ada300,sweep,0.5027507493005692,0.5804838709677419,0.7444168734491315,0.7360215053763441,"[[917, 168], [347, 583]]"
hgb_lr0.04_leaf31,sweep,0.9057981338261619,0.5791935483870968,0.7444168734491315,0.7331029185867896,"[[955, 130], [385, 545]]"
"mlp(64, 32)",sweep,0.9991972362279892,0.5906451612903226,0.7444168734491315,0.7331029185867896,"[[955, 130], [385, 545]]"
hgb_lr0.06_leaf15,sweep,0.8807302627322116,0.5806451612903226,0.7444168734491315,0.732642089093702,"[[961, 124], [391, 539]]"
hgb_lr0.02_leaf31,sweep,0.8277527477238759,0.5817741935483871,0.7444168734491315,0.7325652841781873,"[[962, 123], [392, 538]]"
gb_lr0.08_d3,sweep,0.8582373198273394,0.5588709677419355,0.7444168734491315,0.7307219662058372,"[[986, 99], [416, 514]]"
gb_lr0.03_d1,sweep,0.3248051781141886,0.5787096774193549,0.7439205955334988,0.7622119815668202,"[[569, 516], [0, 930]]"
hgb_lr0.08_leaf63,sweep,0.03205217488451779,0.6117741935483871,0.7439205955334988,0.761520737327189,"[[578, 507], [9, 921]]"
hgb_lr0.02_leaf31,sweep,0.2762460463298612,0.6075806451612903,0.7439205955334988,0.7612903225806451,"[[581, 504], [12, 918]]"
hgb_lr0.02_leaf15,sweep,0.3719482581399876,0.6093548387096774,0.7439205955334988,0.7605222734254993,"[[591, 494], [22, 908]]"
hgb_lr0.06_leaf15,sweep,0.33230327597641013,0.6222580645161291,0.7439205955334988,0.7605222734254993,"[[591, 494], [22, 908]]"
hgb_lr0.08_leaf15,sweep,0.29285088102224344,0.6243548387096775,0.7439205955334988,0.7605222734254993,"[[591, 494], [22, 908]]"
gb_lr0.05_d3,sweep,0.3422004905295133,0.6085483870967742,0.7439205955334988,0.7605222734254993,"[[591, 494], [22, 908]]"
gb_lr0.08_d3,sweep,0.3402077183984085,0.6075806451612903,0.7439205955334988,0.7605222734254993,"[[591, 494], [22, 908]]"
hgb_lr0.08_leaf15,sweep,0.2950571785519774,0.6248387096774194,0.7439205955334988,0.7604454685099846,"[[592, 493], [23, 907]]"
ada600,sweep,0.5009063991364422,0.6064516129032258,0.7439205955334988,0.7456221198156682,"[[785, 300], [216, 714]]"
ada600,sweep,0.5010640103897747,0.6079032258064516,0.7439205955334988,0.7438556067588326,"[[808, 277], [239, 691]]"
lda,sweep,0.7309526237010956,0.6288709677419355,0.7439205955334988,0.7364823348694316,"[[904, 181], [335, 595]]"
"mlp(64,)",sweep,0.984137704372406,0.6003225806451613,0.7439205955334988,0.7335637480798771,"[[942, 143], [373, 557]]"
hgb_lr0.04_leaf15,sweep,0.8272144335138433,0.5761290322580646,0.7439205955334988,0.7332565284178187,"[[946, 139], [377, 553]]"
hgb_lr0.04_leaf31,sweep,0.9061639654812534,0.5791935483870968,0.7439205955334988,0.7324884792626728,"[[956, 129], [387, 543]]"
hgb_lr0.06_leaf15,sweep,0.8849939396245419,0.5785483870967741,0.7439205955334988,0.7317204301075269,"[[966, 119], [397, 533]]"
hgb_lr0.08_leaf15,sweep,0.9145645851840899,0.5832258064516129,0.7439205955334988,0.7317204301075269,"[[966, 119], [397, 533]]"
hgb_lr0.08_leaf63,sweep,0.9976210034961807,0.5853225806451613,0.7439205955334988,0.7312596006144394,"[[972, 113], [403, 527]]"
hgb_lr0.02_leaf63,sweep,0.9011892946371389,0.5738709677419355,0.7439205955334988,0.730952380952381,"[[976, 109], [407, 523]]"
gb_lr0.05_d2,sweep,0.7852938119217187,0.5625806451612904,0.7439205955334988,0.7291858678955453,"[[999, 86], [430, 500]]"
gb_lr0.03_d2,sweep,0.7739522386741994,0.5590322580645162,0.7439205955334988,0.7291090629800308,"[[1000, 85], [431, 499]]"
gb_lr0.08_d1,sweep,0.755300784203567,0.5791935483870968,0.7439205955334988,0.72642089093702,"[[1035, 50], [466, 464]]"
"mlp(128,)",sweep,0.06072395209744576,0.5970967741935483,0.743424317617866,0.7614439324116744,"[[572, 513], [4, 926]]"
hgb_lr0.02_leaf31,sweep,0.2749126424773394,0.6072580645161291,0.743424317617866,0.7608294930875577,"[[580, 505], [12, 918]]"
ada300,sweep,0.49946335427798666,0.6072580645161291,0.743424317617866,0.7582181259600614,"[[614, 471], [46, 884]]"
ada300,sweep,0.49955116009171757,0.608225806451613,0.743424317617866,0.7577572964669739,"[[620, 465], [52, 878]]"
ada600,sweep,0.5008581860230257,0.6067741935483871,0.743424317617866,0.7459293394777265,"[[774, 311], [206, 724]]"
ada600,sweep,0.5008738354206952,0.6067741935483871,0.743424317617866,0.7456221198156682,"[[778, 307], [210, 720]]"
ada600,sweep,0.5010327681224496,0.6087096774193549,0.743424317617866,0.7435483870967742,"[[805, 280], [237, 693]]"
ada600,sweep,0.5010809502906927,0.608225806451613,0.743424317617866,0.7429339477726575,"[[813, 272], [245, 685]]"
hgb_lr0.08_leaf31,sweep,0.9720988810222173,0.5933870967741935,0.743424317617866,0.733026113671275,"[[942, 143], [374, 556]]"
hgb_lr0.06_leaf63,sweep,0.990651935095103,0.5832258064516129,0.743424317617866,0.7307987711213517,"[[971, 114], [403, 527]]"
gnb,sweep,2.7692760163483524e-30,0.5756451612903226,0.7429280397022332,0.7612903225806451,"[[567, 518], [0, 930]]"
gb_lr0.03_d3,sweep,0.3305208343818769,0.5998387096774194,0.7429280397022332,0.7599846390168971,"[[584, 501], [17, 913]]"
hgb_lr0.04_leaf31,sweep,0.23738711427684955,0.6085483870967742,0.7429280397022332,0.7599078341013825,"[[585, 500], [18, 912]]"
hgb_lr0.06_leaf15,sweep,0.3213509159066146,0.6216129032258064,0.7429280397022332,0.7598310291858679,"[[586, 499], [19, 911]]"
ada600,sweep,0.5007995272053075,0.6046774193548388,0.7429280397022332,0.745852534562212,"[[768, 317], [201, 729]]"
ada600,sweep,0.5009349833837723,0.6075806451612903,0.7429280397022332,0.7443932411674348,"[[787, 298], [220, 710]]"
hgb_lr0.08_leaf31,sweep,0.9726903470518721,0.5937096774193549,0.7429280397022332,0.732258064516129,"[[945, 140], [378, 552]]"
"mlp(64, 32)",sweep,0.9992337116241455,0.5906451612903226,0.7429280397022332,0.7314900153609831,"[[955, 130], [388, 542]]"
hgb_lr0.02_leaf15,sweep,0.7894959460355065,0.5674193548387096,0.7429280397022332,0.7307219662058372,"[[965, 120], [398, 532]]"
gb_lr0.08_d2,sweep,0.8199633104171858,0.5558064516129032,0.7429280397022332,0.7269585253456221,"[[1014, 71], [447, 483]]"
gb_lr0.08_d2,sweep,0.8200717188397235,0.555483870967742,0.7429280397022332,0.7269585253456221,"[[1014, 71], [447, 483]]"
hgb_lr0.04_leaf15,sweep,0.30625910014629626,0.6130645161290322,0.7424317617866005,0.7595238095238095,"[[583, 502], [17, 913]]"
hgb_lr0.02_leaf15,sweep,0.36329880385713725,0.6088709677419355,0.7424317617866005,0.7592933947772658,"[[586, 499], [20, 910]]"
ada600,sweep,0.5007798914993378,0.604516129032258,0.7424317617866005,0.7453917050691243,"[[767, 318], [201, 729]]"
hgb_lr0.08_leaf15,sweep,0.9196887045387363,0.5832258064516129,0.7424317617866005,0.7294930875576037,"[[974, 111], [408, 522]]"
gb_lr0.05_d1,sweep,0.7448127831693723,0.575,0.7424317617866005,0.7245007680491552,"[[1039, 46], [473, 457]]"
hgb_lr0.04_leaf63,sweep,0.0893028179201294,0.6079032258064516,0.7419354838709677,0.7600614439324117,"[[569, 516], [4, 926]]"
"mlp(128,)",sweep,0.058984565052390116,0.5948387096774194,0.7419354838709677,0.7600614439324117,"[[569, 516], [4, 926]]"
"mlp(64, 32)",sweep,0.014827639931440368,0.5967741935483871,0.7419354838709677,0.7600614439324117,"[[569, 516], [4, 926]]"
hgb_lr0.02_leaf31,sweep,0.26392387793249467,0.604516129032258,0.7419354838709677,0.7596774193548388,"[[574, 511], [9, 921]]"
ada100,sweep,0.49805106042768976,0.5959677419354839,0.7419354838709677,0.7591397849462366,"[[581, 504], [16, 914]]"
gb_lr0.05_d2,sweep,0.33281030740993933,0.6048387096774194,0.7419354838709677,0.7585253456221198,"[[589, 496], [24, 906]]"
ada600,sweep,0.5014790546519062,0.5982258064516129,0.7419354838709677,0.7367127496159754,"[[873, 212], [308, 622]]"
ada600,sweep,0.5014839055549101,0.5980645161290322,0.7419354838709677,0.7365591397849462,"[[875, 210], [310, 620]]"
ada300,sweep,0.5027956209763416,0.5809677419354838,0.7419354838709677,0.7332565284178187,"[[918, 167], [353, 577]]"
"mlp(64,)",sweep,0.9851589558601379,0.5991935483870968,0.7419354838709677,0.7312596006144394,"[[944, 141], [379, 551]]"
hgb_lr0.04_leaf31,sweep,0.9113530676322628,0.5806451612903226,0.7419354838709677,0.7298771121351766,"[[962, 123], [397, 533]]"
hgb_lr0.02_leaf31,sweep,0.8317626871826289,0.5793548387096774,0.7419354838709677,0.7297235023041475,"[[964, 121], [399, 531]]"
hgb_lr0.06_leaf31,sweep,0.954518653234837,0.5858064516129032,0.7419354838709677,0.7289554531490015,"[[974, 111], [409, 521]]"
hgb_lr0.08_leaf15,sweep,0.9198746879316083,0.5829032258064516,0.7419354838709677,0.7289554531490015,"[[974, 111], [409, 521]]"
gb_lr0.05_d3,sweep,0.8160654099839885,0.5704838709677419,0.7419354838709677,0.7289554531490015,"[[974, 111], [409, 521]]"
ada100,sweep,0.5086167215022158,0.5709677419354838,0.7419354838709677,0.7251920122887865,"[[1023, 62], [458, 472]]"
"mlp(64, 32)",sweep,0.012018512513488535,0.5961290322580645,0.741439205955335,0.7597542242703532,"[[566, 519], [2, 928]]"
hgb_lr0.08_leaf31,sweep,0.11887261152500539,0.6137096774193549,0.741439205955335,0.759062980030722,"[[575, 510], [11, 919]]"
hgb_lr0.08_leaf15,sweep,0.2760626185678,0.6232258064516129,0.741439205955335,0.7585253456221198,"[[582, 503], [18, 912]]"
gb_lr0.08_d3,sweep,0.32749978615535247,0.6067741935483871,0.741439205955335,0.7585253456221198,"[[582, 503], [18, 912]]"
ada600,sweep,0.5009759954408037,0.6079032258064516,0.741439205955335,0.7420890937019968,"[[796, 289], [232, 698]]"
nusvc03,sweep,0.9999952647678623,0.6211290322580645,0.741439205955335,0.732258064516129,"[[924, 161], [360, 570]]"
hgb_lr0.04_leaf15,sweep,0.8306503358947513,0.5766129032258065,0.741439205955335,0.7302611367127496,"[[950, 135], [386, 544]]"
"mlp(128,)",sweep,0.98147906665802,0.5991935483870968,0.741439205955335,0.7286482334869432,"[[971, 114], [407, 523]]"
hgb_lr0.06_leaf31,sweep,0.9546571933709406,0.5854838709677419,0.741439205955335,0.7284178187403993,"[[974, 111], [410, 520]]"
hgb_lr0.04_leaf15,sweep,0.3022533410143037,0.6119354838709677,0.7409429280397022,0.758294930875576,"[[578, 507], [15, 915]]"
gb_lr0.08_d2,sweep,0.34144765705271785,0.6061290322580645,0.7409429280397022,0.7570660522273426,"[[594, 491], [31, 899]]"
ada600,sweep,0.5007352000430503,0.6038709677419355,0.7409429280397022,0.7443164362519201,"[[760, 325], [197, 733]]"
ada600,sweep,0.5009736759649966,0.6080645161290322,0.7409429280397022,0.7416282642089094,"[[795, 290], [232, 698]]"
nusvc03,sweep,0.999996263809316,0.6191935483870967,0.7409429280397022,0.7314132104454685,"[[928, 157], [365, 565]]"
hgb_lr0.04_leaf31,sweep,0.9122067881784797,0.58,0.7409429280397022,0.7287250384024577,"[[963, 122], [400, 530]]"
"mlp(64, 32)",sweep,0.9993713778495789,0.589516129032258,0.7409429280397022,0.7287250384024577,"[[963, 122], [400, 530]]"
hgb_lr0.02_leaf15,sweep,0.7910332642537468,0.567741935483871,0.7409429280397022,0.7284178187403993,"[[967, 118], [404, 526]]"
hgb_lr0.06_leaf63,sweep,0.9912380954864104,0.5832258064516129,0.7409429280397022,0.7279569892473118,"[[973, 112], [410, 520]]"
hgb_lr0.08_leaf63,sweep,0.9977710159055995,0.5843548387096774,0.7409429280397022,0.7279569892473118,"[[973, 112], [410, 520]]"
hgb_lr0.02_leaf63,sweep,0.9043871584352824,0.5729032258064516,0.7409429280397022,0.7275729646697389,"[[978, 107], [415, 515]]"
gb_lr0.03_d2,sweep,0.7795411191528033,0.5579032258064516,0.7409429280397022,0.7248847926267281,"[[1013, 72], [450, 480]]"
gb_lr0.05_d3,sweep,0.3363131911166033,0.6062903225806452,0.7404466501240695,0.7572964669738863,"[[584, 501], [22, 908]]"
ada300,sweep,0.49940958901636534,0.6075806451612903,0.7404466501240695,0.7555299539170507,"[[607, 478], [45, 885]]"
ada300,sweep,0.5029597933790523,0.5796774193548387,0.7404466501240695,0.7304915514592933,"[[933, 152], [371, 559]]"
"mlp(64, 32)",sweep,0.9993764605998993,0.589516129032258,0.7404466501240695,0.7281874039938556,"[[963, 122], [401, 529]]"
hgb_lr0.08_leaf15,sweep,0.9239637244313847,0.5812903225806452,0.7404466501240695,0.7267281105990784,"[[982, 103], [420, 510]]"
gb_lr0.03_d3,sweep,0.8008120943058111,0.5590322580645162,0.7404466501240695,0.7259600614439323,"[[992, 93], [430, 500]]"
gb_lr0.08_d3,sweep,0.8641680195250393,0.5566129032258065,0.7404466501240695,0.7259600614439323,"[[992, 93], [430, 500]]"
gb_lr0.03_d2,sweep,0.7767069264690921,0.5593548387096774,0.7404466501240695,0.7251920122887865,"[[1002, 83], [440, 490]]"
gb_lr0.08_d3,sweep,0.8714154021927658,0.5540322580645162,0.7404466501240695,0.7250384024577573,"[[1004, 81], [442, 488]]"
ada100,sweep,0.5086384389973091,0.5709677419354838,0.7404466501240695,0.7235023041474654,"[[1024, 61], [462, 468]]"
gb_lr0.08_d1,sweep,0.3561673088741601,0.5941935483870968,0.7399503722084367,0.7585253456221198,"[[561, 524], [0, 930]]"
"mlp(128,)",sweep,0.05416997379660607,0.5914516129032258,0.7399503722084367,0.758294930875576,"[[564, 521], [3, 927]]"
hgb_lr0.06_leaf63,sweep,0.054700087028864634,0.6079032258064516,0.7399503722084367,0.7580645161290323,"[[567, 518], [6, 924]]"
"mlp(64,)",sweep,0.0887860882461071,0.5974193548387097,0.7399503722084367,0.7580645161290323,"[[567, 518], [6, 924]]"
hgb_lr0.04_leaf31,sweep,0.2222602649940506,0.6072580645161291,0.7399503722084367,0.7572964669738863,"[[577, 508], [16, 914]]"
ada100,sweep,0.49795932123118897,0.5948387096774194,0.7399503722084367,0.7572964669738863,"[[577, 508], [16, 914]]"
hgb_lr0.08_leaf15,sweep,0.26079277059285516,0.6211290322580645,0.7399503722084367,0.7571428571428571,"[[579, 506], [18, 912]]"
hgb_lr0.04_leaf15,sweep,0.8324171725229175,0.5754838709677419,0.7399503722084367,0.728494623655914,"[[952, 133], [391, 539]]"
"mlp(64,)",sweep,0.9867955465555192,0.5974193548387097,0.7399503722084367,0.728494623655914,"[[952, 133], [391, 539]]"
hgb_lr0.06_leaf15,sweep,0.8900381901827852,0.5780645161290323,0.7399503722084367,0.7271121351766513,"[[970, 115], [409, 521]]"
hgb_lr0.06_leaf15,sweep,0.890403449439078,0.5779032258064516,0.7399503722084367,0.7269585253456221,"[[972, 113], [411, 519]]"
"mlp(128,)",sweep,0.9821993916988373,0.5990322580645161,0.7399503722084367,0.7269585253456221,"[[972, 113], [411, 519]]"
gb_lr0.03_d3,sweep,0.8010532581704226,0.5587096774193548,0.7399503722084367,0.7254224270353302,"[[992, 93], [431, 499]]"
gb_lr0.08_d3,sweep,0.8644977431775116,0.5562903225806451,0.7399503722084367,0.7254224270353302,"[[992, 93], [431, 499]]"
gb_lr0.03_d2,sweep,0.7790823960720779,0.5582258064516129,0.7399503722084367,0.723963133640553,"[[1011, 74], [450, 480]]"
gb_lr0.05_d1,sweep,0.7463968780951422,0.5746774193548387,0.7399503722084367,0.7216589861751153,"[[1041, 44], [480, 450]]"
"mlp(64,)",sweep,0.08830429930686949,0.5975806451612903,0.739454094292804,0.7576036866359447,"[[566, 519], [6, 924]]"
gb_lr0.03_d3,sweep,0.32398798393672734,0.5990322580645161,0.739454094292804,0.7568356374807987,"[[576, 509], [16, 914]]"
gb_lr0.05_d2,sweep,0.33044993065328504,0.6046774193548388,0.739454094292804,0.756221198156682,"[[584, 501], [24, 906]]"
ada300,sweep,0.5030341198038826,0.5780645161290323,0.739454094292804,0.7291858678955453,"[[936, 149], [376, 554]]"
hgb_lr0.02_leaf31,sweep,0.8352863196642096,0.5787096774193549,0.739454094292804,0.7268049155145929,"[[967, 118], [407, 523]]"
hgb_lr0.08_leaf15,sweep,0.9260463324193725,0.5814516129032258,0.739454094292804,0.7253456221198157,"[[986, 99], [426, 504]]"
hgb_lr0.08_leaf15,sweep,0.9281354591288862,0.5803225806451613,0.739454094292804,0.7249615975422427,"[[991, 94], [431, 499]]"
gb_lr0.05_d2,sweep,0.7893079619880196,0.5614516129032258,0.739454094292804,0.7241935483870967,"[[1001, 84], [441, 489]]"
gb_lr0.08_d3,sweep,0.8700958803001073,0.5538709677419354,0.739454094292804,0.7241935483870967,"[[1001, 84], [441, 489]]"
hgb_lr0.06_leaf31,sweep,0.13899061260825257,0.6083870967741936,0.7389578163771712,0.7570660522273425,"[[566, 519], [7, 923]]"
hgb_lr0.06_leaf31,sweep,0.13901136972061368,0.6083870967741936,0.7389578163771712,0.7570660522273425,"[[566, 519], [7, 923]]"
hgb_lr0.08_leaf63,sweep,0.024475643748554803,0.6112903225806452,0.7389578163771712,0.7570660522273425,"[[566, 519], [7, 923]]"
hgb_lr0.08_leaf63,sweep,0.024819077018823688,0.6112903225806452,0.7389578163771712,0.7570660522273425,"[[566, 519], [7, 923]]"
lda,sweep,0.2445895874261856,0.5980645161290322,0.7389578163771712,0.7570660522273425,"[[566, 519], [7, 923]]"
hgb_lr0.02_leaf63,sweep,0.21085031677230998,0.6096774193548387,0.7389578163771712,0.7569124423963134,"[[568, 517], [9, 921]]"
nusvc03,sweep,0.05067839561550569,0.6217741935483871,0.7389578163771712,0.7568356374807987,"[[569, 516], [10, 920]]"
hgb_lr0.06_leaf15,sweep,0.3104226563375194,0.6196774193548387,0.7389578163771712,0.7562980030721966,"[[576, 509], [17, 913]]"
ada600,sweep,0.5015605831580907,0.5961290322580645,0.7389578163771712,0.7327956989247312,"[[882, 203], [323, 607]]"
ada300,sweep,0.5029211479169078,0.5788709677419355,0.7389578163771712,0.7294162826420891,"[[926, 159], [367, 563]]"
hgb_lr0.02_leaf15,sweep,0.7934217259475075,0.5675806451612904,0.7389578163771712,0.7259600614439324,"[[971, 114], [412, 518]]"
gb_lr0.05_d3,sweep,0.819610942692579,0.5696774193548387,0.7389578163771712,0.7254224270353302,"[[978, 107], [419, 511]]"
hgb_lr0.08_leaf63,sweep,0.9980604039722935,0.5825806451612904,0.7389578163771712,0.7253456221198156,"[[979, 106], [420, 510]]"
lda,sweep,0.24417349693775184,0.5980645161290322,0.7384615384615385,0.756605222734255,"[[565, 520], [7, 923]]"
gb_lr0.03_d3,sweep,0.3202659861258963,0.5990322580645161,0.7384615384615385,0.7559907834101383,"[[573, 512], [15, 915]]"
hgb_lr0.04_leaf31,sweep,0.2211538672283061,0.6070967741935483,0.7384615384615385,0.7559139784946236,"[[574, 511], [16, 914]]"
hgb_lr0.06_leaf15,sweep,0.3050883680385648,0.6179032258064516,0.7384615384615385,0.7558371735791091,"[[575, 510], [17, 913]]"
gb_lr0.03_d2,sweep,0.3515909799351794,0.605,0.7384615384615385,0.7558371735791091,"[[575, 510], [17, 913]]"
hgb_lr0.02_leaf15,sweep,0.3513249134992215,0.6085483870967742,0.7384615384615385,0.7557603686635945,"[[576, 509], [18, 912]]"
gb_lr0.08_d2,sweep,0.3326648807613971,0.6037096774193549,0.7384615384615385,0.7548387096774194,"[[588, 497], [30, 900]]"
ada300,sweep,0.49938152734637364,0.6074193548387097,0.7384615384615385,0.7536866359447005,"[[603, 482], [45, 885]]"
ada600,sweep,0.5007094916876257,0.6029032258064516,0.7384615384615385,0.7421658986175115,"[[753, 332], [195, 735]]"
ada600,sweep,0.5015505472963718,0.5964516129032258,0.7384615384615385,0.7324884792626728,"[[879, 206], [321, 609]]"
lda,sweep,0.7386112085819244,0.6264516129032258,0.7384615384615385,0.7300307219662059,"[[911, 174], [353, 577]]"
"mlp(64,)",sweep,0.9861850973129273,0.599516129032258,0.7384615384615385,0.7271121351766513,"[[949, 136], [391, 539]]"
hgb_lr0.04_leaf63,sweep,0.9706097961437324,0.5788709677419355,0.7384615384615385,0.7254992319508449,"[[970, 115], [412, 518]]"
hgb_lr0.02_leaf31,sweep,0.8409930886790641,0.5735483870967742,0.7384615384615385,0.725268817204301,"[[973, 112], [415, 515]]"
gb_lr0.03_d3,sweep,0.8055101607226507,0.5593548387096774,0.7384615384615385,0.7231950844854071,"[[1000, 85], [442, 488]]"
gb_lr0.03_d1,sweep,0.7320544353850772,0.5680645161290323,0.7384615384615385,0.719431643625192,"[[1049, 36], [491, 439]]"
hgb_lr0.02_leaf31,sweep,0.2531482649778224,0.6037096774193549,0.7379652605459057,0.7560675883256529,"[[565, 520], [8, 922]]"
hgb_lr0.04_leaf15,sweep,0.29428570684530914,0.6104838709677419,0.7379652605459057,0.7556067588325652,"[[571, 514], [14, 916]]"
hgb_lr0.08_leaf15,sweep,0.2419952021889385,0.6206451612903225,0.7379652605459057,0.7556067588325652,"[[571, 514], [14, 916]]"
hgb_lr0.02_leaf15,sweep,0.3505516998245208,0.6080645161290322,0.7379652605459057,0.7552995391705069,"[[575, 510], [18, 912]]"
hgb_lr0.08_leaf15,sweep,0.2556920501517336,0.6204838709677419,0.7379652605459057,0.7552995391705069,"[[575, 510], [18, 912]]"
gb_lr0.03_d2,sweep,0.35333792761955957,0.6059677419354839,0.7379652605459057,0.7552995391705069,"[[575, 510], [18, 912]]"
gb_lr0.08_d3,sweep,0.31969809660541976,0.6074193548387097,0.7379652605459057,0.7552995391705069,"[[575, 510], [18, 912]]"
lda,sweep,0.7390423629283904,0.6261290322580645,0.7379652605459057,0.7294930875576038,"[[911, 174], [354, 576]]"
nusvc03,sweep,0.9999971934614362,0.6166129032258064,0.7379652605459057,0.7278801843317972,"[[932, 153], [375, 555]]"
ada300,sweep,0.5030704261940723,0.5775806451612904,0.7379652605459057,0.7272657450076805,"[[940, 145], [383, 547]]"
hgb_lr0.04_leaf63,sweep,0.9707118650338735,0.5785483870967741,0.7379652605459057,0.7249615975422428,"[[970, 115], [413, 517]]"
gb_lr0.08_d3,sweep,0.8761139232277008,0.5537096774193548,0.7379652605459057,0.7219662058371736,"[[1009, 76], [452, 478]]"
gb_lr0.08_d1,sweep,0.7581536196273793,0.5780645161290323,0.7379652605459057,0.719815668202765,"[[1037, 48], [480, 450]]"
"mlp(64, 32)",sweep,0.009308364564739172,0.5925806451612903,0.7374689826302729,0.7561443932411674,"[[557, 528], [1, 929]]"
hgb_lr0.04_leaf63,sweep,0.08165552941708543,0.6053225806451613,0.7374689826302729,0.7559139784946236,"[[560, 525], [4, 926]]"
ada100,sweep,0.49780593074422685,0.5925806451612903,0.7374689826302729,0.7551459293394778,"[[570, 515], [14, 916]]"
ada300,sweep,0.5028755973470613,0.5791935483870968,0.7374689826302729,0.7282642089093703,"[[920, 165], [364, 566]]"
nusvc03,sweep,0.9999969104210636,0.618225806451613,0.7374689826302729,0.7274961597542242,"[[930, 155], [374, 556]]"
hgb_lr0.04_leaf15,sweep,0.8386288584391607,0.5738709677419355,0.7374689826302729,0.7252688172043011,"[[959, 126], [403, 527]]"
hgb_lr0.04_leaf31,sweep,0.9166541697684983,0.5770967741935484,0.7374689826302729,0.7245007680491551,"[[969, 116], [413, 517]]"
hgb_lr0.06_leaf63,sweep,0.991867935686836,0.5814516129032258,0.7374689826302729,0.7240399385560676,"[[975, 110], [419, 511]]"
hgb_lr0.08_leaf63,sweep,0.9980946878069478,0.5824193548387097,0.7374689826302729,0.7237327188940093,"[[979, 106], [423, 507]]"
gb_lr0.05_d3,sweep,0.821590290331393,0.5685483870967742,0.7374689826302729,0.7237327188940093,"[[979, 106], [423, 507]]"
hgb_lr0.08_leaf63,sweep,0.9984052086525653,0.5825806451612904,0.7374689826302729,0.7229646697388633,"[[989, 96], [433, 497]]"
gb_lr0.05_d1,sweep,0.7498435669035972,0.5737096774193549,0.7374689826302729,0.7184331797235023,"[[1048, 37], [492, 438]]"
"mlp(128,)",sweep,0.04734753634929657,0.5858064516129032,0.7369727047146402,0.7556067588325652,"[[557, 528], [2, 928]]"
hgb_lr0.02_leaf63,sweep,0.20262451253012861,0.6085483870967742,0.7369727047146402,0.7550691244239631,"[[564, 521], [9, 921]]"
hgb_lr0.08_leaf31,sweep,0.1040267835625376,0.6125806451612903,0.7369727047146402,0.7550691244239631,"[[564, 521], [9, 921]]"
ada600,sweep,0.5006032799891478,0.6058064516129033,0.7369727047146402,0.7421658986175115,"[[732, 353], [177, 753]]"
"mlp(64,)",sweep,0.9878749470233917,0.5972580645161291,0.7369727047146402,0.7250384024577573,"[[955, 130], [400, 530]]"
hgb_lr0.04_leaf15,sweep,0.8386735084606156,0.5738709677419355,0.7369727047146402,0.7247311827956989,"[[959, 126], [404, 526]]"
"mlp(64,)",sweep,0.988496965456009,0.5962903225806452,0.7369727047146402,0.7247311827956989,"[[959, 126], [404, 526]]"
hgb_lr0.02_leaf31,sweep,0.8386771434275115,0.5754838709677419,0.7369727047146402,0.723963133640553,"[[969, 116], [414, 516]]"
hgb_lr0.04_leaf31,sweep,0.9167418168742768,0.577258064516129,0.7369727047146402,0.723963133640553,"[[969, 116], [414, 516]]"
"mlp(128,)",sweep,0.9832849853515625,0.5967741935483871,0.7369727047146402,0.72357910906298,"[[974, 111], [419, 511]]"
hgb_lr0.08_leaf63,sweep,0.9984152760214509,0.5820967741935484,0.7369727047146402,0.7224270353302611,"[[989, 96], [434, 496]]"
gb_lr0.08_d2,sweep,0.8241242830508241,0.5551612903225807,0.7369727047146402,0.720199692780338,"[[1018, 67], [463, 467]]"
gb_lr0.03_d1,sweep,0.7327596365983319,0.5669354838709677,0.7369727047146402,0.7178187403993855,"[[1049, 36], [494, 436]]"
gb_lr0.05_d1,sweep,0.34591677344411415,0.5925806451612903,0.7364764267990075,0.7552995391705069,"[[554, 531], [0, 930]]"
gnb,sweep,4.1042599990501296e-31,0.5753225806451613,0.7364764267990075,0.7552995391705069,"[[554, 531], [0, 930]]"
hgb_lr0.06_leaf63,sweep,0.05020387216933286,0.6064516129032258,0.7364764267990075,0.7548387096774194,"[[560, 525], [6, 924]]"
hgb_lr0.08_leaf31,sweep,0.1024371013266218,0.6125806451612903,0.7364764267990075,0.7546850998463902,"[[562, 523], [8, 922]]"
gb_lr0.08_d3,sweep,0.31712858293419305,0.6075806451612903,0.7364764267990075,0.7539170506912443,"[[572, 513], [18, 912]]"
ada600,sweep,0.5005387179100105,0.6070967741935483,0.7364764267990075,0.7426267281105992,"[[719, 366], [165, 765]]"
nusvc03,sweep,0.9999980450250061,0.6158064516129033,0.7364764267990075,0.726036866359447,"[[935, 150], [381, 549]]"
hgb_lr0.04_leaf15,sweep,0.8466853361079042,0.5735483870967742,0.7364764267990075,0.7235023041474654,"[[968, 117], [414, 516]]"
"mlp(64, 32)",sweep,0.9994608816623688,0.5903225806451613,0.7364764267990075,0.7235023041474654,"[[968, 117], [414, 516]]"
hgb_lr0.02_leaf63,sweep,0.90638093952445,0.5724193548387096,0.7364764267990075,0.7227342549923195,"[[978, 107], [424, 506]]"
gb_lr0.08_d1,sweep,0.353797314233544,0.5938709677419355,0.7359801488833747,0.7548387096774194,"[[553, 532], [0, 930]]"
nusvc03,sweep,0.046419985259210664,0.6209677419354839,0.7359801488833747,0.7540706605222735,"[[563, 522], [10, 920]]"
gb_lr0.05_d3,sweep,0.3260102449271202,0.6054838709677419,0.7359801488833747,0.7531490015360983,"[[575, 510], [22, 908]]"
gb_lr0.08_d2,sweep,0.3292638029038218,0.603225806451613,0.7359801488833747,0.7525345622119816,"[[583, 502], [30, 900]]"
ada600,sweep,0.5005572060995235,0.6058064516129033,0.7359801488833747,0.7419354838709677,"[[721, 364], [168, 762]]"
hgb_lr0.08_leaf31,sweep,0.9750946869744749,0.5920967741935483,0.7359801488833747,0.7245007680491551,"[[948, 137], [395, 535]]"
hgb_lr0.04_leaf15,sweep,0.8468048059277609,0.5737096774193549,0.7359801488833747,0.7229646697388632,"[[968, 117], [415, 515]]"
hgb_lr0.06_leaf31,sweep,0.9582996556583654,0.5812903225806452,0.7359801488833747,0.722273425499232,"[[977, 108], [424, 506]]"
gb_lr0.05_d3,sweep,0.8278349230975334,0.567258064516129,0.7359801488833747,0.7217357910906298,"[[984, 101], [431, 499]]"
ada100,sweep,0.508750858194026,0.5712903225806452,0.7359801488833747,0.7184331797235023,"[[1027, 58], [474, 456]]"
gb_lr0.08_d1,sweep,0.7588837587674384,0.5779032258064516,0.7359801488833747,0.7176651305683563,"[[1037, 48], [484, 446]]"
gb_lr0.03_d1,sweep,0.31849963446526575,0.5780645161290323,0.7354838709677419,0.7543778801843317,"[[552, 533], [0, 930]]"
"mlp(64, 32)",sweep,0.008369597827270626,0.5908064516129032,0.7354838709677419,0.7543010752688172,"[[553, 532], [1, 929]]"
ada600,sweep,0.5006088821635122,0.6056451612903225,0.7354838709677419,0.740552995391705,"[[732, 353], [180, 750]]"
ada600,sweep,0.5016156085911133,0.5956451612903226,0.7354838709677419,0.7286482334869431,"[[887, 198], [335, 595]]"
hgb_lr0.08_leaf31,sweep,0.9752919823986504,0.5919354838709677,0.7354838709677419,0.7238863287250383,"[[949, 136], [397, 533]]"
hgb_lr0.04_leaf31,sweep,0.9199560392427113,0.5761290322580646,0.7354838709677419,0.7217357910906298,"[[977, 108], [425, 505]]"
hgb_lr0.06_leaf15,sweep,0.8959549575791776,0.5759677419354838,0.7354838709677419,0.7217357910906298,"[[977, 108], [425, 505]]"
hgb_lr0.06_leaf31,sweep,0.958390748557348,0.5809677419354838,0.7354838709677419,0.7217357910906298,"[[977, 108], [425, 505]]"
hgb_lr0.06_leaf63,sweep,0.9922569881780442,0.5803225806451613,0.7354838709677419,0.7217357910906298,"[[977, 108], [425, 505]]"
"mlp(128,)",sweep,0.9839553694725036,0.5958064516129032,0.7354838709677419,0.7217357910906298,"[[977, 108], [425, 505]]"
gb_lr0.05_d1,sweep,0.7513879057630161,0.5725806451612904,0.7354838709677419,0.7162058371735791,"[[1049, 36], [497, 433]]"
hgb_lr0.02_leaf31,sweep,0.2492979883456021,0.6038709677419355,0.7349875930521091,0.7533026113671275,"[[559, 526], [8, 922]]"
hgb_lr0.02_leaf63,sweep,0.19607949769404248,0.6067741935483871,0.7349875930521091,0.7533026113671275,"[[559, 526], [8, 922]]"
hgb_lr0.06_leaf15,sweep,0.2895976851739429,0.617741935483871,0.7349875930521091,0.7527649769585254,"[[566, 519], [15, 915]]"
hgb_lr0.02_leaf15,sweep,0.3402088073504672,0.6061290322580645,0.7349875930521091,0.7526881720430108,"[[567, 518], [16, 914]]"
gb_lr0.05_d3,sweep,0.3224359340902976,0.6058064516129033,0.7349875930521091,0.7523041474654377,"[[572, 513], [21, 909]]"
ada300,sweep,0.4992223577664541,0.605,0.7349875930521091,0.7510752688172043,"[[588, 497], [37, 893]]"
ada300,sweep,0.4993129606536762,0.6075806451612903,0.7349875930521091,0.7506912442396314,"[[593, 492], [42, 888]]"
ada600,sweep,0.5006412924069018,0.605,0.7349875930521091,0.7394009216589862,"[[740, 345], [189, 741]]"
ada600,sweep,0.500668500130669,0.6033870967741936,0.7349875930521091,0.7390937019969278,"[[744, 341], [193, 737]]"
ada600,sweep,0.5016264012843051,0.5954838709677419,0.7349875930521091,0.7280337941628264,"[[888, 197], [337, 593]]"
ada300,sweep,0.503170361495606,0.5759677419354838,0.7349875930521091,0.7235023041474655,"[[947, 138], [396, 534]]"
ada300,sweep,0.5031815508227255,0.5758064516129032,0.7349875930521091,0.7234254992319509,"[[948, 137], [397, 533]]"
"mlp(64, 32)",sweep,0.9994977015256882,0.59,0.7349875930521091,0.7217357910906298,"[[970, 115], [419, 511]]"
hgb_lr0.08_leaf15,sweep,0.9312041812861179,0.5787096774193549,0.7349875930521091,0.7200460829493087,"[[992, 93], [441, 489]]"
"mlp(128,)",sweep,0.044928129798173906,0.5833870967741935,0.7344913151364765,0.7533026113671275,"[[552, 533], [2, 928]]"
hgb_lr0.06_leaf31,sweep,0.1246056426774038,0.6043548387096774,0.7344913151364765,0.7529953917050691,"[[556, 529], [6, 924]]"
hgb_lr0.08_leaf31,sweep,0.08983948765237011,0.6075806451612903,0.7344913151364765,0.7529953917050691,"[[556, 529], [6, 924]]"
gb_lr0.03_d2,sweep,0.34277295994950324,0.6029032258064516,0.7344913151364765,0.7522273425499232,"[[566, 519], [16, 914]]"
gb_lr0.05_d2,sweep,0.32116689096928275,0.6003225806451613,0.7344913151364765,0.751689708141321,"[[573, 512], [23, 907]]"
ada300,sweep,0.49927144460404316,0.605,0.7344913151364765,0.7503072196620584,"[[591, 494], [41, 889]]"
hgb_lr0.02_leaf15,sweep,0.7969206949237726,0.5659677419354838,0.7344913151364765,0.7208909370199692,"[[974, 111], [424, 506]]"
hgb_lr0.02_leaf31,sweep,0.8449389157684621,0.5738709677419355,0.7344913151364765,0.7207373271889401,"[[976, 109], [426, 504]]"
hgb_lr0.08_leaf15,sweep,0.9336885257874821,0.577258064516129,0.7344913151364765,0.7192012288786482,"[[996, 89], [446, 484]]"
hgb_lr0.08_leaf15,sweep,0.22619997459702956,0.6188709677419355,0.7339950372208437,0.752073732718894,"[[561, 524], [12, 918]]"
hgb_lr0.08_leaf15,sweep,0.22668545469907458,0.6188709677419355,0.7339950372208437,0.752073732718894,"[[561, 524], [12, 918]]"
ada100,sweep,0.4976322700362042,0.5924193548387097,0.7339950372208437,0.752073732718894,"[[561, 524], [12, 918]]"
hgb_lr0.04_leaf31,sweep,0.2032437732537553,0.6040322580645161,0.7339950372208437,0.7519969278033793,"[[562, 523], [13, 917]]"
ada600,sweep,0.5004972603542049,0.6080645161290322,0.7339950372208437,0.7407066052227342,"[[709, 376], [160, 770]]"
hgb_lr0.06_leaf15,sweep,0.8964891996710012,0.5759677419354838,0.7339950372208437,0.7201228878648234,"[[977, 108], [428, 502]]"
gb_lr0.05_d2,sweep,0.7927648898040429,0.5601612903225807,0.7339950372208437,0.7181259600614439,"[[1003, 82], [454, 476]]"
gb_lr0.08_d3,sweep,0.8806926792252772,0.552258064516129,0.7339950372208437,0.7172043010752688,"[[1015, 70], [466, 464]]"
"mlp(64,)",sweep,0.07680048780143264,0.5961290322580645,0.7334987593052109,0.7521505376344086,"[[553, 532], [5, 925]]"
ada100,sweep,0.497605645094544,0.5925806451612903,0.7334987593052109,0.7516129032258064,"[[560, 525], [12, 918]]"
gb_lr0.03_d3,sweep,0.3117106922054335,0.5958064516129032,0.7334987593052109,0.7513824884792627,"[[563, 522], [15, 915]]"
hgb_lr0.08_leaf31,sweep,0.9779866582601443,0.5880645161290322,0.7334987593052109,0.7213517665130569,"[[954, 131], [406, 524]]"
hgb_lr0.02_leaf15,sweep,0.7987085938882003,0.5648387096774193,0.7334987593052109,0.7197388632872503,"[[975, 110], [427, 503]]"
gb_lr0.05_d3,sweep,0.8310547294184533,0.5669354838709677,0.7334987593052109,0.7189708141321045,"[[985, 100], [437, 493]]"
gb_lr0.08_d3,sweep,0.8792248163804404,0.5532258064516129,0.7334987593052109,0.716973886328725,"[[1011, 74], [463, 467]]"
gb_lr0.05_d2,sweep,0.8001878857392158,0.5564516129032258,0.7334987593052109,0.7168970814132105,"[[1012, 73], [464, 466]]"
gb_lr0.05_d1,sweep,0.34381935041453004,0.5914516129032258,0.7330024813895781,0.752073732718894,"[[547, 538], [0, 930]]"
hgb_lr0.08_leaf63,sweep,0.01999130918978731,0.6083870967741936,0.7330024813895781,0.7515360983102919,"[[554, 531], [7, 923]]"
lda,sweep,0.23281068156957627,0.5953225806451613,0.7330024813895781,0.7515360983102919,"[[554, 531], [7, 923]]"
nusvc03,sweep,0.038069432868237774,0.6179032258064516,0.7330024813895781,0.7513824884792627,"[[556, 529], [9, 921]]"
hgb_lr0.04_leaf15,sweep,0.2815682846067884,0.608225806451613,0.7330024813895781,0.7510752688172042,"[[560, 525], [13, 917]]"
hgb_lr0.04_leaf31,sweep,0.20073621191414634,0.603225806451613,0.7330024813895781,0.7510752688172042,"[[560, 525], [13, 917]]"
gb_lr0.08_d3,sweep,0.3023424768576954,0.605,0.7330024813895781,0.7509216589861751,"[[562, 523], [15, 915]]"
gb_lr0.05_d2,sweep,0.31949989621969144,0.5996774193548388,0.7330024813895781,0.7503072196620584,"[[570, 515], [23, 907]]"
gb_lr0.08_d2,sweep,0.3235227776828568,0.6011290322580645,0.7330024813895781,0.7497695852534563,"[[577, 508], [30, 900]]"
ada300,sweep,0.499109122887126,0.6041935483870968,0.7330024813895781,0.7495391705069124,"[[580, 505], [33, 897]]"
ada300,sweep,0.49910980764138774,0.6040322580645161,0.7330024813895781,0.7495391705069124,"[[580, 505], [33, 897]]"
ada600,sweep,0.5004825034327688,0.6069354838709677,0.7330024813895781,0.7397849462365591,"[[707, 378], [160, 770]]"
nusvc03,sweep,0.9999983156686875,0.6156451612903225,0.7330024813895781,0.722273425499232,"[[935, 150], [388, 542]]"
ada300,sweep,0.503270614825487,0.574516129032258,0.7330024813895781,0.7207373271889401,"[[955, 130], [408, 522]]"
gb_lr0.03_d2,sweep,0.7823448285686345,0.5582258064516129,0.7330024813895781,0.7162058371735791,"[[1014, 71], [467, 463]]"
gb_lr0.05_d2,sweep,0.8011283802912119,0.5562903225806451,0.7330024813895781,0.7162058371735791,"[[1014, 71], [467, 463]]"
hgb_lr0.04_leaf63,sweep,0.0734698948046586,0.6016129032258064,0.7325062034739455,0.7513056835637482,"[[550, 535], [4, 926]]"
"mlp(64,)",sweep,0.07294967892467975,0.5941935483870968,0.7325062034739455,0.7513056835637482,"[[550, 535], [4, 926]]"
ada600,sweep,0.5002605053738329,0.6088709677419355,0.7325062034739455,0.7414746543778802,"[[678, 407], [132, 798]]"
ada600,sweep,0.5003056125440863,0.6069354838709677,0.7325062034739455,0.7410906298003073,"[[683, 402], [137, 793]]"
ada600,sweep,0.5004135425216294,0.6064516129032258,0.7325062034739455,0.7398617511520738,"[[699, 386], [153, 777]]"
lda,sweep,0.7461739723563192,0.6241935483870967,0.7325062034739455,0.7232718894009217,"[[915, 170], [369, 561]]"
lda,sweep,0.7461829177379607,0.6241935483870967,0.7325062034739455,0.7232718894009217,"[[915, 170], [369, 561]]"
"mlp(64,)",sweep,0.9892725407600402,0.594516129032258,0.7325062034739455,0.719815668202765,"[[960, 125], [414, 516]]"
hgb_lr0.04_leaf63,sweep,0.9727460258262514,0.5766129032258065,0.7325062034739455,0.7187403993855607,"[[974, 111], [428, 502]]"
gb_lr0.05_d3,sweep,0.837176827949659,0.5653225806451613,0.7325062034739455,0.7175115207373273,"[[990, 95], [444, 486]]"
hgb_lr0.04_leaf15,sweep,0.27819731468840003,0.6090322580645161,0.7320099255583127,0.7501536098310291,"[[558, 527], [13, 917]]"
hgb_lr0.02_leaf15,sweep,0.3316033112635569,0.6038709677419355,0.7320099255583127,0.7500768049155146,"[[559, 526], [14, 916]]"
hgb_lr0.06_leaf15,sweep,0.28134392511381706,0.6153225806451613,0.7320099255583127,0.7500768049155146,"[[559, 526], [14, 916]]"
gb_lr0.03_d2,sweep,0.3358960537354501,0.5988709677419355,0.7320099255583127,0.7500768049155146,"[[559, 526], [14, 916]]"
gb_lr0.08_d3,sweep,0.2957713632166054,0.6053225806451613,0.7320099255583127,0.7500768049155146,"[[559, 526], [14, 916]]"
gb_lr0.05_d3,sweep,0.3152417098299889,0.6037096774193549,0.7320099255583127,0.7495391705069124,"[[566, 519], [21, 909]]"
ada600,sweep,0.5002493094705035,0.6090322580645161,0.7320099255583127,0.7410138248847926,"[[677, 408], [132, 798]]"
ada600,sweep,0.5003632523696645,0.6066129032258064,0.7320099255583127,0.7399385560675884,"[[691, 394], [146, 784]]"
hgb_lr0.08_leaf31,sweep,0.9782270163255621,0.5874193548387097,0.7320099255583127,0.7197388632872503,"[[954, 131], [409, 521]]"
hgb_lr0.02_leaf31,sweep,0.847985282378961,0.5711290322580646,0.7320099255583127,0.7179723502304147,"[[977, 108], [432, 498]]"
hgb_lr0.04_leaf31,sweep,0.9220917838230842,0.5737096774193549,0.7320099255583127,0.717741935483871,"[[980, 105], [435, 495]]"
gb_lr0.05_d2,sweep,0.793931725496916,0.5591935483870968,0.7320099255583127,0.7159754224270354,"[[1003, 82], [458, 472]]"
hgb_lr0.06_leaf63,sweep,0.04143612684397123,0.6058064516129033,0.7315136476426799,0.7503072196620584,"[[549, 536], [5, 925]]"
hgb_lr0.08_leaf31,sweep,0.07704497315340877,0.6056451612903225,0.7315136476426799,0.7503072196620584,"[[549, 536], [5, 925]]"
hgb_lr0.08_leaf31,sweep,0.07818173534894864,0.6058064516129033,0.7315136476426799,0.7503072196620584,"[[549, 536], [5, 925]]"
ada600,sweep,0.5003373551404101,0.6070967741935483,0.7315136476426799,0.7397081413210445,"[[687, 398], [143, 787]]"
ada600,sweep,0.5004058524932794,0.6062903225806452,0.7315136476426799,0.7389400921658986,"[[697, 388], [153, 777]]"
ada600,sweep,0.5016904382991109,0.5940322580645161,0.7315136476426799,0.7238095238095238,"[[894, 191], [350, 580]]"
ada100,sweep,0.5089314836863799,0.5687096774193549,0.7315136476426799,0.7135176651305684,"[[1028, 57], [484, 446]]"
gb_lr0.05_d1,sweep,0.7539582188423142,0.5708064516129032,0.7315136476426799,0.7116743471582181,"[[1052, 33], [508, 422]]"
hgb_lr0.04_leaf63,sweep,0.07186661815845277,0.6,0.7310173697270471,0.7499231950844854,"[[547, 538], [4, 926]]"
hgb_lr0.02_leaf31,sweep,0.23431311240683145,0.5998387096774194,0.7310173697270471,0.7496927803379416,"[[550, 535], [7, 923]]"
gb_lr0.03_d2,sweep,0.3351281146487425,0.597741935483871,0.7310173697270471,0.7491551459293395,"[[557, 528], [14, 916]]"
gb_lr0.03_d3,sweep,0.31026942526356843,0.5956451612903226,0.7310173697270471,0.7490783410138249,"[[558, 527], [15, 915]]"
ada600,sweep,0.5016832174135978,0.5937096774193549,0.7310173697270471,0.7233486943164362,"[[893, 192], [350, 580]]"
"mlp(64,)",sweep,0.9897938946723938,0.5943548387096774,0.7310173697270471,0.7179723502304147,"[[963, 122], [420, 510]]"
hgb_lr0.02_leaf63,sweep,0.9112184327105314,0.5711290322580646,0.7310173697270471,0.7165898617511521,"[[981, 104], [438, 492]]"
hgb_lr0.08_leaf15,sweep,0.9366443100985153,0.5759677419354838,0.7310173697270471,0.7151305683563748,"[[1000, 85], [457, 473]]"
gb_lr0.03_d3,sweep,0.8084016804534362,0.5575806451612904,0.7310173697270471,0.7150537634408602,"[[1001, 84], [458, 472]]"
hgb_lr0.02_leaf31,sweep,0.22850178417551945,0.597741935483871,0.7305210918114144,0.7493087557603686,"[[548, 537], [6, 924]]"
hgb_lr0.06_leaf31,sweep,0.11398187048518331,0.6016129032258064,0.7305210918114144,0.7493087557603686,"[[548, 537], [6, 924]]"
hgb_lr0.08_leaf63,sweep,0.016455634856042768,0.6056451612903225,0.7305210918114144,0.7493087557603686,"[[548, 537], [6, 924]]"
hgb_lr0.08_leaf15,sweep,0.2117908496531127,0.6169354838709677,0.7305210918114144,0.7488479262672811,"[[554, 531], [12, 918]]"
hgb_lr0.02_leaf15,sweep,0.32750085414264934,0.6014516129032258,0.7305210918114144,0.748694316436252,"[[556, 529], [14, 916]]"
gb_lr0.05_d2,sweep,0.313223329079556,0.5970967741935483,0.7305210918114144,0.7480030721966205,"[[565, 520], [23, 907]]"
ada300,sweep,0.49902853016644116,0.602741935483871,0.7305210918114144,0.747542242703533,"[[571, 514], [29, 901]]"
hgb_lr0.04_leaf15,sweep,0.8541192282711932,0.5725806451612904,0.7305210918114144,0.7167434715821812,"[[972, 113], [430, 500]]"
"mlp(128,)",sweep,0.9850263637065887,0.5946774193548388,0.7305210918114144,0.7162826420890938,"[[978, 107], [436, 494]]"
hgb_lr0.06_leaf63,sweep,0.9929029845146248,0.5783870967741935,0.7305210918114144,0.7162058371735791,"[[979, 106], [437, 493]]"
hgb_lr0.02_leaf63,sweep,0.9119887433782483,0.5703225806451613,0.7305210918114144,0.7159754224270354,"[[982, 103], [440, 490]]"
hgb_lr0.02_leaf15,sweep,0.8042390977011344,0.5616129032258065,0.7305210918114144,0.7158986175115207,"[[983, 102], [441, 489]]"
hgb_lr0.08_leaf63,sweep,0.9986225126767181,0.5788709677419355,0.7305210918114144,0.715284178187404,"[[991, 94], [449, 481]]"
hgb_lr0.08_leaf63,sweep,0.9986756966838213,0.5780645161290323,0.7305210918114144,0.7152073732718893,"[[992, 93], [450, 480]]"
gb_lr0.03_d1,sweep,0.7363707271281921,0.5664516129032258,0.7305210918114144,0.7106758832565284,"[[1051, 34], [509, 421]]"
gb_lr0.03_d1,sweep,0.7363817761555173,0.5664516129032258,0.7305210918114144,0.7106758832565284,"[[1051, 34], [509, 421]]"
gb_lr0.08_d1,sweep,0.34922824011267867,0.5916129032258064,0.7300248138957817,0.7493087557603686,"[[541, 544], [0, 930]]"
hgb_lr0.06_leaf63,sweep,0.04064608881282733,0.6054838709677419,0.7300248138957817,0.7489247311827957,"[[546, 539], [5, 925]]"
hgb_lr0.02_leaf63,sweep,0.1781479782279876,0.6037096774193549,0.7300248138957817,0.7487711213517665,"[[548, 537], [7, 923]]"
nusvc03,sweep,0.9999987236897001,0.615,0.7300248138957817,0.7188940092165899,"[[937, 148], [396, 534]]"
hgb_lr0.04_leaf63,sweep,0.9731644215957664,0.5767741935483871,0.7300248138957817,0.7160522273425499,"[[974, 111], [433, 497]]"
hgb_lr0.06_leaf31,sweep,0.9614276273478299,0.577258064516129,0.7300248138957817,0.7155145929339477,"[[981, 104], [440, 490]]"
gb_lr0.03_d3,sweep,0.8085841106789746,0.557258064516129,0.7300248138957817,0.7139784946236559,"[[1001, 84], [460, 470]]"
gb_lr0.03_d2,sweep,0.7866066626705472,0.5559677419354838,0.7300248138957817,0.712442396313364,"[[1021, 64], [480, 450]]"
gb_lr0.08_d2,sweep,0.8280082789680497,0.5540322580645162,0.7300248138957817,0.712442396313364,"[[1021, 64], [480, 450]]"
gb_lr0.08_d1,sweep,0.7638942465336281,0.5762903225806452,0.7300248138957817,0.7109831029185868,"[[1040, 45], [499, 431]]"
"mlp(64,)",sweep,0.0678222871363163,0.5919354838709677,0.7295285359801489,0.7486175115207374,"[[543, 542], [3, 927]]"
hgb_lr0.02_leaf63,sweep,0.176161683934098,0.602741935483871,0.7295285359801489,0.7483102918586789,"[[547, 538], [7, 923]]"
lda,sweep,0.2273543159544468,0.5930645161290322,0.7295285359801489,0.7483102918586789,"[[547, 538], [7, 923]]"
hgb_lr0.04_leaf31,sweep,0.1897626652297176,0.6012903225806452,0.7295285359801489,0.747926267281106,"[[552, 533], [12, 918]]"
hgb_lr0.06_leaf15,sweep,0.2749433632563289,0.6153225806451613,0.7295285359801489,0.7477726574500768,"[[554, 531], [14, 916]]"
gb_lr0.08_d2,sweep,0.31264224941663077,0.5964516129032258,0.7295285359801489,0.7465437788018433,"[[570, 515], [30, 900]]"
ada600,sweep,0.5001831380917442,0.6058064516129033,0.7295285359801489,0.739247311827957,"[[665, 420], [125, 805]]"
hgb_lr0.02_leaf15,sweep,0.8037933813607616,0.5620967741935484,0.7295285359801489,0.7149769585253456,"[[981, 104], [441, 489]]"
hgb_lr0.02_leaf31,sweep,0.8535901143269625,0.5703225806451613,0.7295285359801489,0.7149769585253456,"[[981, 104], [441, 489]]"
hgb_lr0.06_leaf15,sweep,0.9010724708510799,0.574516129032258,0.7295285359801489,0.7149769585253456,"[[981, 104], [441, 489]]"
hgb_lr0.06_leaf31,sweep,0.9615102476616176,0.5775806451612904,0.7295285359801489,0.7149769585253456,"[[981, 104], [441, 489]]"
hgb_lr0.06_leaf63,sweep,0.9933173815336019,0.577258064516129,0.7295285359801489,0.7149769585253456,"[[981, 104], [441, 489]]"
"mlp(128,)",sweep,0.9857888324022293,0.5937096774193549,0.7295285359801489,0.7149769585253456,"[[981, 104], [441, 489]]"
hgb_lr0.02_leaf31,sweep,0.8549685082406087,0.5696774193548387,0.7295285359801489,0.7149001536098311,"[[982, 103], [442, 488]]"
gb_lr0.05_d3,sweep,0.8388773896190739,0.5648387096774193,0.7295285359801489,0.7142089093701997,"[[991, 94], [451, 479]]"
gb_lr0.08_d2,sweep,0.8282540293283371,0.5540322580645162,0.7295285359801489,0.7119047619047618,"[[1021, 64], [481, 449]]"
gb_lr0.08_d1,sweep,0.7644134730758715,0.5766129032258065,0.7295285359801489,0.7104454685099846,"[[1040, 45], [500, 430]]"
"mlp(128,)",sweep,0.03970561085790397,0.5820967741935484,0.7290322580645161,0.7482334869431644,"[[541, 544], [2, 928]]"
hgb_lr0.06_leaf31,sweep,0.11102159250808985,0.6009677419354839,0.7290322580645161,0.747926267281106,"[[545, 540], [6, 924]]"
hgb_lr0.04_leaf15,sweep,0.26502691731731176,0.6046774193548388,0.7290322580645161,0.7474654377880184,"[[551, 534], [12, 918]]"
gb_lr0.08_d3,sweep,0.2875636842640988,0.6054838709677419,0.7290322580645161,0.7473118279569892,"[[553, 532], [14, 916]]"
ada600,sweep,0.5001916792965336,0.6056451612903225,0.7290322580645161,0.7387096774193549,"[[665, 420], [126, 804]]"
ada600,sweep,0.5017634809273075,0.5935483870967742,0.7290322580645161,0.7202764976958526,"[[905, 180], [366, 564]]"
ada300,sweep,0.5033421623969212,0.5743548387096774,0.7290322580645161,0.7159754224270354,"[[961, 124], [422, 508]]"
hgb_lr0.04_leaf15,sweep,0.8554599682888081,0.5724193548387096,0.7290322580645161,0.7151305683563749,"[[972, 113], [433, 497]]"
hgb_lr0.08_leaf15,sweep,0.9375721875479696,0.5753225806451613,0.7290322580645161,0.7129800307219663,"[[1000, 85], [461, 469]]"
gb_lr0.03_d2,sweep,0.786349943037804,0.5561290322580645,0.7290322580645161,0.711520737327189,"[[1019, 66], [480, 450]]"
hgb_lr0.08_leaf63,sweep,0.015369093238798103,0.6040322580645161,0.7285359801488833,0.7474654377880184,"[[544, 541], [6, 924]]"
nusvc03,sweep,0.028138845050464874,0.6143548387096774,0.7285359801488833,0.7473118279569892,"[[546, 539], [8, 922]]"
nusvc03,sweep,0.028405071479797223,0.6141935483870967,0.7285359801488833,0.7473118279569892,"[[546, 539], [8, 922]]"
ada600,sweep,0.5017568350061986,0.5938709677419355,0.7285359801488833,0.7200460829493087,"[[901, 184], [363, 567]]"
hgb_lr0.08_leaf31,sweep,0.9799455607619822,0.5840322580645161,0.7285359801488833,0.715668202764977,"[[958, 127], [420, 510]]"
ada300,sweep,0.5033350354893482,0.5743548387096774,0.7285359801488833,0.7155913978494624,"[[959, 126], [421, 509]]"
"mlp(64, 32)",sweep,0.9995747485160827,0.5896774193548387,0.7285359801488833,0.7147465437788019,"[[970, 115], [432, 498]]"
hgb_lr0.04_leaf31,sweep,0.9231626183110995,0.5733870967741935,0.7285359801488833,0.7139784946236559,"[[980, 105], [442, 488]]"
ada100,sweep,0.4974428782427805,0.5891935483870968,0.7280397022332507,0.7466205837173578,"[[548, 537], [11, 919]]"
ada300,sweep,0.49893258976759153,0.6012903225806452,0.7280397022332507,0.7453917050691243,"[[564, 521], [27, 903]]"
"mlp(64, 32)",sweep,0.9995994002819061,0.59,0.7280397022332507,0.7140552995391705,"[[972, 113], [435, 495]]"
ada100,sweep,0.5091019125018201,0.567741935483871,0.7280397022332507,0.7096774193548387,"[[1029, 56], [492, 438]]"
gb_lr0.08_d1,sweep,0.3410463922123635,0.5911290322580646,0.7275434243176179,0.7470046082949309,"[[536, 549], [0, 930]]"
gb_lr0.08_d2,sweep,0.3012177788853159,0.5933870967741935,0.7275434243176179,0.7447772657450077,"[[565, 520], [29, 901]]"
ada600,sweep,0.5018115604882796,0.5925806451612903,0.7275434243176179,0.7182795698924731,"[[910, 175], [374, 556]]"
lda,sweep,0.7553192777633667,0.6196774193548387,0.7275434243176179,0.7175115207373272,"[[920, 165], [384, 546]]"
lda,sweep,0.7557134817123412,0.6195161290322581,0.7275434243176179,0.7175115207373272,"[[920, 165], [384, 546]]"
hgb_lr0.06_leaf15,sweep,0.9017847287394294,0.5741935483870968,0.7275434243176179,0.712826420890937,"[[981, 104], [445, 485]]"
gb_lr0.03_d2,sweep,0.3284232283376069,0.5920967741935483,0.7270471464019851,0.7456221198156682,"[[547, 538], [12, 918]]"
gb_lr0.05_d3,sweep,0.30190449716178086,0.6019354838709677,0.7270471464019851,0.7450844854070661,"[[554, 531], [19, 911]]"
gb_lr0.05_d3,sweep,0.3019874115892806,0.6019354838709677,0.7270471464019851,0.7450844854070661,"[[554, 531], [19, 911]]"
ada300,sweep,0.4988254760286539,0.5983870967741935,0.7270471464019851,0.7447772657450076,"[[558, 527], [23, 907]]"
gb_lr0.08_d2,sweep,0.30048035437568665,0.5933870967741935,0.7270471464019851,0.7443164362519201,"[[564, 521], [29, 901]]"
ada300,sweep,0.49894310806585157,0.6019354838709677,0.7270471464019851,0.7443164362519201,"[[564, 521], [29, 901]]"
ada600,sweep,0.5001308873852056,0.6041935483870968,0.7270471464019851,0.7374807987711214,"[[653, 432], [118, 812]]"
nusvc03,sweep,0.9999990358018875,0.6133870967741936,0.7270471464019851,0.7155145929339477,"[[939, 146], [404, 526]]"
"mlp(64,)",sweep,0.9909332765102387,0.5943548387096774,0.7270471464019851,0.7133640552995392,"[[967, 118], [432, 498]]"
gb_lr0.03_d1,sweep,0.3105442739337684,0.5766129032258065,0.7265508684863523,0.7460829493087557,"[[534, 551], [0, 930]]"
gb_lr0.05_d1,sweep,0.33825494489619345,0.5898387096774194,0.7265508684863523,0.7460829493087557,"[[534, 551], [0, 930]]"
gb_lr0.08_d1,sweep,0.3378341824424475,0.5904838709677419,0.7265508684863523,0.7460829493087557,"[[534, 551], [0, 930]]"
gnb,sweep,1.0960029590041124e-32,0.5748387096774193,0.7265508684863523,0.7460829493087557,"[[534, 551], [0, 930]]"
ada600,sweep,0.500130080349681,0.604516129032258,0.7265508684863523,0.7370199692780338,"[[652, 433], [118, 812]]"
lda,sweep,0.7639811369776727,0.6154838709677419,0.7265508684863523,0.7158986175115207,"[[927, 158], [393, 537]]"
"mlp(64,)",sweep,0.9916471495628357,0.5929032258064516,0.7265508684863523,0.7127496159754224,"[[968, 117], [434, 496]]"
hgb_lr0.08_leaf15,sweep,0.19935903834716273,0.6141935483870967,0.7260545905707196,0.7447004608294931,"[[545, 540], [12, 918]]"
hgb_lr0.06_leaf15,sweep,0.25987835596552455,0.6117741935483871,0.7260545905707196,0.7446236559139785,"[[546, 539], [13, 917]]"
ada600,sweep,0.5000471275483591,0.6038709677419355,0.7260545905707196,0.7372503840245777,"[[642, 443], [109, 821]]"
ada600,sweep,0.5000858702073596,0.6041935483870968,0.7260545905707196,0.7369431643625193,"[[646, 439], [113, 817]]"
ada600,sweep,0.5018479803727663,0.5914516129032258,0.7260545905707196,0.7165130568356375,"[[912, 173], [379, 551]]"
hgb_lr0.08_leaf31,sweep,0.9805175232817112,0.5843548387096774,0.7260545905707196,0.7129800307219663,"[[958, 127], [425, 505]]"
hgb_lr0.06_leaf63,sweep,0.993839145806778,0.5762903225806452,0.7260545905707196,0.7110599078341013,"[[983, 102], [450, 480]]"
hgb_lr0.02_leaf31,sweep,0.8605851508797994,0.5701612903225807,0.7260545905707196,0.7108294930875576,"[[986, 99], [453, 477]]"
hgb_lr0.08_leaf15,sweep,0.9408344086016528,0.5756451612903226,0.7260545905707196,0.7096006144393241,"[[1002, 83], [469, 461]]"
gb_lr0.03_d3,sweep,0.8131693791283344,0.5559677419354838,0.7260545905707196,0.7092165898617512,"[[1007, 78], [474, 456]]"
gb_lr0.05_d2,sweep,0.8052064672039126,0.5556451612903226,0.7260545905707196,0.7084485407066052,"[[1017, 68], [484, 446]]"
gb_lr0.08_d3,sweep,0.8850854046688452,0.5514516129032258,0.7260545905707196,0.7084485407066052,"[[1017, 68], [484, 446]]"
gb_lr0.08_d3,sweep,0.88526403947899,0.5514516129032258,0.7260545905707196,0.7084485407066052,"[[1017, 68], [484, 446]]"
gb_lr0.05_d1,sweep,0.7564378509051896,0.5682258064516129,0.7260545905707196,0.7057603686635945,"[[1052, 33], [519, 411]]"
"mlp(64, 32)",sweep,0.007056543601304287,0.587741935483871,0.7255583126550869,0.7450844854070661,"[[533, 552], [1, 929]]"
hgb_lr0.02_leaf31,sweep,0.21904091615799137,0.5961290322580645,0.7255583126550869,0.7448540706605222,"[[536, 549], [4, 926]]"
ada100,sweep,0.49736679388517235,0.5879032258064516,0.7255583126550869,0.7443164362519201,"[[543, 542], [11, 919]]"
hgb_lr0.02_leaf15,sweep,0.3148145568741054,0.597741935483871,0.7255583126550869,0.7441628264208909,"[[545, 540], [13, 917]]"
gb_lr0.03_d3,sweep,0.3004057634802234,0.5946774193548388,0.7255583126550869,0.7441628264208909,"[[545, 540], [13, 917]]"
nusvc03,sweep,0.9999991527816169,0.6129032258064516,0.7255583126550869,0.7138248847926267,"[[940, 145], [408, 522]]"
ada300,sweep,0.5034366291725177,0.575,0.7255583126550869,0.7117511520737327,"[[967, 118], [435, 495]]"
"mlp(64,)",sweep,0.992258138537407,0.5922580645161291,0.7255583126550869,0.7112135176651306,"[[974, 111], [442, 488]]"
hgb_lr0.04_leaf15,sweep,0.8608734279266202,0.5709677419354838,0.7255583126550869,0.7109831029185868,"[[977, 108], [445, 485]]"
hgb_lr0.04_leaf63,sweep,0.9754920120832875,0.5753225806451613,0.7255583126550869,0.7109831029185868,"[[977, 108], [445, 485]]"
hgb_lr0.04_leaf63,sweep,0.9755232929173893,0.5751612903225807,0.7255583126550869,0.7109831029185868,"[[977, 108], [445, 485]]"
"mlp(128,)",sweep,0.9868385702371597,0.5932258064516129,0.7255583126550869,0.7104454685099847,"[[984, 101], [452, 478]]"
hgb_lr0.02_leaf63,sweep,0.915302536867335,0.5701612903225807,0.7255583126550869,0.7102150537634409,"[[987, 98], [455, 475]]"
gb_lr0.08_d1,sweep,0.7692268781479338,0.574516129032258,0.7255583126550869,0.7056835637480798,"[[1046, 39], [514, 416]]"
"mlp(64, 32)",sweep,0.00689999908357859,0.5879032258064516,0.7250620347394541,0.7446236559139785,"[[532, 553], [1, 929]]"
hgb_lr0.04_leaf63,sweep,0.061792805739517766,0.5946774193548388,0.7250620347394541,0.7443932411674348,"[[535, 550], [4, 926]]"
hgb_lr0.06_leaf63,sweep,0.03387644902280261,0.599516129032258,0.7250620347394541,0.7443164362519201,"[[536, 549], [5, 925]]"
gb_lr0.05_d2,sweep,0.30308522735196863,0.595,0.7250620347394541,0.743010752688172,"[[553, 532], [22, 908]]"
lda,sweep,0.7650821565628051,0.6153225806451613,0.7250620347394541,0.7142857142857143,"[[927, 158], [396, 534]]"
ada300,sweep,0.5034494131967917,0.5748387096774193,0.7250620347394541,0.711136712749616,"[[968, 117], [437, 493]]"
gb_lr0.05_d3,sweep,0.8424164758561754,0.5632258064516129,0.7250620347394541,0.7089861751152073,"[[996, 89], [465, 465]]"
gb_lr0.05_d3,sweep,0.8424175643528214,0.5632258064516129,0.7250620347394541,0.7089861751152073,"[[996, 89], [465, 465]]"
ada100,sweep,0.5091977037632802,0.5679032258064516,0.7250620347394541,0.7064516129032258,"[[1029, 56], [498, 432]]"
gb_lr0.03_d1,sweep,0.3090093586400947,0.5754838709677419,0.7245657568238213,0.7442396313364055,"[[530, 555], [0, 930]]"
"mlp(64,)",sweep,0.060734468132257455,0.5885483870967742,0.7245657568238213,0.7440860215053763,"[[532, 553], [2, 928]]"
"mlp(128,)",sweep,0.03661584684252738,0.5812903225806452,0.7245657568238213,0.7440860215053763,"[[532, 553], [2, 928]]"
hgb_lr0.04_leaf15,sweep,0.24825917588236202,0.6004838709677419,0.7245657568238213,0.7433179723502303,"[[542, 543], [12, 918]]"
hgb_lr0.04_leaf15,sweep,0.24932737922982504,0.6006451612903225,0.7245657568238213,0.7433179723502303,"[[542, 543], [12, 918]]"
hgb_lr0.04_leaf31,sweep,0.18415434742541395,0.599516129032258,0.7245657568238213,0.7433179723502303,"[[542, 543], [12, 918]]"
hgb_lr0.08_leaf15,sweep,0.1957363558099288,0.6120967741935484,0.7245657568238213,0.7433179723502303,"[[542, 543], [12, 918]]"
gb_lr0.03_d2,sweep,0.32318893831077633,0.5890322580645161,0.7245657568238213,0.7433179723502303,"[[542, 543], [12, 918]]"
ada600,sweep,0.5018805870716843,0.5917741935483871,0.7245657568238213,0.7145161290322581,"[[917, 168], [387, 543]]"
hgb_lr0.04_leaf15,sweep,0.8635014019667284,0.5693548387096774,0.7245657568238213,0.7096006144393241,"[[981, 104], [451, 479]]"
hgb_lr0.04_leaf31,sweep,0.9270888112730492,0.5706451612903226,0.7245657568238213,0.7093701996927804,"[[984, 101], [454, 476]]"
hgb_lr0.02_leaf31,sweep,0.8613997801708659,0.5693548387096774,0.7245657568238213,0.7092165898617511,"[[986, 99], [456, 474]]"
hgb_lr0.06_leaf31,sweep,0.9644403991259061,0.5751612903225807,0.7245657568238213,0.7092165898617511,"[[986, 99], [456, 474]]"
hgb_lr0.02_leaf63,sweep,0.16531962022865945,0.5983870967741935,0.7240694789081886,0.743394777265745,"[[534, 551], [5, 925]]"
hgb_lr0.08_leaf63,sweep,0.011862549026744065,0.6003225806451613,0.7240694789081886,0.743394777265745,"[[534, 551], [5, 925]]"
gb_lr0.08_d3,sweep,0.27095562147978386,0.6043548387096774,0.7240694789081886,0.7427803379416282,"[[542, 543], [13, 917]]"
gb_lr0.05_d2,sweep,0.3018983942635398,0.594516129032258,0.7240694789081886,0.7420890937019969,"[[551, 534], [22, 908]]"
gb_lr0.08_d2,sweep,0.2919159206259707,0.5938709677419355,0.7240694789081886,0.741705069124424,"[[556, 529], [27, 903]]"
hgb_lr0.08_leaf63,sweep,0.9988200460212138,0.5770967741935484,0.7240694789081886,0.7079877112135177,"[[995, 90], [466, 464]]"
gb_lr0.03_d3,sweep,0.8146254449557752,0.555483870967742,0.7240694789081886,0.7070660522273425,"[[1007, 78], [478, 452]]"
gb_lr0.08_d2,sweep,0.8320335786653388,0.5532258064516129,0.7240694789081886,0.7056835637480798,"[[1025, 60], [496, 434]]"
gb_lr0.08_d1,sweep,0.7697467602475568,0.5735483870967742,0.7240694789081886,0.7040706605222734,"[[1046, 39], [517, 413]]"
lda,sweep,0.22080879319608213,0.5906451612903226,0.7235732009925558,0.7427803379416282,"[[535, 550], [7, 923]]"
hgb_lr0.02_leaf15,sweep,0.3119085699761294,0.5975806451612903,0.7235732009925558,0.7423195084485407,"[[541, 544], [13, 917]]"
hgb_lr0.06_leaf15,sweep,0.25249880437723515,0.6129032258064516,0.7235732009925558,0.7423195084485407,"[[541, 544], [13, 917]]"
gb_lr0.03_d3,sweep,0.2935096879194296,0.5914516129032258,0.7235732009925558,0.7423195084485407,"[[541, 544], [13, 917]]"
gb_lr0.08_d3,sweep,0.26940599878068205,0.6035483870967742,0.7235732009925558,0.7423195084485407,"[[541, 544], [13, 917]]"
ada600,sweep,0.5000275071340182,0.6033870967741936,0.7235732009925558,0.735099846390169,"[[635, 450], [107, 823]]"
"mlp(64,)",sweep,0.9925193717241287,0.5922580645161291,0.7235732009925558,0.7089861751152073,"[[975, 110], [447, 483]]"
hgb_lr0.02_leaf15,sweep,0.8073239914019591,0.5603225806451613,0.7235732009925558,0.7082181259600614,"[[985, 100], [457, 473]]"
hgb_lr0.04_leaf15,sweep,0.8659779286595078,0.5667741935483871,0.7235732009925558,0.7082181259600614,"[[985, 100], [457, 473]]"
hgb_lr0.04_leaf31,sweep,0.9286318377245777,0.5691935483870968,0.7235732009925558,0.7082181259600614,"[[985, 100], [457, 473]]"
hgb_lr0.06_leaf63,sweep,0.9944081992081152,0.5729032258064516,0.7235732009925558,0.7082181259600614,"[[985, 100], [457, 473]]"
hgb_lr0.02_leaf63,sweep,0.9169316379716482,0.5708064516129032,0.7235732009925558,0.7080645161290322,"[[987, 98], [459, 471]]"
hgb_lr0.06_leaf31,sweep,0.9655105163602016,0.574516129032258,0.7235732009925558,0.7079109062980031,"[[989, 96], [461, 469]]"
hgb_lr0.08_leaf63,sweep,0.9988289039733911,0.5770967741935484,0.7235732009925558,0.7074500768049156,"[[995, 90], [467, 463]]"
gb_lr0.08_d1,sweep,0.331448682190094,0.587741935483871,0.7230769230769231,0.7428571428571429,"[[527, 558], [0, 930]]"
hgb_lr0.06_leaf31,sweep,0.09669340752444,0.5983870967741935,0.7230769230769231,0.7424731182795699,"[[532, 553], [5, 925]]"
hgb_lr0.08_leaf31,sweep,0.06758329858749398,0.6022580645161291,0.7230769230769231,0.7424731182795699,"[[532, 553], [5, 925]]"
gb_lr0.03_d2,sweep,0.31975253780864316,0.5880645161290322,0.7230769230769231,0.7420122887864823,"[[538, 547], [11, 919]]"
ada300,sweep,0.4987843576013224,0.5982258064516129,0.7230769230769231,0.7410906298003073,"[[550, 535], [23, 907]]"
gb_lr0.05_d2,sweep,0.8077159172063523,0.555483870967742,0.7230769230769231,0.7050691244239631,"[[1019, 66], [492, 438]]"
gb_lr0.03_d2,sweep,0.791439937801172,0.5541935483870968,0.7230769230769231,0.7046850998463902,"[[1024, 61], [497, 433]]"
hgb_lr0.02_leaf31,sweep,0.21332299768238236,0.595,0.7225806451612903,0.7420890937019969,"[[530, 555], [4, 926]]"
hgb_lr0.02_leaf63,sweep,0.1624935435872863,0.5982258064516129,0.7225806451612903,0.7420890937019969,"[[530, 555], [4, 926]]"
hgb_lr0.04_leaf63,sweep,0.05531711783964987,0.5920967741935483,0.7225806451612903,0.7420890937019969,"[[530, 555], [4, 926]]"
hgb_lr0.06_leaf31,sweep,0.09480663902304946,0.597741935483871,0.7225806451612903,0.7420890937019969,"[[530, 555], [4, 926]]"
gb_lr0.03_d3,sweep,0.2921007904951457,0.5916129032258064,0.7225806451612903,0.7413978494623655,"[[539, 546], [13, 917]]"
ada600,default_predict,,,0.7225806451612903,0.734331797235023,"[[631, 454], [105, 825]]"
ada600,sweep,0.5,0.6025806451612903,0.7225806451612903,0.734331797235023,"[[631, 454], [105, 825]]"
"mlp(64, 32)",sweep,0.9996508521080018,0.5890322580645161,0.7225806451612903,0.7079877112135177,"[[974, 111], [448, 482]]"
hgb_lr0.06_leaf15,sweep,0.9076152591795617,0.5706451612903226,0.7225806451612903,0.7072196620583717,"[[984, 101], [458, 472]]"
"mlp(128,)",sweep,0.9872376966953278,0.592741935483871,0.7225806451612903,0.7072196620583717,"[[984, 101], [458, 472]]"
hgb_lr0.02_leaf15,sweep,0.8097844317576421,0.5588709677419355,0.7225806451612903,0.7069124423963133,"[[988, 97], [462, 468]]"
hgb_lr0.02_leaf31,sweep,0.8659309378662063,0.5659677419354838,0.7225806451612903,0.7069124423963133,"[[988, 97], [462, 468]]"
gb_lr0.05_d1,sweep,0.7581669594974397,0.5690322580645162,0.7225806451612903,0.7019201228878649,"[[1053, 32], [527, 403]]"
gb_lr0.05_d1,sweep,0.3325079104162646,0.5875806451612903,0.7220843672456576,0.7419354838709677,"[[525, 560], [0, 930]]"
nusvc03,sweep,0.02139640755460737,0.609516129032258,0.7220843672456576,0.7415514592933947,"[[530, 555], [5, 925]]"
ada600,sweep,0.4999798747832391,0.6033870967741936,0.7220843672456576,0.7340245775729647,"[[628, 457], [103, 827]]"
ada600,sweep,0.501917606106945,0.5916129032258064,0.7220843672456576,0.7116743471582181,"[[919, 166], [394, 536]]"
nusvc03,sweep,0.9999993818013544,0.6114516129032258,0.7220843672456576,0.7097542242703533,"[[944, 141], [419, 511]]"
"mlp(64, 32)",sweep,0.9996786829471588,0.5875806451612903,0.7220843672456576,0.7073732718894009,"[[975, 110], [450, 480]]"
hgb_lr0.06_leaf15,sweep,0.9077893472470543,0.5704838709677419,0.7220843672456576,0.7066820276497696,"[[984, 101], [459, 471]]"
hgb_lr0.08_leaf15,sweep,0.9431028074943112,0.5740322580645161,0.7220843672456576,0.7052227342549923,"[[1003, 82], [478, 452]]"
gb_lr0.05_d3,sweep,0.847766072807205,0.5633870967741935,0.7220843672456576,0.7052227342549923,"[[1003, 82], [478, 452]]"
gb_lr0.08_d2,sweep,0.8348745325820991,0.5532258064516129,0.7220843672456576,0.7034562211981568,"[[1026, 59], [501, 429]]"
hgb_lr0.06_leaf63,sweep,0.02913432275960762,0.5975806451612903,0.7215880893300248,0.7410906298003073,"[[529, 556], [5, 925]]"
hgb_lr0.08_leaf31,sweep,0.06386303169549463,0.6009677419354839,0.7215880893300248,0.7410906298003073,"[[529, 556], [5, 925]]"
hgb_lr0.08_leaf63,sweep,0.010393523576904533,0.597741935483871,0.7215880893300248,0.7410906298003073,"[[529, 556], [5, 925]]"
nusvc03,sweep,0.020812482498460703,0.6090322580645161,0.7215880893300248,0.7410906298003073,"[[529, 556], [5, 925]]"
hgb_lr0.04_leaf15,sweep,0.2372327139551726,0.5967741935483871,0.7215880893300248,0.7407066052227342,"[[534, 551], [10, 920]]"
ada100,sweep,0.49727007352049774,0.5887096774193549,0.7215880893300248,0.7406298003072196,"[[535, 550], [11, 919]]"
gb_lr0.05_d2,sweep,0.2930309994027449,0.5919354838709677,0.7215880893300248,0.7399385560675884,"[[544, 541], [20, 910]]"
ada300,sweep,0.5035335931036713,0.5740322580645161,0.7215880893300248,0.706989247311828,"[[973, 112], [449, 481]]"
"mlp(64,)",sweep,0.9935031138896943,0.5911290322580646,0.7215880893300248,0.706221198156682,"[[983, 102], [459, 471]]"
gb_lr0.03_d2,sweep,0.7940415343520729,0.555,0.7215880893300248,0.70284178187404,"[[1027, 58], [503, 427]]"
gb_lr0.03_d1,sweep,0.7390651862336275,0.5645161290322581,0.7215880893300248,0.7009216589861751,"[[1052, 33], [528, 402]]"
"mlp(128,)",sweep,0.03340477714315058,0.5788709677419355,0.721091811414392,0.7408602150537634,"[[525, 560], [2, 928]]"
hgb_lr0.04_leaf31,sweep,0.17314436685943016,0.5983870967741935,0.721091811414392,0.7401689708141321,"[[534, 551], [11, 919]]"
gb_lr0.05_d3,sweep,0.2892164403631715,0.597741935483871,0.721091811414392,0.7397081413210446,"[[540, 545], [17, 913]]"
ada300,sweep,0.49871986315793276,0.5975806451612903,0.721091811414392,0.7393241167434716,"[[545, 540], [22, 908]]"
ada600,sweep,0.5019960402253796,0.5922580645161291,0.721091811414392,0.7102918586789555,"[[923, 162], [400, 530]]"
ada300,sweep,0.5035414126878335,0.575,0.721091811414392,0.7064516129032258,"[[973, 112], [450, 480]]"
"mlp(64,)",sweep,0.9932990864872933,0.5903225806451613,0.721091811414392,0.7059139784946236,"[[980, 105], [457, 473]]"
hgb_lr0.04_leaf63,sweep,0.9781020230681624,0.5753225806451613,0.721091811414392,0.7058371735791091,"[[981, 104], [458, 472]]"
hgb_lr0.06_leaf15,sweep,0.9122015294338907,0.5669354838709677,0.721091811414392,0.7050691244239631,"[[991, 94], [468, 462]]"
gb_lr0.05_d2,sweep,0.8094340207830454,0.5546774193548387,0.721091811414392,0.7026881720430107,"[[1022, 63], [499, 431]]"
"mlp(64,)",sweep,0.058961765515804294,0.5879032258064516,0.7205955334987593,0.7403993855606759,"[[524, 561], [2, 928]]"
ada300,sweep,0.5036342979484746,0.5733870967741935,0.7205955334987593,0.7052227342549924,"[[982, 103], [460, 470]]"
hgb_lr0.04_leaf31,sweep,0.932622457550027,0.5669354838709677,0.7205955334987593,0.704531490015361,"[[991, 94], [469, 461]]"
hgb_lr0.06_leaf15,sweep,0.9174414523863643,0.5658064516129032,0.7205955334987593,0.703763440860215,"[[1001, 84], [479, 451]]"
gb_lr0.05_d3,sweep,0.8489649966969716,0.5630645161290323,0.7205955334987593,0.7036098310291858,"[[1003, 82], [481, 449]]"
hgb_lr0.06_leaf63,sweep,0.027745948739248807,0.5967741935483871,0.7200992555831266,0.7397081413210446,"[[526, 559], [5, 925]]"
hgb_lr0.02_leaf15,sweep,0.30377994216512,0.5958064516129032,0.7200992555831266,0.739247311827957,"[[532, 553], [11, 919]]"
hgb_lr0.08_leaf15,sweep,0.18798039257339563,0.6085483870967742,0.7200992555831266,0.7391705069124423,"[[533, 552], [12, 918]]"
gb_lr0.08_d2,sweep,0.28811841831679375,0.5937096774193549,0.7200992555831266,0.7380952380952381,"[[547, 538], [26, 904]]"
ada600,sweep,0.5020132534888783,0.5916129032258064,0.7200992555831266,0.7091397849462365,"[[924, 161], [403, 527]]"
ada300,sweep,0.5036593312523657,0.5730645161290323,0.7200992555831266,0.7046082949308756,"[[983, 102], [462, 468]]"
hgb_lr0.02_leaf31,sweep,0.8698414809602448,0.5653225806451613,0.7200992555831266,0.7039938556067589,"[[991, 94], [470, 460]]"
hgb_lr0.04_leaf31,sweep,0.9332459342486076,0.5664516129032258,0.7200992555831266,0.7039938556067589,"[[991, 94], [470, 460]]"
hgb_lr0.06_leaf15,sweep,0.912676941971115,0.5666129032258065,0.7200992555831266,0.7039938556067589,"[[991, 94], [470, 460]]"
hgb_lr0.06_leaf63,sweep,0.9949872191414626,0.5724193548387096,0.7200992555831266,0.7039938556067589,"[[991, 94], [470, 460]]"
hgb_lr0.06_leaf15,sweep,0.9176121614257889,0.5656451612903226,0.7200992555831266,0.7032258064516129,"[[1001, 84], [480, 450]]"
hgb_lr0.08_leaf63,sweep,0.9989950451379608,0.5751612903225807,0.7200992555831266,0.7032258064516129,"[[1001, 84], [480, 450]]"
gb_lr0.03_d3,sweep,0.8193904247122028,0.5561290322580645,0.7200992555831266,0.702457757296467,"[[1011, 74], [490, 440]]"
gb_lr0.08_d3,sweep,0.890819220305153,0.5485483870967742,0.7200992555831266,0.701689708141321,"[[1021, 64], [500, 430]]"
hgb_lr0.02_leaf31,sweep,0.20654630921032083,0.5917741935483871,0.7196029776674938,0.7394009216589862,"[[523, 562], [3, 927]]"
hgb_lr0.08_leaf63,sweep,0.009065854757299808,0.5953225806451613,0.7196029776674938,0.7393241167434716,"[[524, 561], [4, 926]]"
lda,sweep,0.2172250154495239,0.5898387096774194,0.7196029776674938,0.7390937019969278,"[[527, 558], [7, 923]]"
hgb_lr0.06_leaf15,sweep,0.24272088785835083,0.6119354838709677,0.7196029776674938,0.7386328725038402,"[[533, 552], [13, 917]]"
gb_lr0.05_d3,sweep,0.28659482947209564,0.5972580645161291,0.7196029776674938,0.7383256528417819,"[[537, 548], [17, 913]]"
ada600,sweep,0.4999565179477733,0.6035483870967742,0.7196029776674938,0.731874039938556,"[[621, 464], [101, 829]]"
lda,sweep,0.7706696806192399,0.6098387096774194,0.7196029776674938,0.7080645161290322,"[[931, 154], [411, 519]]"
hgb_lr0.04_leaf63,sweep,0.9786927340775174,0.5758064516129032,0.7196029776674938,0.7042242703533026,"[[981, 104], [461, 469]]"
hgb_lr0.06_leaf63,sweep,0.9947345070593746,0.5733870967741935,0.7196029776674938,0.703763440860215,"[[987, 98], [467, 463]]"
hgb_lr0.04_leaf15,sweep,0.8710287857136866,0.5666129032258065,0.7196029776674938,0.7035330261136713,"[[990, 95], [470, 460]]"
hgb_lr0.08_leaf15,sweep,0.9444066619345389,0.5729032258064516,0.7196029776674938,0.702457757296467,"[[1004, 81], [484, 446]]"
gb_lr0.08_d1,sweep,0.7727323994131664,0.5711290322580646,0.7196029776674938,0.6989247311827957,"[[1050, 35], [530, 400]]"
hgb_lr0.06_leaf31,sweep,0.08629298530621832,0.595,0.719106699751861,0.7389400921658986,"[[522, 563], [3, 927]]"
hgb_lr0.04_leaf63,sweep,0.051546097710907346,0.5898387096774194,0.719106699751861,0.738863287250384,"[[523, 562], [4, 926]]"
hgb_lr0.08_leaf31,sweep,0.05783341711468054,0.5991935483870968,0.719106699751861,0.7387864823348694,"[[524, 561], [5, 925]]"
gb_lr0.08_d3,sweep,0.256658693290287,0.6,0.719106699751861,0.7382488479262672,"[[531, 554], [12, 918]]"
ada600,sweep,0.49992472012008404,0.6043548387096774,0.719106699751861,0.7317972350230415,"[[615, 470], [96, 834]]"
lda,sweep,0.7709289139509201,0.6098387096774194,0.719106699751861,0.7075268817204301,"[[931, 154], [412, 518]]"
"mlp(64,)",sweep,0.9942352568626404,0.5898387096774194,0.719106699751861,0.7031490015360984,"[[988, 97], [469, 461]]"
hgb_lr0.04_leaf15,sweep,0.8711778317854916,0.5666129032258065,0.719106699751861,0.7029953917050691,"[[990, 95], [471, 459]]"
hgb_lr0.06_leaf31,sweep,0.9669682774628745,0.5724193548387096,0.719106699751861,0.7029953917050691,"[[990, 95], [471, 459]]"
hgb_lr0.02_leaf31,sweep,0.871650558064062,0.5641935483870968,0.719106699751861,0.7027649769585254,"[[993, 92], [474, 456]]"
ada600,sweep,0.49988725575598897,0.6033870967741936,0.7186104218362283,0.7320276497695852,"[[605, 480], [87, 843]]"
nusvc03,sweep,0.9999994272778774,0.6109677419354839,0.7186104218362283,0.7059139784946237,"[[945, 140], [427, 503]]"
hgb_lr0.08_leaf31,sweep,0.9818077899024844,0.5819354838709677,0.7186104218362283,0.7047619047619048,"[[960, 125], [442, 488]]"
hgb_lr0.04_leaf31,sweep,0.9368666820638862,0.5653225806451613,0.7186104218362283,0.7018433179723502,"[[998, 87], [480, 450]]"
ada100,sweep,0.5093988418043861,0.5662903225806452,0.7186104218362283,0.6994623655913978,"[[1029, 56], [511, 419]]"
gb_lr0.03_d3,sweep,0.28034004405370805,0.5885483870967742,0.7181141439205956,0.7374039938556067,"[[528, 557], [11, 919]]"
ada600,sweep,0.49989779495420406,0.6040322580645161,0.7181141439205956,0.7314132104454685,"[[606, 479], [89, 841]]"
nusvc03,sweep,0.9999995432146984,0.6090322580645161,0.7181141439205956,0.7049923195084485,"[[950, 135], [433, 497]]"
hgb_lr0.02_leaf15,sweep,0.814018858153297,0.5570967741935484,0.7181141439205956,0.7019969278033794,"[[989, 96], [472, 458]]"
ada300,sweep,0.503762981711513,0.5737096774193549,0.7181141439205956,0.7019969278033794,"[[989, 96], [472, 458]]"
"mlp(64,)",sweep,0.9944245243549347,0.5887096774193549,0.7181141439205956,0.7019969278033794,"[[989, 96], [472, 458]]"
"mlp(128,)",sweep,0.9884867786407471,0.5924193548387097,0.7181141439205956,0.7019969278033794,"[[989, 96], [472, 458]]"
ada300,sweep,0.5037879325565118,0.574516129032258,0.7181141439205956,0.7018433179723502,"[[991, 94], [474, 456]]"
hgb_lr0.08_leaf63,sweep,0.9990255839776925,0.575,0.7181141439205956,0.7010752688172043,"[[1001, 84], [484, 446]]"
hgb_lr0.08_leaf15,sweep,0.9474985592520236,0.5708064516129032,0.7181141439205956,0.7004608294930875,"[[1009, 76], [492, 438]]"
gb_lr0.03_d3,sweep,0.8215135539563627,0.5561290322580645,0.7181141439205956,0.7002304147465438,"[[1012, 73], [495, 435]]"
gb_lr0.05_d2,sweep,0.28370647202912863,0.587258064516129,0.7176178660049628,0.7363287250384025,"[[535, 550], [19, 911]]"
hgb_lr0.08_leaf31,sweep,0.9821763701830701,0.5816129032258065,0.7176178660049628,0.7035330261136712,"[[962, 123], [446, 484]]"
gb_lr0.08_d3,sweep,0.89220973933219,0.547741935483871,0.7176178660049628,0.6990015360983103,"[[1021, 64], [505, 425]]"
gb_lr0.08_d2,sweep,0.8380252153565421,0.5520967741935484,0.7176178660049628,0.6984639016897081,"[[1028, 57], [512, 418]]"
ada100,sweep,0.5094574996099175,0.5658064516129032,0.7176178660049628,0.698310291858679,"[[1030, 55], [514, 416]]"
gb_lr0.05_d1,sweep,0.7618178753239796,0.5708064516129032,0.7176178660049628,0.6963133640552995,"[[1056, 29], [540, 390]]"
gb_lr0.05_d1,sweep,0.7624766181406643,0.5708064516129032,0.7176178660049628,0.6961597542242703,"[[1058, 27], [542, 388]]"
hgb_lr0.08_leaf63,sweep,0.006596437329559444,0.5917741935483871,0.71712158808933,0.7370199692780338,"[[519, 566], [4, 926]]"
ada100,sweep,0.4970930656115624,0.5848387096774194,0.71712158808933,0.7365591397849462,"[[525, 560], [10, 920]]"
gb_lr0.08_d2,sweep,0.28334463903697504,0.5916129032258064,0.71712158808933,0.7353302611367127,"[[541, 544], [26, 904]]"
ada600,sweep,0.5020505083355726,0.5906451612903226,0.71712158808933,0.7055299539170508,"[[929, 156], [414, 516]]"
nusvc03,sweep,0.9999996433192729,0.6079032258064516,0.71712158808933,0.7033794162826421,"[[957, 128], [442, 488]]"
hgb_lr0.02_leaf63,sweep,0.9201442904304734,0.5708064516129032,0.71712158808933,0.7009984639016897,"[[988, 97], [473, 457]]"
"mlp(128,)",sweep,0.9888260244250298,0.5916129032258064,0.71712158808933,0.7008448540706606,"[[990, 95], [475, 455]]"
hgb_lr0.04_leaf31,sweep,0.93745454830583,0.5651612903225807,0.71712158808933,0.7002304147465438,"[[998, 87], [483, 447]]"
hgb_lr0.06_leaf15,sweep,0.9224199691503867,0.5640322580645162,0.71712158808933,0.6997695852534562,"[[1004, 81], [489, 441]]"
gb_lr0.05_d3,sweep,0.8540551684984042,0.5601612903225807,0.71712158808933,0.6994623655913978,"[[1008, 77], [493, 437]]"
gb_lr0.03_d1,sweep,0.3030178460777115,0.5748387096774193,0.7166253101736972,0.7368663594470046,"[[514, 571], [0, 930]]"
gb_lr0.08_d1,sweep,0.3238882884613969,0.5854838709677419,0.7166253101736972,0.7368663594470046,"[[514, 571], [0, 930]]"
"mlp(64, 32)",sweep,0.0050792746897786855,0.5851612903225807,0.7166253101736972,0.7368663594470046,"[[514, 571], [0, 930]]"
gnb,sweep,2.93540449717203e-34,0.5733870967741935,0.7166253101736972,0.7368663594470046,"[[514, 571], [0, 930]]"
hgb_lr0.04_leaf15,sweep,0.2232518584043834,0.5966129032258064,0.7166253101736972,0.7360983102918587,"[[524, 561], [10, 920]]"
hgb_lr0.04_leaf15,sweep,0.22353764276972357,0.5969354838709677,0.7166253101736972,0.7360983102918587,"[[524, 561], [10, 920]]"
hgb_lr0.04_leaf31,sweep,0.16254365487499142,0.5941935483870968,0.7166253101736972,0.7360983102918587,"[[524, 561], [10, 920]]"
hgb_lr0.08_leaf15,sweep,0.177804305624596,0.6053225806451613,0.7166253101736972,0.7360983102918587,"[[524, 561], [10, 920]]"
ada100,sweep,0.4970643683298485,0.5843548387096774,0.7166253101736972,0.7360983102918587,"[[524, 561], [10, 920]]"
ada600,sweep,0.5020867963733381,0.5888709677419355,0.7166253101736972,0.7048387096774194,"[[931, 154], [417, 513]]"
hgb_lr0.04_leaf63,sweep,0.980336375563397,0.5735483870967742,0.7166253101736972,0.7004608294930875,"[[988, 97], [474, 456]]"
hgb_lr0.02_leaf63,sweep,0.9222559633703599,0.57,0.7166253101736972,0.7000768049155146,"[[993, 92], [479, 451]]"
gb_lr0.03_d2,sweep,0.7957293852149414,0.5558064516129032,0.7166253101736972,0.6974654377880185,"[[1027, 58], [513, 417]]"
gb_lr0.05_d1,sweep,0.32263797886110823,0.5856451612903226,0.7161290322580646,0.7364055299539171,"[[513, 572], [0, 930]]"
"mlp(64, 32)",sweep,0.004911145537346602,0.584516129032258,0.7161290322580646,0.7364055299539171,"[[513, 572], [0, 930]]"
hgb_lr0.06_leaf63,sweep,0.023188824877567526,0.5933870967741935,0.7161290322580646,0.7360983102918587,"[[517, 568], [4, 926]]"
hgb_lr0.06_leaf15,sweep,0.2303165361952947,0.6108064516129033,0.7161290322580646,0.7355606758832565,"[[524, 561], [11, 919]]"
gb_lr0.03_d2,sweep,0.3108711011622775,0.585,0.7161290322580646,0.7355606758832565,"[[524, 561], [11, 919]]"
hgb_lr0.04_leaf63,sweep,0.9802909231772178,0.5735483870967742,0.7161290322580646,0.7,"[[987, 98], [474, 456]]"
hgb_lr0.02_leaf15,sweep,0.8217786827154353,0.5529032258064516,0.7161290322580646,0.699231950844854,"[[997, 88], [484, 446]]"
hgb_lr0.08_leaf15,sweep,0.9486205014669071,0.569516129032258,0.7161290322580646,0.698310291858679,"[[1009, 76], [496, 434]]"
gb_lr0.05_d3,sweep,0.8556801687925796,0.5583870967741935,0.7161290322580646,0.698310291858679,"[[1009, 76], [496, 434]]"
gb_lr0.05_d1,sweep,0.32219207792911364,0.5858064516129032,0.7156327543424318,0.7359447004608295,"[[512, 573], [0, 930]]"
gb_lr0.08_d1,sweep,0.32198566189887046,0.5843548387096774,0.7156327543424318,0.7359447004608295,"[[512, 573], [0, 930]]"
"mlp(64,)",sweep,0.05559836562722924,0.5874193548387097,0.7156327543424318,0.7358678955453148,"[[513, 572], [1, 929]]"
"mlp(128,)",sweep,0.029722977615892893,0.5767741935483871,0.7156327543424318,0.7358678955453148,"[[513, 572], [1, 929]]"
hgb_lr0.02_leaf63,sweep,0.1456367943396535,0.5953225806451613,0.7156327543424318,0.7356374807987711,"[[516, 569], [4, 926]]"
hgb_lr0.08_leaf15,sweep,0.17568155555011566,0.604516129032258,0.7156327543424318,0.7351766513056835,"[[522, 563], [10, 920]]"
hgb_lr0.02_leaf15,sweep,0.29993548148120686,0.5946774193548388,0.7156327543424318,0.735099846390169,"[[523, 562], [11, 919]]"
hgb_lr0.06_leaf15,sweep,0.2296621459372131,0.6101612903225806,0.7156327543424318,0.735099846390169,"[[523, 562], [11, 919]]"
gb_lr0.03_d2,sweep,0.30971482548772045,0.5843548387096774,0.7156327543424318,0.735099846390169,"[[523, 562], [11, 919]]"
gb_lr0.03_d3,sweep,0.2749394270369101,0.5880645161290322,0.7156327543424318,0.735099846390169,"[[523, 562], [11, 919]]"
gb_lr0.08_d3,sweep,0.24615432869532058,0.5970967741935483,0.7156327543424318,0.735099846390169,"[[523, 562], [11, 919]]"
gb_lr0.05_d2,sweep,0.28296453827811835,0.587258064516129,0.7156327543424318,0.7344854070660523,"[[531, 554], [19, 911]]"
ada300,sweep,0.4986333517884073,0.5974193548387097,0.7156327543424318,0.7343317972350231,"[[533, 552], [21, 909]]"
ada600,sweep,0.49984424166814345,0.6033870967741936,0.7156327543424318,0.7294930875576037,"[[596, 489], [84, 846]]"
nusvc03,sweep,0.999999667545003,0.6072580645161291,0.7156327543424318,0.7017665130568356,"[[957, 128], [445, 485]]"
hgb_lr0.02_leaf15,sweep,0.8165259489024371,0.5556451612903226,0.7156327543424318,0.6990783410138248,"[[992, 93], [480, 450]]"
gb_lr0.05_d2,sweep,0.8135608212711398,0.5548387096774193,0.7156327543424318,0.6964669738863287,"[[1026, 59], [514, 416]]"
gb_lr0.03_d1,sweep,0.7417447951549283,0.5638709677419355,0.7156327543424318,0.6942396313364055,"[[1055, 30], [543, 387]]"
gb_lr0.03_d1,sweep,0.7417626709724355,0.5638709677419355,0.7156327543424318,0.694162826420891,"[[1056, 29], [544, 386]]"
hgb_lr0.08_leaf31,sweep,0.050459007741814506,0.597741935483871,0.715136476426799,0.7351766513056835,"[[515, 570], [4, 926]]"
ada600,sweep,0.5021211314704469,0.5893548387096774,0.715136476426799,0.7027649769585254,"[[937, 148], [426, 504]]"
lda,sweep,0.7780780293941498,0.6062903225806452,0.715136476426799,0.7027649769585254,"[[937, 148], [426, 504]]"
hgb_lr0.02_leaf31,sweep,0.8760592535086612,0.5619354838709677,0.715136476426799,0.6982334869431643,"[[996, 89], [485, 445]]"
hgb_lr0.02_leaf63,sweep,0.9248817303915865,0.5691935483870968,0.715136476426799,0.6982334869431643,"[[996, 89], [485, 445]]"
hgb_lr0.04_leaf15,sweep,0.8763988968637405,0.5656451612903226,0.715136476426799,0.6982334869431643,"[[996, 89], [485, 445]]"
hgb_lr0.06_leaf63,sweep,0.9956494940308539,0.5688709677419355,0.715136476426799,0.6982334869431643,"[[996, 89], [485, 445]]"
hgb_lr0.02_leaf63,sweep,0.9264207990276045,0.5688709677419355,0.715136476426799,0.6980030721966206,"[[999, 86], [488, 442]]"
hgb_lr0.04_leaf31,sweep,0.9410207764483581,0.5638709677419355,0.715136476426799,0.6974654377880184,"[[1006, 79], [495, 435]]"
hgb_lr0.06_leaf15,sweep,0.923079024839806,0.5640322580645162,0.715136476426799,0.6974654377880184,"[[1006, 79], [495, 435]]"
hgb_lr0.08_leaf63,sweep,0.9991607663964919,0.5729032258064516,0.715136476426799,0.6974654377880184,"[[1006, 79], [495, 435]]"
hgb_lr0.08_leaf63,sweep,0.9991618630313747,0.5729032258064516,0.715136476426799,0.6974654377880184,"[[1006, 79], [495, 435]]"
gb_lr0.08_d2,sweep,0.8413139836076238,0.5529032258064516,0.715136476426799,0.6956221198156682,"[[1030, 55], [519, 411]]"
hgb_lr0.04_leaf31,sweep,0.1599810976260152,0.5940322580645161,0.7146401985111662,0.7342549923195084,"[[520, 565], [10, 920]]"
gb_lr0.03_d3,sweep,0.2704491523330462,0.5866129032258065,0.7146401985111662,0.7341781874039939,"[[521, 564], [11, 919]]"
lda,sweep,0.7785578233599663,0.6059677419354839,0.7146401985111662,0.7022273425499233,"[[937, 148], [427, 503]]"
"mlp(64, 32)",sweep,0.9997288804054261,0.5864516129032258,0.7146401985111662,0.6992319508448541,"[[976, 109], [466, 464]]"
hgb_lr0.06_leaf63,sweep,0.9955175580089736,0.5696774193548387,0.7146401985111662,0.6978494623655914,"[[994, 91], [484, 446]]"
hgb_lr0.04_leaf31,sweep,0.9416895696623799,0.5635483870967742,0.7146401985111662,0.6968509984639017,"[[1007, 78], [497, 433]]"
gb_lr0.08_d3,sweep,0.8952687379907195,0.5461290322580645,0.7146401985111662,0.695468509984639,"[[1025, 60], [515, 415]]"
gb_lr0.03_d1,sweep,0.7456457707043174,0.5617741935483871,0.7146401985111662,0.6924731182795698,"[[1064, 21], [554, 376]]"
hgb_lr0.04_leaf63,sweep,0.042217806812206576,0.5864516129032258,0.7141439205955334,0.7343317972350231,"[[512, 573], [3, 927]]"
ada600,sweep,0.5021622873848568,0.5890322580645161,0.7141439205955334,0.7013056835637481,"[[942, 143], [433, 497]]"
hgb_lr0.06_leaf31,sweep,0.9683989498252839,0.569516129032258,0.7141439205955334,0.697542242703533,"[[991, 94], [482, 448]]"
ada300,sweep,0.5038458747593748,0.5737096774193549,0.7141439205955334,0.6972350230414747,"[[995, 90], [486, 444]]"
gb_lr0.03_d3,sweep,0.8263070680067945,0.557258064516129,0.7141439205955334,0.6956989247311828,"[[1015, 70], [506, 424]]"
gb_lr0.03_d1,sweep,0.745956507725443,0.5612903225806452,0.7141439205955334,0.6919354838709677,"[[1064, 21], [555, 375]]"
hgb_lr0.02_leaf31,sweep,0.1900467576951274,0.5896774193548387,0.7136476426799008,0.7338709677419355,"[[511, 574], [3, 927]]"
hgb_lr0.02_leaf31,sweep,0.1901481369578127,0.589516129032258,0.7136476426799008,0.7338709677419355,"[[511, 574], [3, 927]]"
hgb_lr0.04_leaf63,sweep,0.04154453079221362,0.5854838709677419,0.7136476426799008,0.7338709677419355,"[[511, 574], [3, 927]]"
hgb_lr0.06_leaf31,sweep,0.07727764206932626,0.5938709677419355,0.7136476426799008,0.7338709677419355,"[[511, 574], [3, 927]]"
nusvc03,sweep,0.01475736836458584,0.6041935483870968,0.7136476426799008,0.7338709677419355,"[[511, 574], [3, 927]]"
nusvc03,sweep,0.015350258887560227,0.6043548387096774,0.7136476426799008,0.7338709677419355,"[[511, 574], [3, 927]]"
gb_lr0.08_d3,sweep,0.24148739919693404,0.5961290322580645,0.7136476426799008,0.7332565284178187,"[[519, 566], [11, 919]]"
hgb_lr0.08_leaf31,sweep,0.9834497751141736,0.5808064516129032,0.7136476426799008,0.6990015360983103,"[[965, 120], [457, 473]]"
hgb_lr0.02_leaf15,sweep,0.8238252819611154,0.5532258064516129,0.7136476426799008,0.6964669738863287,"[[998, 87], [490, 440]]"
gb_lr0.03_d3,sweep,0.8276367220550577,0.5569354838709677,0.7136476426799008,0.6950076804915515,"[[1017, 68], [509, 421]]"
hgb_lr0.08_leaf63,sweep,0.004942414564458034,0.5861290322580646,0.713151364764268,0.7333333333333334,"[[511, 574], [4, 926]]"
ada300,sweep,0.49859912511237486,0.5967741935483871,0.713151364764268,0.7321044546850999,"[[527, 558], [20, 910]]"
"mlp(64, 32)",sweep,0.9997427483558655,0.5861290322580646,0.713151364764268,0.6976190476190476,"[[976, 109], [469, 461]]"
"mlp(64,)",sweep,0.9949867463111878,0.5869354838709677,0.713151364764268,0.696236559139785,"[[994, 91], [487, 443]]"
"mlp(128,)",sweep,0.9899434131622314,0.5898387096774194,0.713151364764268,0.696236559139785,"[[994, 91], [487, 443]]"
"mlp(64,)",sweep,0.9950906390786171,0.5867741935483871,0.713151364764268,0.6961597542242703,"[[995, 90], [488, 442]]"
"mlp(128,)",sweep,0.027826583090424538,0.574516129032258,0.7126550868486352,0.7331029185867896,"[[507, 578], [1, 929]]"
hgb_lr0.02_leaf63,sweep,0.13905639117439675,0.5937096774193549,0.7126550868486352,0.7328725038402458,"[[510, 575], [4, 926]]"
hgb_lr0.06_leaf63,sweep,0.020014887224424998,0.5891935483870968,0.7126550868486352,0.7328725038402458,"[[510, 575], [4, 926]]"
hgb_lr0.08_leaf31,sweep,0.04784900641124962,0.597741935483871,0.7126550868486352,0.7328725038402458,"[[510, 575], [4, 926]]"
hgb_lr0.08_leaf63,sweep,0.0048501194195521265,0.5853225806451613,0.7126550868486352,0.7328725038402458,"[[510, 575], [4, 926]]"
ada600,sweep,0.49978850557005033,0.604516129032258,0.7126550868486352,0.7268817204301076,"[[588, 497], [82, 848]]"
ada600,sweep,0.4998058790714681,0.6037096774193549,0.7126550868486352,0.7268049155145929,"[[589, 496], [83, 847]]"
hgb_lr0.04_leaf15,sweep,0.8782577889243081,0.5653225806451613,0.7126550868486352,0.6953917050691244,"[[998, 87], [492, 438]]"
hgb_lr0.06_leaf63,sweep,0.9959222083928422,0.5675806451612904,0.7126550868486352,0.6953149001536099,"[[999, 86], [493, 437]]"
hgb_lr0.02_leaf15,sweep,0.8308495589027588,0.5530645161290323,0.7126550868486352,0.6947772657450076,"[[1006, 79], [500, 430]]"
gb_lr0.03_d2,sweep,0.798099259334904,0.5553225806451613,0.7126550868486352,0.6927035330261138,"[[1033, 52], [527, 403]]"
gb_lr0.08_d2,sweep,0.8448071686558685,0.5530645161290323,0.7126550868486352,0.6927035330261138,"[[1033, 52], [527, 403]]"
ada100,sweep,0.5096635637688351,0.5653225806451613,0.7126550868486352,0.6927035330261138,"[[1033, 52], [527, 403]]"
gb_lr0.08_d1,sweep,0.7760868639145365,0.5685483870967742,0.7126550868486352,0.6913210445468511,"[[1051, 34], [545, 385]]"
hgb_lr0.02_leaf15,sweep,0.28981570273654367,0.5914516129032258,0.7121588089330024,0.731874039938556,"[[516, 569], [11, 919]]"
gb_lr0.05_d3,sweep,0.2747559068200114,0.5953225806451613,0.7121588089330024,0.7315668202764977,"[[520, 565], [15, 915]]"
ada600,sweep,0.5021806114305116,0.5891935483870968,0.7121588089330024,0.6990015360983103,"[[944, 141], [439, 491]]"
hgb_lr0.06_leaf31,sweep,0.9693442415346073,0.5683870967741935,0.7121588089330024,0.6952380952380952,"[[993, 92], [488, 442]]"
hgb_lr0.02_leaf15,sweep,0.8297164066780992,0.5532258064516129,0.7121588089330024,0.6944700460829493,"[[1003, 82], [498, 432]]"
hgb_lr0.06_leaf15,sweep,0.9272915780832084,0.5625806451612904,0.7121588089330024,0.6940092165898617,"[[1009, 76], [504, 426]]"
gb_lr0.05_d3,sweep,0.8591604618728277,0.5567741935483871,0.7121588089330024,0.6937019969278033,"[[1013, 72], [508, 422]]"
gb_lr0.05_d2,sweep,0.8150881282196897,0.5537096774193548,0.7121588089330024,0.6927035330261136,"[[1026, 59], [521, 409]]"
gb_lr0.05_d1,sweep,0.7658330582968321,0.5679032258064516,0.7121588089330024,0.6899385560675884,"[[1062, 23], [557, 373]]"
ada100,sweep,0.49687982338068626,0.5820967741935484,0.7116625310173698,0.7314900153609831,"[[514, 571], [10, 920]]"
gb_lr0.05_d3,sweep,0.27287403263690263,0.5951612903225807,0.7116625310173698,0.7311059907834101,"[[519, 566], [15, 915]]"
ada600,sweep,0.4995845540439981,0.603225806451613,0.7116625310173698,0.7273425499231951,"[[568, 517], [64, 866]]"
nusvc03,sweep,0.9999997803878421,0.6064516129032258,0.7116625310173698,0.6970814132104455,"[[962, 123], [458, 472]]"
hgb_lr0.08_leaf31,sweep,0.9842981001941068,0.5788709677419355,0.7116625310173698,0.6966973886328724,"[[967, 118], [463, 467]]"
"mlp(128,)",sweep,0.9903196066379547,0.5891935483870968,0.7116625310173698,0.6945468509984639,"[[995, 90], [491, 439]]"
hgb_lr0.02_leaf31,sweep,0.8787829124194692,0.5620967741935484,0.7116625310173698,0.6943164362519201,"[[998, 87], [494, 436]]"
ada100,sweep,0.5097998524192111,0.5646774193548387,0.7116625310173698,0.6911674347158219,"[[1039, 46], [535, 395]]"
gb_lr0.08_d1,sweep,0.7770274316063788,0.5683870967741935,0.7116625310173698,0.6901689708141321,"[[1052, 33], [548, 382]]"
gb_lr0.05_d2,sweep,0.27308625841760176,0.5843548387096774,0.711166253101737,0.7304147465437788,"[[521, 564], [18, 912]]"
lda,sweep,0.7857557284355163,0.6035483870967742,0.711166253101737,0.6980798771121351,"[[942, 143], [439, 491]]"
hgb_lr0.06_leaf63,sweep,0.9961569293339774,0.5666129032258065,0.711166253101737,0.6934715821812596,"[[1002, 83], [499, 431]]"
ada300,sweep,0.5039527377818728,0.5720967741935484,0.711166253101737,0.6934715821812596,"[[1002, 83], [499, 431]]"
hgb_lr0.02_leaf15,sweep,0.8364624591081592,0.5511290322580645,0.711166253101737,0.6927035330261136,"[[1012, 73], [509, 421]]"
gb_lr0.08_d3,sweep,0.8978245309688035,0.5461290322580645,0.711166253101737,0.6916282642089093,"[[1026, 59], [523, 407]]"
hgb_lr0.02_leaf63,sweep,0.13221460577936667,0.5924193548387097,0.7106699751861042,0.7310291858678956,"[[506, 579], [4, 926]]"
hgb_lr0.08_leaf15,sweep,0.16457523687407075,0.6019354838709677,0.7106699751861042,0.7308755760368664,"[[508, 577], [6, 924]]"
lda,sweep,0.20868503077626235,0.5879032258064516,0.7106699751861042,0.7307987711213517,"[[509, 576], [7, 923]]"
hgb_lr0.04_leaf15,sweep,0.20963965834092624,0.5951612903225807,0.7106699751861042,0.7306451612903226,"[[511, 574], [9, 921]]"
gb_lr0.08_d2,sweep,0.27065574273688503,0.59,0.7106699751861042,0.7293394777265745,"[[528, 557], [26, 904]]"
gb_lr0.08_d2,sweep,0.2710569480060973,0.5901612903225807,0.7106699751861042,0.7293394777265745,"[[528, 557], [26, 904]]"
ada600,sweep,0.49957612357234854,0.6030645161290322,0.7106699751861042,0.72642089093702,"[[566, 519], [64, 866]]"
nusvc03,sweep,0.9999997863078947,0.6062903225806452,0.7106699751861042,0.6960061443932412,"[[962, 123], [460, 470]]"
hgb_lr0.02_leaf15,sweep,0.837570226089519,0.5519354838709677,0.7106699751861042,0.6920122887864824,"[[1014, 71], [512, 418]]"
gb_lr0.03_d3,sweep,0.8310961005351531,0.5569354838709677,0.7106699751861042,0.6914746543778801,"[[1021, 64], [519, 411]]"
gb_lr0.03_d2,sweep,0.7999151340792672,0.555,0.7106699751861042,0.6903993855606758,"[[1035, 50], [533, 397]]"
hgb_lr0.06_leaf31,sweep,0.07378252970123991,0.5925806451612903,0.7101736972704714,0.7306451612903226,"[[504, 581], [3, 927]]"
hgb_lr0.08_leaf15,sweep,0.16499412640066763,0.6022580645161291,0.7101736972704714,0.7303379416282642,"[[508, 577], [7, 923]]"
ada600,sweep,0.49972602910589853,0.6040322580645161,0.7101736972704714,0.7248847926267281,"[[579, 506], [78, 852]]"
lda,sweep,0.7865568819761276,0.6037096774193549,0.7101736972704714,0.6970046082949308,"[[942, 143], [441, 489]]"
"mlp(64, 32)",sweep,0.9997802217960358,0.585,0.7101736972704714,0.6940092165898617,"[[981, 104], [480, 450]]"
hgb_lr0.04_leaf63,sweep,0.9817933208257462,0.5720967741935484,0.7101736972704714,0.6932411674347159,"[[991, 94], [490, 440]]"
hgb_lr0.06_leaf31,sweep,0.97105381327199,0.5691935483870968,0.7101736972704714,0.6927035330261136,"[[998, 87], [497, 433]]"
ada300,sweep,0.5039293893724873,0.572741935483871,0.7101736972704714,0.6926267281105991,"[[999, 86], [498, 432]]"
hgb_lr0.02_leaf63,sweep,0.9289998966418639,0.5666129032258065,0.7101736972704714,0.6924731182795699,"[[1001, 84], [500, 430]]"
hgb_lr0.04_leaf15,sweep,0.8817536267011798,0.5640322580645162,0.7101736972704714,0.6924731182795699,"[[1001, 84], [500, 430]]"
hgb_lr0.06_leaf15,sweep,0.9288665459906917,0.562258064516129,0.7101736972704714,0.691705069124424,"[[1011, 74], [510, 420]]"
lda,sweep,0.20791251391172413,0.587258064516129,0.7096774193548387,0.7298771121351766,"[[507, 578], [7, 923]]"
hgb_lr0.06_leaf15,sweep,0.21763893060479989,0.6064516129032258,0.7096774193548387,0.7296466973886329,"[[510, 575], [10, 920]]"
gb_lr0.03_d2,sweep,0.30070652451617275,0.5814516129032258,0.7096774193548387,0.7296466973886329,"[[510, 575], [10, 920]]"
ada600,sweep,0.499628885604378,0.6022580645161291,0.7096774193548387,0.7249615975422428,"[[571, 514], [71, 859]]"
ada600,sweep,0.49969176699643786,0.604516129032258,0.7096774193548387,0.7245775729646697,"[[576, 509], [76, 854]]"
hgb_lr0.08_leaf31,sweep,0.9850031783083385,0.5780645161290323,0.7096774193548387,0.6942396313364055,"[[971, 114], [471, 459]]"
ada100,sweep,0.5098917111483601,0.5643548387096774,0.7096774193548387,0.6889400921658986,"[[1040, 45], [540, 390]]"
hgb_lr0.06_leaf63,sweep,0.017858237901457002,0.5869354838709677,0.709181141439206,0.7296466973886329,"[[503, 582], [4, 926]]"
hgb_lr0.04_leaf31,sweep,0.1440196179518248,0.5916129032258064,0.709181141439206,0.7292626728110599,"[[508, 577], [9, 921]]"
ada600,sweep,0.49967722397040837,0.604516129032258,0.709181141439206,0.7241167434715823,"[[575, 510], [76, 854]]"
"mlp(64, 32)",sweep,0.9998006057977676,0.5859677419354838,0.709181141439206,0.6924731182795699,"[[987, 98], [488, 442]]"
hgb_lr0.04_leaf63,sweep,0.9820238118070663,0.5711290322580646,0.709181141439206,0.6921658986175114,"[[991, 94], [492, 438]]"
hgb_lr0.06_leaf31,sweep,0.9718414110116603,0.5682258064516129,0.709181141439206,0.6914746543778802,"[[1000, 85], [501, 429]]"
hgb_lr0.04_leaf31,sweep,0.9448987524341304,0.562258064516129,0.709181141439206,0.6907066052227342,"[[1010, 75], [511, 419]]"
hgb_lr0.08_leaf63,sweep,0.9992914818692474,0.5711290322580646,0.709181141439206,0.6907066052227342,"[[1010, 75], [511, 419]]"
hgb_lr0.06_leaf15,sweep,0.9324893609972437,0.5635483870967742,0.709181141439206,0.6902457757296467,"[[1016, 69], [517, 413]]"
gb_lr0.05_d1,sweep,0.7672203506167021,0.5667741935483871,0.709181141439206,0.6866359447004609,"[[1063, 22], [564, 366]]"
gb_lr0.03_d3,sweep,0.2581552471521051,0.5832258064516129,0.7086848635235732,0.7287250384024577,"[[508, 577], [10, 920]]"
ada300,sweep,0.4984977922734437,0.5935483870967742,0.7086848635235732,0.7281874039938556,"[[515, 570], [17, 913]]"
gb_lr0.05_d2,sweep,0.2698878154208281,0.5825806451612904,0.7086848635235732,0.728110599078341,"[[516, 569], [18, 912]]"
ada300,sweep,0.4985358760381901,0.595,0.7086848635235732,0.728110599078341,"[[516, 569], [18, 912]]"
nusvc03,sweep,0.9999998528578725,0.6040322580645161,0.7086848635235732,0.6933179723502304,"[[969, 116], [471, 459]]"
hgb_lr0.08_leaf31,sweep,0.9860218813173858,0.5779032258064516,0.7086848635235732,0.6929339477726575,"[[974, 111], [476, 454]]"
hgb_lr0.04_leaf31,sweep,0.9457557240856856,0.5614516129032258,0.7086848635235732,0.6901689708141321,"[[1010, 75], [512, 418]]"
hgb_lr0.08_leaf63,sweep,0.99931718946247,0.5709677419354838,0.7086848635235732,0.6901689708141321,"[[1010, 75], [512, 418]]"
gb_lr0.05_d2,sweep,0.8188331048421368,0.5520967741935484,0.7086848635235732,0.6887096774193548,"[[1029, 56], [531, 399]]"
"mlp(64, 32)",sweep,0.0036878627010621216,0.5833870967741935,0.7081885856079404,0.7290322580645161,"[[497, 588], [0, 930]]"
"mlp(64,)",sweep,0.048845725201815376,0.5864516129032258,0.7081885856079404,0.7289554531490016,"[[498, 587], [1, 929]]"
ada100,sweep,0.4966592561679971,0.5837096774193549,0.7081885856079404,0.7283410138248848,"[[506, 579], [9, 921]]"
gb_lr0.08_d3,sweep,0.22742314431138136,0.592741935483871,0.7081885856079404,0.7281874039938556,"[[508, 577], [11, 919]]"
hgb_lr0.08_leaf31,sweep,0.9867857723926382,0.577741935483871,0.7081885856079404,0.6920122887864824,"[[979, 106], [482, 448]]"
hgb_lr0.02_leaf31,sweep,0.8813177337681632,0.5614516129032258,0.7081885856079404,0.6904761904761905,"[[999, 86], [502, 428]]"
"mlp(128,)",sweep,0.9910090166330338,0.5880645161290322,0.7081885856079404,0.6904761904761905,"[[999, 86], [502, 428]]"
hgb_lr0.08_leaf15,sweep,0.9510602835846379,0.5683870967741935,0.7081885856079404,0.6897081413210445,"[[1009, 76], [512, 418]]"
gb_lr0.05_d3,sweep,0.8628310570703003,0.5564516129032258,0.7081885856079404,0.6890168970814132,"[[1018, 67], [521, 409]]"
hgb_lr0.08_leaf31,sweep,0.04338567910348311,0.5953225806451613,0.7076923076923077,0.7282642089093703,"[[500, 585], [4, 926]]"
hgb_lr0.02_leaf15,sweep,0.2809699660317224,0.5911290322580646,0.7076923076923077,0.7278801843317972,"[[505, 580], [9, 921]]"
hgb_lr0.04_leaf15,sweep,0.20262053739949534,0.592741935483871,0.7076923076923077,0.7278801843317972,"[[505, 580], [9, 921]]"
hgb_lr0.04_leaf31,sweep,0.1413170449331576,0.5903225806451613,0.7076923076923077,0.7278801843317972,"[[505, 580], [9, 921]]"
gb_lr0.03_d3,sweep,0.2560818752307405,0.5829032258064516,0.7076923076923077,0.7278801843317972,"[[505, 580], [9, 921]]"
ada100,sweep,0.49659578174251506,0.582741935483871,0.7076923076923077,0.7278801843317972,"[[505, 580], [9, 921]]"
ada600,sweep,0.4995232977349292,0.604516129032258,0.7076923076923077,0.7240399385560676,"[[555, 530], [59, 871]]"
ada600,sweep,0.502222975971789,0.5879032258064516,0.7076923076923077,0.693778801843318,"[[949, 136], [453, 477]]"
nusvc03,sweep,0.9999998562406927,0.6043548387096774,0.7076923076923077,0.6922427035330261,"[[969, 116], [473, 457]]"
hgb_lr0.02_leaf63,sweep,0.9304382762013775,0.5658064516129032,0.7076923076923077,0.6897081413210446,"[[1002, 83], [506, 424]]"
gb_lr0.05_d3,sweep,0.862993661889306,0.5561290322580645,0.7076923076923077,0.6884792626728111,"[[1018, 67], [522, 408]]"
gb_lr0.08_d3,sweep,0.8998870807947505,0.5441935483870968,0.7076923076923077,0.6877112135176651,"[[1028, 57], [532, 398]]"
gb_lr0.03_d2,sweep,0.8018019469525013,0.5556451612903226,0.7076923076923077,0.6869431643625192,"[[1038, 47], [542, 388]]"
gb_lr0.08_d1,sweep,0.31265452925543086,0.5820967741935484,0.707196029776675,0.728110599078341,"[[495, 590], [0, 930]]"
hgb_lr0.02_leaf15,sweep,0.2791803545453314,0.5903225806451613,0.707196029776675,0.7274961597542243,"[[503, 582], [8, 922]]"
ada600,sweep,0.49951751043248,0.6048387096774194,0.707196029776675,0.72357910906298,"[[554, 531], [59, 871]]"
"mlp(64, 32)",sweep,0.9998315961837768,0.5864516129032258,0.707196029776675,0.6902457757296467,"[[988, 97], [493, 437]]"
"mlp(64,)",sweep,0.9955104309320449,0.584516129032258,0.707196029776675,0.6894777265745008,"[[998, 87], [503, 427]]"
hgb_lr0.04_leaf15,sweep,0.8848257460838257,0.5625806451612904,0.707196029776675,0.689247311827957,"[[1001, 84], [506, 424]]"
hgb_lr0.06_leaf63,sweep,0.9965389852617551,0.5661290322580645,0.707196029776675,0.6890937019969278,"[[1003, 82], [508, 422]]"
gb_lr0.03_d3,sweep,0.8347147147059875,0.5558064516129032,0.707196029776675,0.6874807987711213,"[[1024, 61], [529, 401]]"
gb_lr0.05_d2,sweep,0.8232664783698088,0.5509677419354839,0.707196029776675,0.6865591397849462,"[[1036, 49], [541, 389]]"
gb_lr0.08_d1,sweep,0.7815426537526022,0.5653225806451613,0.707196029776675,0.6849462365591398,"[[1057, 28], [562, 368]]"
gb_lr0.03_d1,sweep,0.29217808287461144,0.5737096774193549,0.7066997518610422,0.7276497695852535,"[[494, 591], [0, 930]]"
gb_lr0.08_d1,sweep,0.31100683389012274,0.5812903225806452,0.7066997518610422,0.7276497695852535,"[[494, 591], [0, 930]]"
"mlp(64, 32)",sweep,0.003442767415940763,0.5830645161290322,0.7066997518610422,0.7276497695852535,"[[494, 591], [0, 930]]"
gnb,sweep,2.655835507541662e-35,0.5729032258064516,0.7066997518610422,0.7276497695852535,"[[494, 591], [0, 930]]"
nusvc03,sweep,0.011681570897715684,0.6022580645161291,0.7066997518610422,0.7274193548387097,"[[497, 588], [3, 927]]"
hgb_lr0.06_leaf15,sweep,0.21103368481081583,0.6059677419354839,0.7066997518610422,0.7268817204301076,"[[504, 581], [10, 920]]"
gb_lr0.03_d2,sweep,0.2959172938945486,0.5798387096774194,0.7066997518610422,0.7268817204301076,"[[504, 581], [10, 920]]"
gb_lr0.08_d3,sweep,0.22351453672820465,0.5908064516129032,0.7066997518610422,0.7268817204301076,"[[504, 581], [10, 920]]"
ada300,sweep,0.49840105857440997,0.5933870967741935,0.7066997518610422,0.72642089093702,"[[510, 575], [16, 914]]"
ada600,sweep,0.5022595826426522,0.587258064516129,0.7066997518610422,0.6920122887864824,"[[958, 127], [464, 466]]"
"mlp(128,)",sweep,0.9915908194899559,0.5864516129032258,0.7066997518610422,0.6886328725038402,"[[1002, 83], [508, 422]]"
hgb_lr0.02_leaf15,sweep,0.8434876387330185,0.5487096774193548,0.7066997518610422,0.6874807987711213,"[[1017, 68], [523, 407]]"
gb_lr0.08_d2,sweep,0.8503632407871187,0.5538709677419354,0.7066997518610422,0.6859447004608294,"[[1037, 48], [543, 387]]"
gb_lr0.08_d2,sweep,0.8506048685940841,0.5537096774193548,0.7066997518610422,0.6858678955453149,"[[1038, 47], [544, 386]]"
gb_lr0.05_d1,sweep,0.311968983055771,0.5814516129032258,0.7062034739454094,0.7271889400921658,"[[493, 592], [0, 930]]"
gb_lr0.05_d1,sweep,0.31283588853421357,0.5812903225806452,0.7062034739454094,0.7271889400921658,"[[493, 592], [0, 930]]"
hgb_lr0.02_leaf31,sweep,0.17593178124362954,0.5851612903225807,0.7062034739454094,0.7270353302611368,"[[495, 590], [2, 928]]"
gb_lr0.05_d3,sweep,0.2601807329137861,0.5935483870967742,0.7062034739454094,0.7261904761904762,"[[506, 579], [13, 917]]"
ada600,sweep,0.49946511922280346,0.602741935483871,0.7062034739454094,0.7228878648233488,"[[549, 536], [56, 874]]"
ada600,sweep,0.5022628652577147,0.5869354838709677,0.7062034739454094,0.6914746543778802,"[[958, 127], [465, 465]]"
"mlp(64,)",sweep,0.9957595706701279,0.5829032258064516,0.7062034739454094,0.6883256528417818,"[[999, 86], [506, 424]]"
gb_lr0.03_d1,sweep,0.7474077079492113,0.5614516129032258,0.7062034739454094,0.6831797235023042,"[[1066, 19], [573, 357]]"
"mlp(64,)",sweep,0.04519379299581052,0.5833870967741935,0.7057071960297767,0.7266513056835637,"[[493, 592], [1, 929]]"
"mlp(128,)",sweep,0.02588327942788601,0.572741935483871,0.7057071960297767,0.7266513056835637,"[[493, 592], [1, 929]]"
hgb_lr0.06_leaf31,sweep,0.06486563235320525,0.5882258064516129,0.7057071960297767,0.7264976958525347,"[[495, 590], [3, 927]]"
hgb_lr0.08_leaf63,sweep,0.0036249655118708907,0.5820967741935484,0.7057071960297767,0.72642089093702,"[[496, 589], [4, 926]]"
hgb_lr0.06_leaf15,sweep,0.9338510701426236,0.5630645161290323,0.7057071960297767,0.6864823348694317,"[[1016, 69], [524, 406]]"
hgb_lr0.02_leaf15,sweep,0.8447136165459087,0.5480645161290323,0.7057071960297767,0.686405529953917,"[[1017, 68], [525, 405]]"
gb_lr0.05_d2,sweep,0.8248848143331488,0.550483870967742,0.7057071960297767,0.6849462365591398,"[[1036, 49], [544, 386]]"
gb_lr0.08_d1,sweep,0.7830167744818968,0.5643548387096774,0.7057071960297767,0.6832565284178187,"[[1058, 27], [566, 364]]"
hgb_lr0.02_leaf63,sweep,0.12009368866922493,0.5893548387096774,0.7052109181141439,0.7259600614439324,"[[495, 590], [4, 926]]"
gb_lr0.03_d2,sweep,0.289771341272742,0.5783870967741935,0.7052109181141439,0.7255760368663595,"[[500, 585], [9, 921]]"
gb_lr0.08_d3,sweep,0.21253335610240034,0.5893548387096774,0.7052109181141439,0.7255760368663595,"[[500, 585], [9, 921]]"
hgb_lr0.04_leaf63,sweep,0.9838731345177935,0.567741935483871,0.7052109181141439,0.6877112135176651,"[[993, 92], [502, 428]]"
hgb_lr0.02_leaf31,sweep,0.8850564335128404,0.5619354838709677,0.7052109181141439,0.6870967741935484,"[[1001, 84], [510, 420]]"
hgb_lr0.06_leaf63,sweep,0.9967700000999339,0.5658064516129032,0.7052109181141439,0.6867127496159754,"[[1006, 79], [515, 415]]"
hgb_lr0.02_leaf31,sweep,0.17328489801807004,0.584516129032258,0.7047146401985112,0.7256528417818741,"[[492, 593], [2, 928]]"
"mlp(64, 32)",sweep,0.9998512275218964,0.5859677419354838,0.7047146401985112,0.6872503840245776,"[[992, 93], [502, 428]]"
hgb_lr0.08_leaf15,sweep,0.9531375783162905,0.5661290322580645,0.7047146401985112,0.6858678955453149,"[[1010, 75], [520, 410]]"
hgb_lr0.04_leaf63,sweep,0.03496822488563277,0.5817741935483871,0.7042183622828784,0.725115207373272,"[[492, 593], [3, 927]]"
hgb_lr0.08_leaf15,sweep,0.1517255625685142,0.5985483870967742,0.7042183622828784,0.7248847926267281,"[[495, 590], [6, 924]]"
nusvc03,sweep,0.9999999008889262,0.6008064516129032,0.7042183622828784,0.6880952380952381,"[[974, 111], [485, 445]]"
hgb_lr0.04_leaf15,sweep,0.8879076284502676,0.562258064516129,0.7042183622828784,0.6857142857142857,"[[1005, 80], [516, 414]]"
gb_lr0.08_d3,sweep,0.9017070026784021,0.5433870967741935,0.7042183622828784,0.6839477726574501,"[[1028, 57], [539, 391]]"
ada100,sweep,0.5101277835236759,0.5620967741935484,0.7042183622828784,0.6829493087557603,"[[1041, 44], [552, 378]]"
gb_lr0.05_d1,sweep,0.7692744582039271,0.5654838709677419,0.7042183622828784,0.6811827956989247,"[[1064, 21], [575, 355]]"
"mlp(128,)",sweep,0.023643661137297742,0.5704838709677419,0.7037220843672457,0.7248079877112135,"[[489, 596], [1, 929]]"
hgb_lr0.04_leaf63,sweep,0.03440283075491038,0.5819354838709677,0.7037220843672457,0.7246543778801844,"[[491, 594], [3, 927]]"
hgb_lr0.06_leaf31,sweep,0.06112470561625681,0.5862903225806452,0.7037220843672457,0.7246543778801844,"[[491, 594], [3, 927]]"
hgb_lr0.08_leaf63,sweep,0.0033190206262721424,0.5808064516129032,0.7037220843672457,0.7246543778801844,"[[491, 594], [3, 927]]"
nusvc03,sweep,0.010467789061034214,0.5998387096774194,0.7037220843672457,0.7246543778801844,"[[491, 594], [3, 927]]"
hgb_lr0.04_leaf15,sweep,0.19488423895544033,0.5911290322580646,0.7037220843672457,0.7242703533026114,"[[496, 589], [8, 922]]"
hgb_lr0.06_leaf15,sweep,0.2036149365160749,0.6035483870967742,0.7037220843672457,0.7241935483870968,"[[497, 588], [9, 921]]"
gb_lr0.05_d3,sweep,0.2519231731416813,0.5904838709677419,0.7037220843672457,0.7238863287250383,"[[501, 584], [13, 917]]"
ada300,sweep,0.4982944607710496,0.5916129032258064,0.7037220843672457,0.7236559139784946,"[[504, 581], [16, 914]]"
gb_lr0.08_d2,sweep,0.2583836836152092,0.5891935483870968,0.7037220843672457,0.7231182795698925,"[[511, 574], [23, 907]]"
lda,sweep,0.7910745797157287,0.6014516129032258,0.7037220843672457,0.6897849462365591,"[[945, 140], [457, 473]]"
ada600,sweep,0.5023155962068899,0.5859677419354838,0.7037220843672457,0.6882488479262673,"[[965, 120], [477, 453]]"
gb_lr0.03_d3,sweep,0.836963180666932,0.5538709677419354,0.7037220843672457,0.6837173579109063,"[[1024, 61], [536, 394]]"
gb_lr0.03_d2,sweep,0.8054688492309938,0.5546774193548387,0.7037220843672457,0.6821812596006145,"[[1044, 41], [556, 374]]"
ada600,sweep,0.4993984248741082,0.6014516129032258,0.7032258064516129,0.7203533026113671,"[[540, 545], [53, 877]]"
ada600,sweep,0.49940159759436425,0.6014516129032258,0.7032258064516129,0.7203533026113671,"[[540, 545], [53, 877]]"
nusvc03,sweep,0.9999999030581956,0.6008064516129032,0.7032258064516129,0.6870199692780338,"[[974, 111], [487, 443]]"
hgb_lr0.08_leaf31,sweep,0.9876297717051573,0.5751612903225807,0.7032258064516129,0.686405529953917,"[[982, 103], [495, 435]]"
hgb_lr0.04_leaf63,sweep,0.9845043941987568,0.5680645161290323,0.7032258064516129,0.685483870967742,"[[994, 91], [507, 423]]"
hgb_lr0.06_leaf31,sweep,0.973635260120496,0.5674193548387096,0.7032258064516129,0.6849462365591398,"[[1001, 84], [514, 416]]"
"mlp(64,)",sweep,0.9962401612401008,0.5808064516129032,0.7032258064516129,0.6848694316436252,"[[1002, 83], [515, 415]]"
hgb_lr0.02_leaf63,sweep,0.9329730617017638,0.5654838709677419,0.7032258064516129,0.6847158218125959,"[[1004, 81], [517, 413]]"
ada300,sweep,0.5040400967610639,0.5711290322580646,0.7032258064516129,0.6847158218125959,"[[1004, 81], [517, 413]]"
"mlp(128,)",sweep,0.9922323573589326,0.5848387096774194,0.7032258064516129,0.6847158218125959,"[[1004, 81], [517, 413]]"
hgb_lr0.02_leaf63,sweep,0.11605732815127469,0.5879032258064516,0.7027295285359801,0.7236559139784946,"[[490, 595], [4, 926]]"
hgb_lr0.06_leaf63,sweep,0.014845357180711347,0.5837096774193549,0.7027295285359801,0.7236559139784946,"[[490, 595], [4, 926]]"
hgb_lr0.08_leaf31,sweep,0.037135537384315874,0.5930645161290322,0.7027295285359801,0.7236559139784946,"[[490, 595], [4, 926]]"
gb_lr0.03_d3,sweep,0.2477038127633833,0.5801612903225807,0.7027295285359801,0.7233486943164362,"[[494, 591], [8, 922]]"
gb_lr0.05_d2,sweep,0.2631619147410553,0.5816129032258065,0.7027295285359801,0.7225806451612903,"[[504, 581], [18, 912]]"
hgb_lr0.04_leaf31,sweep,0.9496776914201929,0.56,0.7027295285359801,0.6836405529953917,"[[1011, 74], [525, 405]]"
gb_lr0.05_d3,sweep,0.8681118483909276,0.5541935483870968,0.7027295285359801,0.6827188940092166,"[[1023, 62], [537, 393]]"
gb_lr0.08_d3,sweep,0.9039292650584244,0.542741935483871,0.7027295285359801,0.6819508448540706,"[[1033, 52], [547, 383]]"
"mlp(64,)",sweep,0.04245645540505648,0.5814516129032258,0.7022332506203474,0.7234254992319509,"[[486, 599], [1, 929]]"
hgb_lr0.02_leaf31,sweep,0.8871460039172465,0.5620967741935484,0.7022332506203474,0.6837173579109063,"[[1003, 82], [518, 412]]"
"mlp(64,)",sweep,0.9963110696315766,0.5806451612903226,0.7022332506203474,0.6837173579109063,"[[1003, 82], [518, 412]]"
hgb_lr0.06_leaf63,sweep,0.996959760277996,0.5658064516129032,0.7022332506203474,0.683410138248848,"[[1007, 78], [522, 408]]"
gb_lr0.03_d1,sweep,0.7503481520487724,0.5593548387096774,0.7022332506203474,0.6786482334869433,"[[1069, 16], [584, 346]]"
lda,sweep,0.1934422565698624,0.5808064516129032,0.7017369727047147,0.7226574500768049,"[[489, 596], [5, 925]]"
lda,sweep,0.1950270985364914,0.5808064516129032,0.7017369727047147,0.7225806451612903,"[[490, 595], [6, 924]]"
ada300,sweep,0.4982574717956829,0.59,0.7017369727047147,0.721889400921659,"[[499, 586], [15, 915]]"
hgb_lr0.04_leaf31,sweep,0.9502400878263874,0.5595161290322581,0.7017369727047147,0.6824884792626729,"[[1012, 73], [528, 402]]"
hgb_lr0.08_leaf63,sweep,0.9993817169202526,0.5704838709677419,0.7017369727047147,0.6824884792626729,"[[1012, 73], [528, 402]]"
gb_lr0.05_d2,sweep,0.8317301789725493,0.5482258064516129,0.7017369727047147,0.680184331797235,"[[1042, 43], [558, 372]]"
ada100,sweep,0.510244653822428,0.5624193548387096,0.7017369727047147,0.680184331797235,"[[1042, 43], [558, 372]]"
gb_lr0.03_d2,sweep,0.8068725082955247,0.5538709677419354,0.7017369727047147,0.6799539170506913,"[[1045, 40], [561, 369]]"
hgb_lr0.04_leaf31,sweep,0.1295331324507741,0.5885483870967742,0.7012406947890819,0.7220430107526882,"[[490, 595], [7, 923]]"
ada100,sweep,0.4964151266337714,0.5801612903225807,0.7012406947890819,0.721889400921659,"[[492, 593], [9, 921]]"
gb_lr0.08_d2,sweep,0.25568996375325664,0.5887096774193549,0.7012406947890819,0.7208141321044547,"[[506, 579], [23, 907]]"
hgb_lr0.08_leaf31,sweep,0.9879875059790707,0.5746774193548387,0.7012406947890819,0.6842549923195085,"[[982, 103], [499, 431]]"
"mlp(64, 32)",sweep,0.9998675608634948,0.584516129032258,0.7012406947890819,0.6834869431643625,"[[992, 93], [509, 421]]"
hgb_lr0.06_leaf31,sweep,0.974485030284831,0.567741935483871,0.7012406947890819,0.6827188940092166,"[[1002, 83], [519, 411]]"
ada300,sweep,0.5040584430427311,0.5712903225806452,0.7012406947890819,0.6825652841781874,"[[1004, 81], [521, 409]]"
"mlp(128,)",sweep,0.9926632341861724,0.5824193548387097,0.7012406947890819,0.6823348694316437,"[[1007, 78], [524, 406]]"
gb_lr0.05_d3,sweep,0.869452195102663,0.5540322580645162,0.7012406947890819,0.6811059907834102,"[[1023, 62], [540, 390]]"
nusvc03,sweep,0.009127433861515837,0.5982258064516129,0.7007444168734491,0.721889400921659,"[[485, 600], [3, 927]]"
hgb_lr0.06_leaf63,sweep,0.013023610246340337,0.5825806451612904,0.7007444168734491,0.7218125960061444,"[[486, 599], [4, 926]]"
hgb_lr0.08_leaf31,sweep,0.035884519647731344,0.592741935483871,0.7007444168734491,0.7218125960061444,"[[486, 599], [4, 926]]"
hgb_lr0.08_leaf15,sweep,0.14483159633420054,0.5964516129032258,0.7007444168734491,0.7216589861751153,"[[488, 597], [6, 924]]"
gb_lr0.05_d3,sweep,0.24752324208235557,0.5891935483870968,0.7007444168734491,0.721121351766513,"[[495, 590], [13, 917]]"
hgb_lr0.06_leaf15,sweep,0.9370103233191441,0.5611290322580645,0.7007444168734491,0.6807987711213518,"[[1020, 65], [538, 392]]"
gb_lr0.08_d2,sweep,0.8557103845620387,0.5533870967741935,0.7007444168734491,0.6791858678955454,"[[1041, 44], [559, 371]]"
gb_lr0.03_d1,sweep,0.28513811765211794,0.5730645161290323,0.7002481389578163,0.7216589861751153,"[[481, 604], [0, 930]]"
gb_lr0.03_d1,sweep,0.7513426782983185,0.5585483870967742,0.7002481389578163,0.67642089093702,"[[1070, 15], [589, 341]]"
gb_lr0.05_d1,sweep,0.3011935756720939,0.5770967741935484,0.6997518610421837,0.7211981566820277,"[[480, 605], [0, 930]]"
hgb_lr0.06_leaf31,sweep,0.05722651994762586,0.585,0.6997518610421837,0.7209677419354839,"[[483, 602], [3, 927]]"
hgb_lr0.04_leaf31,sweep,0.12213100828941206,0.5866129032258065,0.6997518610421837,0.7206605222734255,"[[487, 598], [7, 923]]"
gb_lr0.03_d2,sweep,0.28238680926291976,0.5769354838709677,0.6997518610421837,0.7206605222734255,"[[487, 598], [7, 923]]"
gb_lr0.08_d3,sweep,0.20123943731156796,0.5866129032258065,0.6997518610421837,0.7205069124423964,"[[489, 596], [9, 921]]"
gb_lr0.05_d2,sweep,0.2583678229634054,0.5791935483870968,0.6997518610421837,0.7198924731182795,"[[497, 588], [17, 913]]"
hgb_lr0.08_leaf15,sweep,0.9542440907359955,0.5648387096774193,0.6997518610421837,0.6804915514592934,"[[1010, 75], [530, 400]]"
hgb_lr0.06_leaf15,sweep,0.9374126127289416,0.5608064516129032,0.6997518610421837,0.6797235023041475,"[[1020, 65], [540, 390]]"
gb_lr0.03_d3,sweep,0.8410334019919101,0.5530645161290323,0.6997518610421837,0.6791090629800307,"[[1028, 57], [548, 382]]"
gb_lr0.05_d2,sweep,0.8323219592541342,0.5482258064516129,0.6997518610421837,0.6780337941628264,"[[1042, 43], [562, 368]]"
hgb_lr0.02_leaf15,sweep,0.26760968279350916,0.5875806451612903,0.6992555831265509,0.7201228878648234,"[[487, 598], [8, 922]]"
qda001,sweep,0.9981709087382621,0.587258064516129,0.6992555831265509,0.6981566820276497,"[[773, 312], [294, 636]]"
lda,sweep,0.7932377581954002,0.6004838709677419,0.6992555831265509,0.6848694316436252,"[[946, 139], [467, 463]]"
hgb_lr0.04_leaf63,sweep,0.9856189443824649,0.5664516129032258,0.6992555831265509,0.6811059907834102,"[[995, 90], [516, 414]]"
gb_lr0.03_d2,sweep,0.808959528523863,0.552741935483871,0.6992555831265509,0.6769585253456221,"[[1049, 36], [570, 360]]"
gb_lr0.08_d1,sweep,0.787070703062251,0.5624193548387096,0.6992555831265509,0.6761904761904762,"[[1059, 26], [580, 350]]"
gb_lr0.05_d1,sweep,0.772362378219974,0.5612903225806452,0.6992555831265509,0.6754224270353303,"[[1069, 16], [590, 340]]"
gb_lr0.08_d1,sweep,0.30332556083332046,0.5796774193548387,0.6987593052109181,0.7202764976958526,"[[478, 607], [0, 930]]"
hgb_lr0.02_leaf15,sweep,0.2673463051069222,0.5870967741935483,0.6987593052109181,0.7196620583717358,"[[486, 599], [8, 922]]"
hgb_lr0.04_leaf15,sweep,0.1876798080587757,0.5898387096774194,0.6987593052109181,0.7196620583717358,"[[486, 599], [8, 922]]"
gb_lr0.03_d3,sweep,0.24005961017392877,0.5793548387096774,0.6987593052109181,0.7196620583717358,"[[486, 599], [8, 922]]"
gb_lr0.08_d3,sweep,0.19762578071591505,0.5862903225806452,0.6987593052109181,0.7196620583717358,"[[486, 599], [8, 922]]"
ada100,sweep,0.4962586830186534,0.5783870967741935,0.6987593052109181,0.7196620583717358,"[[486, 599], [8, 922]]"
ada600,sweep,0.4993414880883316,0.6012903225806452,0.6987593052109181,0.7162826420890938,"[[530, 555], [52, 878]]"
qda001,sweep,0.9976153167414927,0.5870967741935483,0.6987593052109181,0.6983870967741936,"[[763, 322], [285, 645]]"
ada600,sweep,0.5023787946267705,0.5862903225806452,0.6987593052109181,0.6824884792626729,"[[970, 115], [492, 438]]"
hgb_lr0.02_leaf31,sweep,0.8908555129136757,0.56,0.6987593052109181,0.6797235023041475,"[[1006, 79], [528, 402]]"
hgb_lr0.02_leaf63,sweep,0.9344030489182772,0.5648387096774193,0.6987593052109181,0.6797235023041475,"[[1006, 79], [528, 402]]"
"mlp(128,)",sweep,0.9930609935760498,0.5808064516129032,0.6987593052109181,0.6794930875576036,"[[1009, 76], [531, 399]]"
hgb_lr0.02_leaf15,sweep,0.8493498079318951,0.5466129032258065,0.6987593052109181,0.6787250384024578,"[[1019, 66], [541, 389]]"
gb_lr0.08_d1,sweep,0.788033328233934,0.562258064516129,0.6987593052109181,0.6755760368663595,"[[1060, 25], [582, 348]]"
ada300,sweep,0.4981809148670036,0.5882258064516129,0.6982630272952853,0.7187403993855607,"[[491, 594], [14, 916]]"
qda001,sweep,0.9975497938363006,0.5880645161290322,0.6982630272952853,0.697926267281106,"[[762, 323], [285, 645]]"
qda001,sweep,0.9982679378069801,0.5874193548387097,0.6982630272952853,0.6970814132104455,"[[773, 312], [296, 634]]"
ada600,sweep,0.5023753806903279,0.5859677419354838,0.6982630272952853,0.6820276497695852,"[[969, 116], [492, 438]]"
nusvc03,sweep,0.9999999307676464,0.6,0.6982630272952853,0.6814900153609831,"[[976, 109], [499, 431]]"
hgb_lr0.04_leaf63,sweep,0.9866271936004669,0.5641935483870968,0.6982630272952853,0.6797235023041475,"[[999, 86], [522, 408]]"
"mlp(128,)",sweep,0.9936634614467621,0.579516129032258,0.6982630272952853,0.6785714285714286,"[[1014, 71], [537, 393]]"
gb_lr0.08_d2,sweep,0.8584705591742255,0.5532258064516129,0.6982630272952853,0.6763440860215054,"[[1043, 42], [566, 364]]"
gb_lr0.05_d1,sweep,0.7725622081399991,0.5611290322580645,0.6982630272952853,0.674347158218126,"[[1069, 16], [592, 338]]"
hgb_lr0.02_leaf31,sweep,0.16408860808664522,0.5824193548387097,0.6977667493796526,0.7192012288786482,"[[478, 607], [2, 928]]"
gb_lr0.03_d2,sweep,0.27778008060090015,0.5766129032258065,0.6977667493796526,0.7189708141321045,"[[481, 604], [5, 925]]"
ada100,sweep,0.49619632621965015,0.5785483870967741,0.6977667493796526,0.7187403993855607,"[[484, 601], [8, 922]]"
hgb_lr0.06_leaf15,sweep,0.1958632595991147,0.6009677419354839,0.6977667493796526,0.7186635944700461,"[[485, 600], [9, 921]]"
hgb_lr0.04_leaf15,sweep,0.8911043785575131,0.562741935483871,0.6977667493796526,0.6786482334869431,"[[1006, 79], [530, 400]]"
hgb_lr0.02_leaf31,sweep,0.8924108669384749,0.5590322580645162,0.6977667493796526,0.678494623655914,"[[1008, 77], [532, 398]]"
hgb_lr0.02_leaf63,sweep,0.9364188115807689,0.5619354838709677,0.6977667493796526,0.678494623655914,"[[1008, 77], [532, 398]]"
hgb_lr0.04_leaf15,sweep,0.8923173068685961,0.5624193548387096,0.6977667493796526,0.678494623655914,"[[1008, 77], [532, 398]]"
hgb_lr0.06_leaf63,sweep,0.9972188665160193,0.5640322580645162,0.6977667493796526,0.678494623655914,"[[1008, 77], [532, 398]]"
ada300,sweep,0.5041803029757793,0.5685483870967742,0.6977667493796526,0.678494623655914,"[[1008, 77], [532, 398]]"
hgb_lr0.02_leaf15,sweep,0.8510920538337587,0.5459677419354839,0.6977667493796526,0.6775729646697388,"[[1020, 65], [544, 386]]"
gb_lr0.03_d3,sweep,0.8419156967947935,0.5529032258064516,0.6977667493796526,0.6769585253456221,"[[1028, 57], [552, 378]]"
gb_lr0.05_d1,sweep,0.29924338649141324,0.5770967741935484,0.6972704714640199,0.7188940092165899,"[[475, 610], [0, 930]]"
gb_lr0.08_d1,sweep,0.30182746747226036,0.5790322580645161,0.6972704714640199,0.7188940092165899,"[[475, 610], [0, 930]]"
"mlp(128,)",sweep,0.021097571961581706,0.5669354838709677,0.6972704714640199,0.7188940092165899,"[[475, 610], [0, 930]]"
"mlp(64, 32)",sweep,0.002604457268584519,0.58,0.6972704714640199,0.7188940092165899,"[[475, 610], [0, 930]]"
"mlp(64, 32)",sweep,0.0026137056224979464,0.5798387096774194,0.6972704714640199,0.7188940092165899,"[[475, 610], [0, 930]]"
gnb,sweep,8.567673574049322e-37,0.5735483870967742,0.6972704714640199,0.7188940092165899,"[[475, 610], [0, 930]]"
hgb_lr0.02_leaf63,sweep,0.10783522201115625,0.585,0.6972704714640199,0.7185867895545315,"[[479, 606], [4, 926]]"
ada600,sweep,0.4992223249645108,0.5987096774193549,0.6972704714640199,0.7154377880184332,"[[520, 565], [45, 885]]"
ada600,sweep,0.4992833772012513,0.6003225806451613,0.6972704714640199,0.7151305683563748,"[[524, 561], [49, 881]]"
nusvc03,sweep,0.9999999463095808,0.5988709677419355,0.6972704714640199,0.6802611367127497,"[[978, 107], [503, 427]]"
"mlp(64, 32)",sweep,0.99988457634449,0.582258064516129,0.6972704714640199,0.6791090629800307,"[[993, 92], [518, 412]]"
gb_lr0.03_d1,sweep,0.28499112019475,0.5730645161290323,0.6967741935483871,0.7184331797235023,"[[474, 611], [0, 930]]"
hgb_lr0.04_leaf31,sweep,0.11730096512866747,0.5859677419354838,0.6967741935483871,0.7178955453149001,"[[481, 604], [7, 923]]"
ada600,sweep,0.49927877202238324,0.6001612903225807,0.6967741935483871,0.7146697388632872,"[[523, 562], [49, 881]]"
lda,sweep,0.7967821209192276,0.5983870967741935,0.6967741935483871,0.6820276497695852,"[[948, 137], [474, 456]]"
hgb_lr0.08_leaf31,sweep,0.9890595518855606,0.5730645161290323,0.6967741935483871,0.6791858678955454,"[[985, 100], [511, 419]]"
hgb_lr0.04_leaf63,sweep,0.9869635868182038,0.5624193548387096,0.6967741935483871,0.6780337941628264,"[[1000, 85], [526, 404]]"
hgb_lr0.06_leaf31,sweep,0.9762894571055903,0.5669354838709677,0.6967741935483871,0.6776497695852535,"[[1005, 80], [531, 399]]"
hgb_lr0.08_leaf63,sweep,0.9994498563939348,0.5675806451612904,0.6967741935483871,0.6771121351766514,"[[1012, 73], [538, 392]]"
gb_lr0.05_d3,sweep,0.8746156696389601,0.5532258064516129,0.6967741935483871,0.6759600614439325,"[[1027, 58], [553, 377]]"
"mlp(64,)",sweep,0.037740484334528444,0.5782258064516129,0.6962779156327543,0.7178955453149001,"[[474, 611], [1, 929]]"
ada600,sweep,0.4991623817876448,0.597741935483871,0.6962779156327543,0.7149001536098311,"[[513, 572], [40, 890]]"
ada600,sweep,0.5024451860576313,0.5846774193548387,0.6962779156327543,0.6792626728110599,"[[977, 108], [504, 426]]"
ada600,sweep,0.5024544104945029,0.5841935483870968,0.6962779156327543,0.6791090629800307,"[[979, 106], [506, 424]]"
hgb_lr0.08_leaf31,sweep,0.9901023503939407,0.5719354838709677,0.6962779156327543,0.677726574500768,"[[997, 88], [524, 406]]"
gb_lr0.05_d2,sweep,0.8358342162435655,0.5474193548387096,0.6962779156327543,0.6739631336405529,"[[1046, 39], [573, 357]]"
gb_lr0.08_d2,sweep,0.8614112647365337,0.5519354838709677,0.6962779156327543,0.6739631336405529,"[[1046, 39], [573, 357]]"
hgb_lr0.06_leaf15,sweep,0.18926430551481532,0.5991935483870968,0.6957816377171215,0.7168970814132105,"[[480, 605], [8, 922]]"
ada600,sweep,0.49917125247593735,0.5983870967741935,0.6957816377171215,0.7143625192012288,"[[513, 572], [41, 889]]"
qda001,sweep,0.9987490459155736,0.5862903225806452,0.6957816377171215,0.6940092165898617,"[[778, 307], [306, 624]]"
qda001,sweep,0.9988002026571283,0.5851612903225807,0.6957816377171215,0.6939324116743472,"[[779, 306], [307, 623]]"
hgb_lr0.04_leaf63,sweep,0.9881567740339898,0.5603225806451613,0.6957816377171215,0.6764976958525346,"[[1006, 79], [534, 396]]"
hgb_lr0.06_leaf31,sweep,0.9773405047484689,0.5664516129032258,0.6957816377171215,0.6764976958525346,"[[1006, 79], [534, 396]]"
hgb_lr0.04_leaf31,sweep,0.9539547659341895,0.5587096774193548,0.6957816377171215,0.6757296466973886,"[[1016, 69], [544, 386]]"
"mlp(128,)",sweep,0.9940144390106201,0.5785483870967741,0.6957816377171215,0.6757296466973886,"[[1016, 69], [544, 386]]"
hgb_lr0.02_leaf31,sweep,0.15970547706781535,0.5819354838709677,0.6952853598014889,0.7168970814132104,"[[473, 612], [2, 928]]"
nusvc03,sweep,0.0070061114218549604,0.5954838709677419,0.6952853598014889,0.7168970814132104,"[[473, 612], [2, 928]]"
gb_lr0.08_d2,sweep,0.24298101721547827,0.5875806451612903,0.6952853598014889,0.7154377880184332,"[[492, 593], [21, 909]]"
lda,sweep,0.8012772346735001,0.594516129032258,0.6952853598014889,0.680184331797235,"[[951, 134], [480, 450]]"
hgb_lr0.08_leaf31,sweep,0.9893249052089927,0.5725806451612904,0.6952853598014889,0.6774961597542243,"[[986, 99], [515, 415]]"
nusvc03,sweep,0.9999999613439172,0.5974193548387097,0.6952853598014889,0.6774961597542243,"[[986, 99], [515, 415]]"
hgb_lr0.04_leaf63,sweep,0.9886093535897584,0.5593548387096774,0.6952853598014889,0.6755760368663595,"[[1011, 74], [540, 390]]"
hgb_lr0.04_leaf31,sweep,0.953436400036761,0.5590322580645162,0.6952853598014889,0.6753456221198157,"[[1014, 71], [543, 387]]"
gb_lr0.05_d3,sweep,0.8758270321585667,0.5532258064516129,0.6952853598014889,0.674347158218126,"[[1027, 58], [556, 374]]"
"mlp(64,)",sweep,0.035900871455669406,0.5779032258064516,0.6947890818858561,0.7165130568356375,"[[471, 614], [1, 929]]"
hgb_lr0.08_leaf15,sweep,0.13689065184170204,0.5961290322580645,0.6947890818858561,0.7163594470046083,"[[473, 612], [3, 927]]"
gb_lr0.08_d3,sweep,0.18405749948584252,0.5840322580645161,0.6947890818858561,0.7160522273425499,"[[477, 608], [7, 923]]"
gb_lr0.05_d3,sweep,0.23685829338263623,0.5883870967741935,0.6947890818858561,0.715668202764977,"[[482, 603], [12, 918]]"
gb_lr0.08_d2,sweep,0.24564886196172403,0.5870967741935483,0.6947890818858561,0.7149001536098311,"[[492, 593], [22, 908]]"
qda001,sweep,0.9965737915627066,0.5908064516129032,0.6947890818858561,0.6950844854070661,"[[750, 335], [280, 650]]"
nusvc03,sweep,0.9999999573371345,0.5979032258064516,0.6947890818858561,0.6771121351766514,"[[984, 101], [514, 416]]"
"mlp(64,)",sweep,0.9967251078128815,0.5775806451612904,0.6947890818858561,0.6754992319508448,"[[1005, 80], [535, 395]]"
gb_lr0.08_d3,sweep,0.9077139405038478,0.5409677419354839,0.6947890818858561,0.6732718894009216,"[[1034, 51], [564, 366]]"
hgb_lr0.02_leaf63,sweep,0.10048925774296276,0.5820967741935484,0.6942928039702233,0.7158986175115207,"[[472, 613], [3, 927]]"
hgb_lr0.04_leaf63,sweep,0.028371990502018142,0.5762903225806452,0.6942928039702233,0.7158986175115207,"[[472, 613], [3, 927]]"
hgb_lr0.06_leaf31,sweep,0.05217287116516927,0.5819354838709677,0.6942928039702233,0.7158986175115207,"[[472, 613], [3, 927]]"
hgb_lr0.08_leaf15,sweep,0.13626464414398362,0.5958064516129032,0.6942928039702233,0.7158986175115207,"[[472, 613], [3, 927]]"
hgb_lr0.08_leaf63,sweep,0.0024633431701610057,0.5782258064516129,0.6942928039702233,0.7158986175115207,"[[472, 613], [3, 927]]"
ada600,sweep,0.5025137179501534,0.5830645161290322,0.6942928039702233,0.6764976958525346,"[[985, 100], [516, 414]]"
"mlp(64,)",sweep,0.996774978351593,0.5774193548387097,0.6942928039702233,0.6748079877112135,"[[1007, 78], [538, 392]]"
hgb_lr0.06_leaf63,sweep,0.9973559493563336,0.5633870967741935,0.6942928039702233,0.6745007680491552,"[[1011, 74], [542, 388]]"
hgb_lr0.08_leaf15,sweep,0.9573211887827454,0.5635483870967742,0.6942928039702233,0.6745007680491552,"[[1011, 74], [542, 388]]"
hgb_lr0.02_leaf63,sweep,0.9388632278895486,0.5601612903225807,0.6942928039702233,0.6744239631336406,"[[1012, 73], [543, 387]]"
hgb_lr0.04_leaf31,sweep,0.9572023278812081,0.5559677419354838,0.6942928039702233,0.6736559139784946,"[[1022, 63], [553, 377]]"
ada100,sweep,0.5104833956774014,0.5603225806451613,0.6942928039702233,0.6719662058371736,"[[1044, 41], [575, 355]]"
gb_lr0.08_d2,sweep,0.8636200725825023,0.5511290322580645,0.6942928039702233,0.6717357910906298,"[[1047, 38], [578, 352]]"
gb_lr0.05_d3,sweep,0.23420021060072777,0.5885483870967742,0.6937965260545905,0.7147465437788019,"[[480, 605], [12, 918]]"
ada300,sweep,0.4980583935236053,0.5880645161290322,0.6937965260545905,0.7145929339477727,"[[482, 603], [14, 916]]"
lda,sweep,0.8057045904159545,0.5924193548387097,0.6937965260545905,0.6782642089093702,"[[955, 130], [487, 443]]"
hgb_lr0.02_leaf31,sweep,0.89679049040025,0.5559677419354838,0.6937965260545905,0.6738863287250384,"[[1012, 73], [544, 386]]"
hgb_lr0.02_leaf31,sweep,0.8982229078166756,0.5562903225806451,0.6937965260545905,0.6737327188940092,"[[1014, 71], [546, 384]]"
hgb_lr0.02_leaf63,sweep,0.9393796854885024,0.5593548387096774,0.6937965260545905,0.6737327188940092,"[[1014, 71], [546, 384]]"
hgb_lr0.06_leaf15,sweep,0.9410806584734018,0.56,0.6937965260545905,0.6729646697388633,"[[1024, 61], [556, 374]]"
gb_lr0.08_d3,sweep,0.9077960363776337,0.5408064516129032,0.6937965260545905,0.6721966205837173,"[[1034, 51], [566, 364]]"
nusvc03,sweep,0.006588318107357638,0.594516129032258,0.6933002481389579,0.7150537634408602,"[[469, 616], [2, 928]]"
hgb_lr0.06_leaf63,sweep,0.010819405623151496,0.5788709677419355,0.6933002481389579,0.7149001536098311,"[[471, 614], [4, 926]]"
hgb_lr0.08_leaf31,sweep,0.03020333693540797,0.5903225806451613,0.6933002481389579,0.7149001536098311,"[[471, 614], [4, 926]]"
gb_lr0.03_d2,sweep,0.27299907603035467,0.5769354838709677,0.6933002481389579,0.7149001536098311,"[[471, 614], [4, 926]]"
ada100,sweep,0.4959233920841081,0.5780645161290323,0.6933002481389579,0.7147465437788019,"[[473, 612], [6, 924]]"
hgb_lr0.04_leaf15,sweep,0.18054860772788656,0.5882258064516129,0.6933002481389579,0.7146697388632872,"[[474, 611], [7, 923]]"
hgb_lr0.06_leaf15,sweep,0.17396532903078735,0.5958064516129032,0.6933002481389579,0.7146697388632872,"[[474, 611], [7, 923]]"
gb_lr0.05_d2,sweep,0.25153828308649084,0.5775806451612904,0.6933002481389579,0.7139016897081413,"[[484, 601], [17, 913]]"
qda001,sweep,0.9964672663552302,0.5909677419354838,0.6933002481389579,0.6937019969278033,"[[747, 338], [280, 650]]"
hgb_lr0.08_leaf31,sweep,0.9905957834402561,0.5709677419354838,0.6933002481389579,0.6741167434715822,"[[1002, 83], [535, 395]]"
ada300,sweep,0.5042169515138291,0.5683870967741935,0.6933002481389579,0.6734254992319508,"[[1011, 74], [544, 386]]"
ada100,sweep,0.5105128824005184,0.5593548387096774,0.6933002481389579,0.6708909370199693,"[[1044, 41], [577, 353]]"
gb_lr0.08_d1,sweep,0.7920515204620282,0.5608064516129032,0.6933002481389579,0.669431643625192,"[[1063, 22], [596, 334]]"
hgb_lr0.04_leaf63,sweep,0.027218923543807165,0.5764516129032258,0.6928039702233251,0.7145161290322581,"[[469, 616], [3, 927]]"
ada300,sweep,0.49802316254683204,0.5882258064516129,0.6928039702233251,0.7136712749615975,"[[480, 605], [14, 916]]"
ada600,sweep,0.49910984853629403,0.5969354838709677,0.6928039702233251,0.7117511520737327,"[[505, 580], [39, 891]]"
qda001,sweep,0.9954039042273425,0.5925806451612903,0.6928039702233251,0.6938556067588326,"[[738, 347], [272, 658]]"
qda001,sweep,0.9991795777425513,0.5838709677419355,0.6928039702233251,0.6901689708141321,"[[786, 299], [320, 610]]"
nusvc03,sweep,0.9999999693194144,0.5948387096774194,0.6928039702233251,0.6747311827956989,"[[987, 98], [521, 409]]"
hgb_lr0.08_leaf31,sweep,0.9907661257696002,0.5706451612903226,0.6928039702233251,0.6735023041474655,"[[1003, 82], [537, 393]]"
hgb_lr0.08_leaf63,sweep,0.9995125488224028,0.5667741935483871,0.6928039702233251,0.6727342549923195,"[[1013, 72], [547, 383]]"
ada300,sweep,0.5042496144157889,0.5675806451612904,0.6928039702233251,0.6727342549923195,"[[1013, 72], [547, 383]]"
hgb_lr0.02_leaf15,sweep,0.8559067977550494,0.5459677419354839,0.6928039702233251,0.6719662058371736,"[[1023, 62], [557, 373]]"
"mlp(128,)",sweep,0.9947186403274536,0.5761290322580646,0.6928039702233251,0.6719662058371736,"[[1023, 62], [557, 373]]"
hgb_lr0.08_leaf63,sweep,0.0023857090361147815,0.577741935483871,0.6923076923076923,0.7140552995391705,"[[468, 617], [3, 927]]"
hgb_lr0.04_leaf31,sweep,0.10960495651283081,0.5841935483870968,0.6923076923076923,0.7139016897081414,"[[470, 615], [5, 925]]"
gb_lr0.03_d3,sweep,0.2291008821113529,0.5774193548387097,0.6923076923076923,0.7139016897081414,"[[470, 615], [5, 925]]"
lda,sweep,0.18437059710621834,0.577258064516129,0.6923076923076923,0.7139016897081414,"[[470, 615], [5, 925]]"
hgb_lr0.02_leaf15,sweep,0.25434046388284076,0.5862903225806452,0.6923076923076923,0.7137480798771121,"[[472, 613], [7, 923]]"
qda001,sweep,0.9875165951196463,0.5974193548387097,0.6923076923076923,0.6951612903225807,"[[714, 371], [249, 681]]"
qda001,sweep,0.9951301578421937,0.5929032258064516,0.6923076923076923,0.6934715821812596,"[[736, 349], [271, 659]]"
qda001,sweep,0.9990480688678964,0.5835483870967741,0.6923076923076923,0.6898617511520737,"[[783, 302], [318, 612]]"
ada600,sweep,0.50254090745984,0.582741935483871,0.6923076923076923,0.6740399385560676,"[[989, 96], [524, 406]]"
"mlp(64, 32)",sweep,0.9999019306182861,0.5819354838709677,0.6923076923076923,0.6737327188940092,"[[993, 92], [528, 402]]"
hgb_lr0.06_leaf31,sweep,0.9787970543929579,0.5645161290322581,0.6923076923076923,0.6725806451612903,"[[1008, 77], [543, 387]]"
"mlp(128,)",sweep,0.994667980670929,0.5767741935483871,0.6923076923076923,0.6715821812596006,"[[1021, 64], [556, 374]]"
hgb_lr0.06_leaf15,sweep,0.9421196355440816,0.5603225806451613,0.6923076923076923,0.6712749615975422,"[[1025, 60], [560, 370]]"
"mlp(128,)",sweep,0.018241102942079302,0.5651612903225807,0.6918114143920595,0.7138248847926267,"[[464, 621], [0, 930]]"
hgb_lr0.06_leaf63,sweep,0.010394009843813517,0.5785483870967741,0.6918114143920595,0.7135176651305684,"[[468, 617], [4, 926]]"
hgb_lr0.08_leaf31,sweep,0.028966217110958814,0.59,0.6918114143920595,0.7135176651305684,"[[468, 617], [4, 926]]"
qda001,sweep,0.9883016526997118,0.5966129032258064,0.6918114143920595,0.6944700460829494,"[[716, 369], [252, 678]]"
qda001,sweep,0.9913810868157064,0.5975806451612903,0.6918114143920595,0.6937019969278033,"[[726, 359], [262, 668]]"
"mlp(64, 32)",sweep,0.9999073155403138,0.5824193548387097,0.6918114143920595,0.6730414746543779,"[[995, 90], [531, 399]]"
hgb_lr0.04_leaf15,sweep,0.8970343988947719,0.5609677419354838,0.6918114143920595,0.6717357910906299,"[[1012, 73], [548, 382]]"
hgb_lr0.04_leaf63,sweep,0.9892212628222652,0.5595161290322581,0.6918114143920595,0.6717357910906299,"[[1012, 73], [548, 382]]"
hgb_lr0.06_leaf63,sweep,0.9975159205972016,0.5616129032258065,0.6918114143920595,0.6717357910906299,"[[1012, 73], [548, 382]]"
"mlp(64,)",sweep,0.9971692112922669,0.575,0.6918114143920595,0.6717357910906299,"[[1012, 73], [548, 382]]"
hgb_lr0.04_leaf31,sweep,0.9588553086968536,0.5561290322580645,0.6918114143920595,0.6709677419354838,"[[1022, 63], [558, 372]]"
hgb_lr0.02_leaf63,sweep,0.09654512076869876,0.5796774193548387,0.6913151364764268,0.7131336405529954,"[[466, 619], [3, 927]]"
hgb_lr0.06_leaf15,sweep,0.16899952162123077,0.5948387096774194,0.6913151364764268,0.7129032258064516,"[[469, 616], [6, 924]]"
qda001,sweep,0.9934152932718794,0.5946774193548388,0.6913151364764268,0.6928571428571428,"[[730, 355], [267, 663]]"
lda,sweep,0.8142767694711681,0.5883870967741935,0.6913151364764268,0.6750384024577573,"[[962, 123], [499, 431]]"
hgb_lr0.04_leaf15,sweep,0.897677244214867,0.5606451612903226,0.6913151364764268,0.6711981566820276,"[[1012, 73], [549, 381]]"
hgb_lr0.06_leaf63,sweep,0.9976519688714462,0.5612903225806452,0.6913151364764268,0.6710445468509985,"[[1014, 71], [551, 379]]"
hgb_lr0.02_leaf15,sweep,0.8569971602554907,0.545483870967742,0.6913151364764268,0.6702764976958525,"[[1024, 61], [561, 369]]"
gb_lr0.03_d3,sweep,0.8466149651833998,0.5540322580645162,0.6913151364764268,0.6697388632872504,"[[1031, 54], [568, 362]]"
gb_lr0.03_d2,sweep,0.8125438331278404,0.552741935483871,0.6913151364764268,0.6682027649769585,"[[1051, 34], [588, 342]]"
gb_lr0.03_d1,sweep,0.7548079848382165,0.5562903225806451,0.6913151364764268,0.6666666666666666,"[[1071, 14], [608, 322]]"
gb_lr0.03_d3,sweep,0.22773482374005186,0.5774193548387097,0.6908188585607941,0.7125192012288787,"[[467, 618], [5, 925]]"
ada100,sweep,0.4959227786921074,0.5780645161290323,0.6908188585607941,0.712442396313364,"[[468, 617], [6, 924]]"
gb_lr0.05_d2,sweep,0.2459748044259063,0.5775806451612904,0.6908188585607941,0.7116743471582181,"[[478, 607], [16, 914]]"
ada600,sweep,0.4990577714442734,0.5964516129032258,0.6908188585607941,0.7101382488479263,"[[498, 587], [36, 894]]"
lda,sweep,0.8107868712186813,0.5906451612903226,0.6908188585607941,0.674731182795699,"[[959, 126], [497, 433]]"
hgb_lr0.06_leaf31,sweep,0.9795619662671435,0.5646774193548387,0.6908188585607941,0.6707373271889401,"[[1011, 74], [549, 381]]"
hgb_lr0.08_leaf15,sweep,0.9595789624119339,0.5625806451612904,0.6908188585607941,0.6707373271889401,"[[1011, 74], [549, 381]]"
hgb_lr0.06_leaf63,sweep,0.9979205334461573,0.5591935483870968,0.6908188585607941,0.6699692780337941,"[[1021, 64], [559, 371]]"
gb_lr0.03_d3,sweep,0.8466692592783805,0.5538709677419354,0.6908188585607941,0.6692012288786482,"[[1031, 54], [569, 361]]"
gb_lr0.08_d1,sweep,0.7937024472030032,0.5611290322580645,0.6908188585607941,0.6667434715821813,"[[1063, 22], [601, 329]]"
gb_lr0.03_d1,sweep,0.7548764560893318,0.5564516129032258,0.6908188585607941,0.6661290322580645,"[[1071, 14], [609, 321]]"
lda,sweep,0.18238083848953246,0.5761290322580646,0.6903225806451613,0.7120583717357911,"[[466, 619], [5, 925]]"
hgb_lr0.02_leaf15,sweep,0.2514776150302849,0.5856451612903226,0.6903225806451613,0.7119047619047618,"[[468, 617], [7, 923]]"
hgb_lr0.04_leaf15,sweep,0.17610192619194012,0.5874193548387097,0.6903225806451613,0.7119047619047618,"[[468, 617], [7, 923]]"
gb_lr0.08_d3,sweep,0.1761716284306207,0.5817741935483871,0.6903225806451613,0.7119047619047618,"[[468, 617], [7, 923]]"
ada600,sweep,0.49903399997109626,0.597741935483871,0.6903225806451613,0.7097542242703533,"[[496, 589], [35, 895]]"
gb_lr0.08_d2,sweep,0.8673329876956922,0.5493548387096774,0.6903225806451613,0.6672043010752688,"[[1050, 35], [589, 341]]"
gb_lr0.05_d1,sweep,0.7771337343277361,0.5587096774193548,0.6903225806451613,0.665668202764977,"[[1070, 15], [609, 321]]"
ada300,sweep,0.4979361816777143,0.5851612903225807,0.6898263027295285,0.7109831029185868,"[[473, 612], [13, 917]]"
gb_lr0.08_d2,sweep,0.23374407685792828,0.5843548387096774,0.6898263027295285,0.7105990783410138,"[[478, 607], [18, 912]]"
qda001,sweep,0.9907955620141945,0.5966129032258064,0.6898263027295285,0.6919354838709677,"[[721, 364], [261, 669]]"
qda001,sweep,0.999356415383308,0.5835483870967741,0.6898263027295285,0.6864055299539171,"[[793, 292], [333, 597]]"
"mlp(64, 32)",sweep,0.9999212876796723,0.5808064516129032,0.6898263027295285,0.6705069124423964,"[[1000, 85], [540, 390]]"
hgb_lr0.06_leaf63,sweep,0.9979605715250889,0.5591935483870968,0.6898263027295285,0.6688940092165898,"[[1021, 64], [561, 369]]"
hgb_lr0.06_leaf15,sweep,0.9459089855983369,0.5580645161290323,0.6898263027295285,0.6682027649769585,"[[1030, 55], [570, 360]]"
gb_lr0.05_d3,sweep,0.8786529320931239,0.5541935483870968,0.6898263027295285,0.6682027649769585,"[[1030, 55], [570, 360]]"
gb_lr0.05_d1,sweep,0.7779830021372174,0.557741935483871,0.6898263027295285,0.6651305683563749,"[[1070, 15], [610, 320]]"
hgb_lr0.04_leaf31,sweep,0.10258316565915031,0.5835483870967741,0.6893300248138958,0.7112903225806452,"[[462, 623], [3, 927]]"
qda001,sweep,0.9834737168703886,0.5988709677419355,0.6893300248138958,0.6927803379416283,"[[703, 382], [244, 686]]"
qda001,sweep,0.9994739853557548,0.5824193548387097,0.6893300248138958,0.6853302611367127,"[[800, 285], [341, 589]]"
qda001,sweep,0.9997723716265626,0.579516129032258,0.6893300248138958,0.6836405529953917,"[[822, 263], [363, 567]]"
qda001,sweep,0.9997827990939059,0.5796774193548387,0.6893300248138958,0.6835637480798771,"[[823, 262], [364, 566]]"
ada600,sweep,0.5025609646701088,0.5824193548387097,0.6893300248138958,0.6707373271889401,"[[990, 95], [531, 399]]"
nusvc03,sweep,0.9999999790969437,0.5933870967741935,0.6893300248138958,0.6707373271889401,"[[990, 95], [531, 399]]"
hgb_lr0.08_leaf63,sweep,0.999539168954402,0.5664516129032258,0.6893300248138958,0.6689708141321045,"[[1013, 72], [554, 376]]"
"mlp(64,)",sweep,0.9973048892259597,0.5733870967741935,0.6893300248138958,0.6688940092165898,"[[1014, 71], [555, 375]]"
ada300,sweep,0.5043923695136376,0.5662903225806452,0.6893300248138958,0.6685099846390169,"[[1019, 66], [560, 370]]"
"mlp(128,)",sweep,0.9954843119859695,0.5714516129032258,0.6893300248138958,0.667741935483871,"[[1029, 56], [570, 360]]"
hgb_lr0.06_leaf15,sweep,0.9462754732480543,0.5575806451612904,0.6893300248138958,0.6676651305683564,"[[1030, 55], [571, 359]]"
gb_lr0.08_d3,sweep,0.9119994675674649,0.540483870967742,0.6893300248138958,0.6669738863287251,"[[1039, 46], [580, 350]]"
hgb_lr0.06_leaf31,sweep,0.04886434371907254,0.5816129032258065,0.688833746898263,0.7108294930875576,"[[461, 624], [3, 927]]"
gb_lr0.05_d3,sweep,0.21522448660545132,0.5858064516129032,0.688833746898263,0.7102150537634409,"[[469, 616], [11, 919]]"
gb_lr0.08_d2,sweep,0.23318836619574312,0.584516129032258,0.688833746898263,0.7096774193548387,"[[476, 609], [18, 912]]"
qda001,sweep,0.7699501052861915,0.5982258064516129,0.688833746898263,0.698310291858679,"[[624, 461], [166, 764]]"
qda001,sweep,0.8789356338565169,0.5974193548387097,0.688833746898263,0.6969278033794163,"[[642, 443], [184, 746]]"
qda001,sweep,0.8842532956418973,0.5975806451612903,0.688833746898263,0.6967741935483871,"[[644, 441], [186, 744]]"
qda001,sweep,0.9835406811518629,0.5988709677419355,0.688833746898263,0.6922427035330261,"[[703, 382], [245, 685]]"
qda001,sweep,0.9992982326170443,0.5843548387096774,0.688833746898263,0.6856374807987711,"[[789, 296], [331, 599]]"
ada600,sweep,0.5026347592838812,0.5830645161290322,0.688833746898263,0.6695084485407066,"[[999, 86], [541, 389]]"
hgb_lr0.08_leaf31,sweep,0.9918787292470356,0.5687096774193549,0.688833746898263,0.6688172043010753,"[[1008, 77], [550, 380]]"
hgb_lr0.08_leaf15,sweep,0.960775161760613,0.5617741935483871,0.688833746898263,0.6685099846390169,"[[1012, 73], [554, 376]]"
ada300,sweep,0.5043994438629117,0.5662903225806452,0.688833746898263,0.6679723502304148,"[[1019, 66], [561, 369]]"
hgb_lr0.02_leaf15,sweep,0.860935359712562,0.545,0.688833746898263,0.6672043010752688,"[[1029, 56], [571, 359]]"
"mlp(128,)",sweep,0.9954878346920013,0.5714516129032258,0.688833746898263,0.6672043010752688,"[[1029, 56], [571, 359]]"
gb_lr0.08_d1,sweep,0.2898437090979102,0.5769354838709677,0.6883374689826303,0.7105990783410139,"[[457, 628], [0, 930]]"
hgb_lr0.06_leaf15,sweep,0.1616873439775811,0.5914516129032258,0.6883374689826303,0.7102150537634409,"[[462, 623], [5, 925]]"
qda001,sweep,0.9550434414849672,0.5946774193548388,0.6883374689826303,0.6940092165898617,"[[673, 412], [216, 714]]"
qda001,sweep,0.9688334451314622,0.5959677419354839,0.6883374689826303,0.6932411674347159,"[[683, 402], [226, 704]]"
qda001,sweep,0.968973625525904,0.5959677419354839,0.6883374689826303,0.6932411674347159,"[[683, 402], [226, 704]]"
qda001,sweep,0.9996799108744738,0.5824193548387097,0.6883374689826303,0.683410138248848,"[[811, 274], [354, 576]]"
qda001,sweep,0.999847623162949,0.5796774193548387,0.6883374689826303,0.6820276497695852,"[[829, 256], [372, 558]]"
qda001,sweep,0.9998611153698203,0.58,0.6883374689826303,0.6818740399385561,"[[831, 254], [374, 556]]"
qda001,sweep,0.9998921299875732,0.5811290322580646,0.6883374689826303,0.681336405529954,"[[838, 247], [381, 549]]"
qda001,sweep,0.9999058451079544,0.5796774193548387,0.6883374689826303,0.68110599078341,"[[841, 244], [384, 546]]"
lda,sweep,0.8190815307140351,0.585,0.6883374689826303,0.671505376344086,"[[966, 119], [509, 421]]"
nusvc03,sweep,0.9999999803852972,0.5935483870967742,0.6883374689826303,0.669431643625192,"[[993, 92], [536, 394]]"
ada600,sweep,0.5026522919283961,0.5835483870967741,0.6883374689826303,0.6688940092165898,"[[1000, 85], [543, 387]]"
hgb_lr0.06_leaf31,sweep,0.9811246139679753,0.5638709677419355,0.6883374689826303,0.6675883256528418,"[[1017, 68], [560, 370]]"
gb_lr0.03_d2,sweep,0.2665347144077452,0.5741935483870968,0.6878411910669975,0.7098310291858679,"[[460, 625], [4, 926]]"
gb_lr0.08_d3,sweep,0.16838443238441353,0.5803225806451613,0.6878411910669975,0.7096774193548387,"[[462, 623], [6, 924]]"
ada600,sweep,0.4989599661942635,0.5966129032258064,0.6878411910669975,0.7076804915514593,"[[488, 597], [32, 898]]"
qda001,sweep,0.801518144573382,0.5980645161290322,0.6878411910669975,0.6969278033794163,"[[628, 457], [172, 758]]"
qda001,sweep,0.9092123604043112,0.5958064516129032,0.6878411910669975,0.6950844854070661,"[[652, 433], [196, 734]]"
qda001,sweep,0.9110314726212174,0.5954838709677419,0.6878411910669975,0.6950076804915515,"[[653, 432], [197, 733]]"
qda001,sweep,0.9296926734485329,0.5979032258064516,0.6878411910669975,0.6943164362519201,"[[662, 423], [206, 724]]"
qda001,sweep,0.9442671749578766,0.5958064516129032,0.6878411910669975,0.6939324116743472,"[[667, 418], [211, 719]]"
qda001,sweep,0.9596163794975765,0.5946774193548388,0.6878411910669975,0.6933179723502304,"[[675, 410], [219, 711]]"
qda001,sweep,0.9995339290294306,0.5817741935483871,0.6878411910669975,0.6836405529953917,"[[801, 284], [345, 585]]"
qda001,sweep,0.999712160201843,0.5814516129032258,0.6878411910669975,0.6824884792626729,"[[816, 269], [360, 570]]"
"mlp(64, 32)",sweep,0.9999301802396774,0.5809677419354838,0.6878411910669975,0.6681259600614439,"[[1003, 82], [547, 383]]"
hgb_lr0.08_leaf31,sweep,0.9919177357331336,0.5687096774193549,0.6878411910669975,0.667741935483871,"[[1008, 77], [552, 378]]"
hgb_lr0.02_leaf31,sweep,0.9015189311910538,0.5553225806451613,0.6878411910669975,0.666973886328725,"[[1018, 67], [562, 368]]"
hgb_lr0.02_leaf63,sweep,0.9428172646315275,0.5575806451612904,0.6878411910669975,0.666973886328725,"[[1018, 67], [562, 368]]"
hgb_lr0.02_leaf15,sweep,0.8633165458443097,0.5453225806451613,0.6878411910669975,0.6658986175115207,"[[1032, 53], [576, 354]]"
gb_lr0.05_d2,sweep,0.8394759357487965,0.5475806451612903,0.6878411910669975,0.6647465437788018,"[[1047, 38], [591, 339]]"
gb_lr0.05_d1,sweep,0.294140330650541,0.5759677419354838,0.6873449131513648,0.7096774193548387,"[[455, 630], [0, 930]]"
gb_lr0.08_d1,sweep,0.28910743501200636,0.5767741935483871,0.6873449131513648,0.7096774193548387,"[[455, 630], [0, 930]]"
"mlp(128,)",sweep,0.016167263433337214,0.5651612903225807,0.6873449131513648,0.7096774193548387,"[[455, 630], [0, 930]]"
"mlp(64, 32)",sweep,0.002016070861741901,0.5787096774193549,0.6873449131513648,0.7096774193548387,"[[455, 630], [0, 930]]"
gnb,sweep,1.1118693119441085e-38,0.5740322580645161,0.6873449131513648,0.7096774193548387,"[[455, 630], [0, 930]]"
"mlp(64,)",sweep,0.029794498193264005,0.574516129032258,0.6873449131513648,0.7096006144393241,"[[456, 629], [1, 929]]"
qda001,sweep,0.439880358753024,0.6,0.6873449131513648,0.699615975422427,"[[586, 499], [131, 799]]"
qda001,sweep,0.8378561052337393,0.5979032258064516,0.6873449131513648,0.6959293394777266,"[[634, 451], [179, 751]]"
qda001,sweep,0.9304716797810372,0.597741935483871,0.6873449131513648,0.693778801843318,"[[662, 423], [207, 723]]"
qda001,sweep,0.9757233623775631,0.5974193548387097,0.6873449131513648,0.6914746543778801,"[[692, 393], [237, 693]]"
qda001,sweep,0.977704980170011,0.5983870967741935,0.6873449131513648,0.691321044546851,"[[694, 391], [239, 691]]"
qda001,sweep,0.9996089852816693,0.5809677419354838,0.6873449131513648,0.6829493087557603,"[[803, 282], [348, 582]]"
lda,sweep,0.8214842123985291,0.5840322580645161,0.6873449131513648,0.6702764976958525,"[[968, 117], [513, 417]]"
hgb_lr0.04_leaf63,sweep,0.9901584782326587,0.5591935483870968,0.6873449131513648,0.6667434715821813,"[[1014, 71], [559, 371]]"
hgb_lr0.02_leaf31,sweep,0.9014100456309831,0.555483870967742,0.6873449131513648,0.6665130568356374,"[[1017, 68], [562, 368]]"
gb_lr0.05_d3,sweep,0.8825056205532824,0.552741935483871,0.6873449131513648,0.6651305683563749,"[[1035, 50], [580, 350]]"
gb_lr0.05_d2,sweep,0.8397581803313348,0.547741935483871,0.6873449131513648,0.6642089093701997,"[[1047, 38], [592, 338]]"
gb_lr0.08_d2,sweep,0.8695991412591395,0.5488709677419354,0.6873449131513648,0.6639016897081413,"[[1051, 34], [596, 334]]"
"mlp(64, 32)",sweep,0.001954110040515661,0.5780645161290323,0.686848635235732,0.7092165898617512,"[[454, 631], [0, 930]]"
nusvc03,sweep,0.004752917363529046,0.5914516129032258,0.686848635235732,0.7091397849462365,"[[455, 630], [1, 929]]"
hgb_lr0.02_leaf31,sweep,0.14687648864543557,0.58,0.686848635235732,0.709062980030722,"[[456, 629], [2, 928]]"
hgb_lr0.08_leaf15,sweep,0.12196145135825137,0.5937096774193549,0.686848635235732,0.7089861751152073,"[[457, 628], [3, 927]]"
hgb_lr0.02_leaf15,sweep,0.24466181525732475,0.5812903225806452,0.686848635235732,0.7087557603686636,"[[460, 625], [6, 924]]"
qda001,sweep,0.8322158553895045,0.5974193548387097,0.686848635235732,0.6955453149001536,"[[632, 453], [178, 752]]"
hgb_lr0.06_leaf31,sweep,0.9814511894457995,0.5630645161290323,0.686848635235732,0.6659754224270353,"[[1017, 68], [563, 367]]"
"mlp(64,)",sweep,0.9975461671352387,0.5704838709677419,0.686848635235732,0.6659754224270353,"[[1017, 68], [563, 367]]"
hgb_lr0.02_leaf63,sweep,0.9433017584910784,0.5570967741935484,0.686848635235732,0.6658986175115207,"[[1018, 67], [564, 366]]"
hgb_lr0.04_leaf31,sweep,0.9614153860607564,0.5541935483870968,0.686848635235732,0.6654377880184332,"[[1024, 61], [570, 360]]"
gb_lr0.08_d3,sweep,0.914980957031983,0.5408064516129032,0.686848635235732,0.6641321044546851,"[[1041, 44], [587, 343]]"
gb_lr0.03_d2,sweep,0.814846031947315,0.5524193548387096,0.686848635235732,0.6632872503840246,"[[1052, 33], [598, 332]]"
"mlp(64,)",sweep,0.028214365032315256,0.572741935483871,0.6863523573200992,0.708678955453149,"[[454, 631], [1, 929]]"
nusvc03,sweep,0.004711334960217496,0.5914516129032258,0.6863523573200992,0.708678955453149,"[[454, 631], [1, 929]]"
ada300,sweep,0.4978336119576119,0.5837096774193549,0.6863523573200992,0.7079109062980031,"[[464, 621], [11, 919]]"
ada600,sweep,0.49889574805963854,0.5962903225806452,0.6863523573200992,0.7065284178187404,"[[482, 603], [29, 901]]"
qda001,sweep,0.4183396602691629,0.6008064516129032,0.6863523573200992,0.6988479262672811,"[[582, 503], [129, 801]]"
qda001,sweep,0.6198506596921634,0.6,0.6863523573200992,0.6973118279569892,"[[602, 483], [149, 781]]"
qda001,sweep,0.7413543752671932,0.5988709677419355,0.6863523573200992,0.6961597542242703,"[[617, 468], [164, 766]]"
ada100,sweep,0.5107821952020297,0.5604838709677419,0.6863523573200992,0.6632104454685099,"[[1046, 39], [593, 337]]"
gb_lr0.05_d3,sweep,0.2084145918983702,0.5853225806451613,0.6858560794044665,0.7074500768049155,"[[463, 622], [11, 919]]"
gb_lr0.05_d2,sweep,0.23502448855398433,0.5767741935483871,0.6858560794044665,0.7073732718894009,"[[464, 621], [12, 918]]"
ada600,sweep,0.49891684047325396,0.5951612903225807,0.6858560794044665,0.7059139784946237,"[[483, 602], [31, 899]]"
qda001,sweep,0.35732615247705923,0.6003225806451613,0.6858560794044665,0.6986943164362519,"[[577, 508], [125, 805]]"
"mlp(64, 32)",sweep,0.9999361375808716,0.5809677419354838,0.6858560794044665,0.6657450076804916,"[[1006, 79], [554, 376]]"
hgb_lr0.08_leaf63,sweep,0.9995995808532356,0.5640322580645162,0.6858560794044665,0.6649769585253456,"[[1016, 69], [564, 366]]"
hgb_lr0.02_leaf31,sweep,0.14474554546194576,0.5790322580645161,0.6853598014888338,0.7076804915514593,"[[453, 632], [2, 928]]"
ada100,sweep,0.4955521092175291,0.5753225806451613,0.6853598014888338,0.7074500768049155,"[[456, 629], [5, 925]]"
gb_lr0.05_d2,sweep,0.23423248857075585,0.5766129032258065,0.6853598014888338,0.7069124423963133,"[[463, 622], [12, 918]]"
qda001,sweep,0.5980204930672305,0.5996774193548388,0.6853598014888338,0.6965437788018434,"[[598, 487], [147, 783]]"
qda001,sweep,0.6745520440061274,0.6011290322580645,0.6853598014888338,0.6956221198156682,"[[610, 475], [159, 771]]"
qda001,sweep,0.6950224034023931,0.6011290322580645,0.6853598014888338,0.6955453149001536,"[[611, 474], [160, 770]]"
"mlp(64,)",sweep,0.997659870839119,0.5693548387096774,0.6853598014888338,0.6642089093701997,"[[1019, 66], [568, 362]]"
gb_lr0.05_d3,sweep,0.8834974558253964,0.552741935483871,0.6853598014888338,0.6629800307219662,"[[1035, 50], [584, 346]]"
hgb_lr0.04_leaf15,sweep,0.1672402787992256,0.5854838709677419,0.684863523573201,0.706989247311828,"[[455, 630], [5, 925]]"
nusvc03,sweep,0.9999999844657923,0.5920967741935483,0.684863523573201,0.6655145929339478,"[[995, 90], [545, 385]]"
"mlp(64, 32)",sweep,0.9999459981918335,0.5793548387096774,0.684863523573201,0.6642089093701997,"[[1012, 73], [562, 368]]"
hgb_lr0.08_leaf15,sweep,0.9635761343642014,0.5593548387096774,0.684863523573201,0.6639784946236559,"[[1015, 70], [565, 365]]"
hgb_lr0.08_leaf15,sweep,0.963900717359543,0.5593548387096774,0.684863523573201,0.6638248847926267,"[[1017, 68], [567, 363]]"
ada300,sweep,0.5045125062496721,0.5632258064516129,0.684863523573201,0.6632104454685099,"[[1025, 60], [575, 355]]"
gb_lr0.03_d1,sweep,0.2767499846366554,0.572258064516129,0.6843672456575682,0.7069124423963133,"[[449, 636], [0, 930]]"
hgb_lr0.02_leaf63,sweep,0.08906674517459169,0.5779032258064516,0.6843672456575682,0.7066820276497696,"[[452, 633], [3, 927]]"
hgb_lr0.04_leaf31,sweep,0.0939574977156787,0.58,0.6843672456575682,0.7066820276497696,"[[452, 633], [3, 927]]"
hgb_lr0.04_leaf63,sweep,0.023122800049482035,0.5725806451612904,0.6843672456575682,0.7066820276497696,"[[452, 633], [3, 927]]"
hgb_lr0.06_leaf31,sweep,0.04377566268629168,0.5808064516129032,0.6843672456575682,0.7066820276497696,"[[452, 633], [3, 927]]"
hgb_lr0.06_leaf63,sweep,0.008586045770958214,0.5751612903225807,0.6843672456575682,0.7066820276497696,"[[452, 633], [3, 927]]"
hgb_lr0.08_leaf15,sweep,0.11963011811443099,0.5922580645161291,0.6843672456575682,0.7066820276497696,"[[452, 633], [3, 927]]"
hgb_lr0.08_leaf63,sweep,0.0018181469400738628,0.575,0.6843672456575682,0.7066820276497696,"[[452, 633], [3, 927]]"
gb_lr0.03_d3,sweep,0.21920354694960947,0.5766129032258065,0.6843672456575682,0.7066820276497696,"[[452, 633], [3, 927]]"
ada600,sweep,0.49882924421439295,0.5937096774193549,0.6843672456575682,0.704915514592934,"[[475, 610], [26, 904]]"
qda001,default_predict,,,0.6843672456575682,0.6961597542242703,"[[589, 496], [140, 790]]"
qda001,sweep,0.5,0.5998387096774194,0.6843672456575682,0.6961597542242703,"[[589, 496], [140, 790]]"
ada300,sweep,0.5045520691747382,0.5629032258064516,0.6843672456575682,0.6625192012288786,"[[1027, 58], [578, 352]]"
gb_lr0.03_d2,sweep,0.8160935355679839,0.5516129032258065,0.6843672456575682,0.6604454685099846,"[[1054, 31], [605, 325]]"
gb_lr0.08_d1,sweep,0.796090337596847,0.5596774193548387,0.6843672456575682,0.6596774193548387,"[[1064, 21], [615, 315]]"
qda001,sweep,0.29934532581924234,0.5996774193548388,0.6838709677419355,0.6970814132104455,"[[570, 515], [122, 808]]"
qda001,sweep,0.2995214644828523,0.599516129032258,0.6838709677419355,0.6970814132104455,"[[570, 515], [122, 808]]"
qda001,sweep,0.9999292549299871,0.5783870967741935,0.6838709677419355,0.6758832565284179,"[[846, 239], [398, 532]]"
ada600,sweep,0.502730918247139,0.5820967741935484,0.6838709677419355,0.6637480798771122,"[[1004, 81], [556, 374]]"
hgb_lr0.08_leaf31,sweep,0.992761713334213,0.5656451612903226,0.6838709677419355,0.6632872503840246,"[[1010, 75], [562, 368]]"
hgb_lr0.04_leaf15,sweep,0.9027234389069775,0.5596774193548387,0.6838709677419355,0.6629800307219662,"[[1014, 71], [566, 364]]"
hgb_lr0.04_leaf15,sweep,0.9029332839623847,0.5596774193548387,0.6838709677419355,0.6629800307219662,"[[1014, 71], [566, 364]]"
hgb_lr0.04_leaf63,sweep,0.990629940516256,0.5575806451612904,0.6838709677419355,0.6629800307219662,"[[1014, 71], [566, 364]]"
hgb_lr0.04_leaf31,sweep,0.9622326295480894,0.5556451612903226,0.6838709677419355,0.6622119815668203,"[[1024, 61], [576, 354]]"
hgb_lr0.06_leaf63,sweep,0.998193219932818,0.5562903225806451,0.6838709677419355,0.6622119815668203,"[[1024, 61], [576, 354]]"
hgb_lr0.02_leaf15,sweep,0.8686060684737601,0.5446774193548387,0.6838709677419355,0.6612903225806451,"[[1036, 49], [588, 342]]"
gb_lr0.05_d1,sweep,0.7819012707672595,0.5567741935483871,0.6838709677419355,0.6584485407066052,"[[1073, 12], [625, 305]]"
hgb_lr0.08_leaf31,sweep,0.024825778477196303,0.5864516129032258,0.6833746898263028,0.7056835637480798,"[[451, 634], [4, 926]]"
gb_lr0.03_d2,sweep,0.26053883308644377,0.5738709677419355,0.6833746898263028,0.7056835637480798,"[[451, 634], [4, 926]]"
gb_lr0.08_d3,sweep,0.1550724578311012,0.5774193548387097,0.6833746898263028,0.7056835637480798,"[[451, 634], [4, 926]]"
lda,sweep,0.17404324917793274,0.5720967741935484,0.6833746898263028,0.7056835637480798,"[[451, 634], [4, 926]]"
ada300,sweep,0.4977751619599666,0.5820967741935484,0.6833746898263028,0.7052227342549924,"[[457, 628], [10, 920]]"
qda001,sweep,0.5251905536533612,0.6004838709677419,0.6833746898263028,0.695084485407066,"[[589, 496], [142, 788]]"
qda001,sweep,0.5257914636792436,0.6003225806451613,0.6833746898263028,0.695084485407066,"[[589, 496], [142, 788]]"
qda001,sweep,0.9999257154933493,0.5783870967741935,0.6833746898263028,0.6754224270353302,"[[845, 240], [398, 532]]"
ada600,sweep,0.5027504292417373,0.5812903225806452,0.6833746898263028,0.6631336405529954,"[[1005, 80], [558, 372]]"
hgb_lr0.08_leaf63,sweep,0.9996128641069361,0.562741935483871,0.6833746898263028,0.6622887864823348,"[[1016, 69], [569, 361]]"
hgb_lr0.06_leaf31,sweep,0.9829523735694937,0.5620967741935484,0.6833746898263028,0.6618279569892473,"[[1022, 63], [575, 355]]"
hgb_lr0.06_leaf63,sweep,0.9982599267637874,0.555,0.6833746898263028,0.6615975422427035,"[[1025, 60], [578, 352]]"
hgb_lr0.02_leaf15,sweep,0.8662608937880982,0.545,0.6833746898263028,0.6609831029185869,"[[1033, 52], [586, 344]]"
hgb_lr0.06_leaf15,sweep,0.9490944096186862,0.5570967741935484,0.6833746898263028,0.6609831029185869,"[[1033, 52], [586, 344]]"
gb_lr0.03_d3,sweep,0.8503583483441901,0.5516129032258065,0.6833746898263028,0.6609831029185869,"[[1033, 52], [586, 344]]"
gb_lr0.05_d1,sweep,0.2855161948907485,0.5746774193548387,0.68287841191067,0.7055299539170508,"[[446, 639], [0, 930]]"
nusvc03,sweep,0.9999999873404285,0.5911290322580646,0.68287841191067,0.6630568356374809,"[[999, 86], [553, 377]]"
"mlp(64, 32)",sweep,0.9999505895614624,0.5793548387096774,0.68287841191067,0.6619815668202765,"[[1013, 72], [567, 363]]"
gb_lr0.03_d1,sweep,0.7592610356770111,0.5556451612903226,0.68287841191067,0.6574500768049155,"[[1072, 13], [626, 304]]"
"mlp(128,)",sweep,0.014370402205362915,0.5625806451612904,0.6823821339950372,0.7050691244239631,"[[445, 640], [0, 930]]"
hgb_lr0.08_leaf63,sweep,0.0015787614521999955,0.5738709677419355,0.6823821339950372,0.7048387096774194,"[[448, 637], [3, 927]]"
hgb_lr0.02_leaf15,sweep,0.23390151143525956,0.5782258064516129,0.6823821339950372,0.7046850998463902,"[[450, 635], [5, 925]]"
hgb_lr0.04_leaf15,sweep,0.1630649906870275,0.5858064516129032,0.6823821339950372,0.7046850998463902,"[[450, 635], [5, 925]]"
hgb_lr0.06_leaf15,sweep,0.15033979146577164,0.5891935483870968,0.6823821339950372,0.7046850998463902,"[[450, 635], [5, 925]]"
ada100,sweep,0.495284896222406,0.5696774193548387,0.6823821339950372,0.7046850998463902,"[[450, 635], [5, 925]]"
ada100,sweep,0.4953128167913267,0.569516129032258,0.6823821339950372,0.7046850998463902,"[[450, 635], [5, 925]]"
"mlp(128,)",sweep,0.9958198200702667,0.57,0.6823821339950372,0.6599846390168971,"[[1032, 53], [587, 343]]"
gb_lr0.08_d3,sweep,0.9163791642986489,0.5412903225806451,0.6823821339950372,0.6592165898617511,"[[1042, 43], [597, 333]]"
ada100,sweep,0.5109149458439326,0.5604838709677419,0.6823821339950372,0.6588325652841782,"[[1047, 38], [602, 328]]"
gb_lr0.08_d2,sweep,0.872326685991964,0.5475806451612903,0.6823821339950372,0.6584485407066052,"[[1052, 33], [607, 323]]"
gb_lr0.03_d1,sweep,0.7596317924071263,0.5553225806451613,0.6823821339950372,0.6569124423963133,"[[1072, 13], [627, 303]]"
hgb_lr0.04_leaf31,sweep,0.08965339352600409,0.579516129032258,0.6818858560794044,0.7043778801843318,"[[447, 638], [3, 927]]"
hgb_lr0.06_leaf31,sweep,0.041852513261726405,0.5801612903225807,0.6818858560794044,0.7043778801843318,"[[447, 638], [3, 927]]"
ada600,sweep,0.4987989463111795,0.5933870967741935,0.6818858560794044,0.7026881720430107,"[[469, 616], [25, 905]]"
qda001,sweep,0.211302382125407,0.5998387096774194,0.6818858560794044,0.695852534562212,"[[558, 527], [114, 816]]"
qda001,sweep,0.9999496097253476,0.5814516129032258,0.6818858560794044,0.6733486943164362,"[[851, 234], [407, 523]]"
qda001,sweep,0.9999540301967982,0.5806451612903226,0.6818858560794044,0.6731182795698925,"[[854, 231], [410, 520]]"
nusvc03,sweep,0.999999988710393,0.5912903225806452,0.6818858560794044,0.6617511520737327,"[[1002, 83], [558, 372]]"
hgb_lr0.02_leaf31,sweep,0.9052474578152568,0.5541935483870968,0.6818858560794044,0.6602150537634408,"[[1022, 63], [578, 352]]"
hgb_lr0.06_leaf31,sweep,0.983687845361668,0.5612903225806452,0.6818858560794044,0.6602150537634408,"[[1022, 63], [578, 352]]"
hgb_lr0.02_leaf15,sweep,0.23122241966391718,0.5775806451612904,0.6813895781637717,0.7038402457757297,"[[447, 638], [4, 926]]"
gb_lr0.08_d2,sweep,0.22009933993558498,0.582258064516129,0.6813895781637717,0.7029953917050691,"[[458, 627], [15, 915]]"
gb_lr0.08_d2,sweep,0.22051793544002107,0.582258064516129,0.6813895781637717,0.7029185867895545,"[[459, 626], [16, 914]]"
ada300,sweep,0.5046514116342183,0.5624193548387096,0.6813895781637717,0.6589861751152074,"[[1031, 54], [588, 342]]"
gb_lr0.08_d1,sweep,0.276037923077625,0.574516129032258,0.680893300248139,0.7036866359447005,"[[442, 643], [0, 930]]"
gb_lr0.08_d3,sweep,0.15326846655934728,0.5766129032258065,0.680893300248139,0.7033794162826421,"[[446, 639], [4, 926]]"
ada100,sweep,0.4950453759438748,0.5669354838709677,0.680893300248139,0.7033794162826421,"[[446, 639], [4, 926]]"
qda001,sweep,0.22457657467183056,0.5996774193548388,0.680893300248139,0.6947772657450076,"[[558, 527], [116, 814]]"
ada600,sweep,0.5028417690494148,0.5790322580645161,0.680893300248139,0.6599846390168971,"[[1011, 74], [569, 361]]"
hgb_lr0.02_leaf63,sweep,0.9459808741150867,0.557741935483871,0.680893300248139,0.6592165898617511,"[[1021, 64], [579, 351]]"
hgb_lr0.04_leaf63,sweep,0.9914365746020016,0.5559677419354838,0.680893300248139,0.6592165898617511,"[[1021, 64], [579, 351]]"
hgb_lr0.08_leaf15,sweep,0.9664642314469785,0.5598387096774193,0.680893300248139,0.6592165898617511,"[[1021, 64], [579, 351]]"
"mlp(64,)",sweep,0.9978828399181366,0.5674193548387096,0.680893300248139,0.6592165898617511,"[[1021, 64], [579, 351]]"
hgb_lr0.08_leaf15,sweep,0.9669185966837778,0.5595161290322581,0.680893300248139,0.659062980030722,"[[1023, 62], [581, 349]]"
hgb_lr0.04_leaf63,sweep,0.02109811110712385,0.5712903225806452,0.6803970223325062,0.7030721966205837,"[[443, 642], [2, 928]]"
hgb_lr0.02_leaf63,sweep,0.08340831166154206,0.5770967741935484,0.6803970223325062,0.7029953917050691,"[[444, 641], [3, 927]]"
lda,sweep,0.1698269241273403,0.5704838709677419,0.6803970223325062,0.7029953917050691,"[[444, 641], [3, 927]]"
gb_lr0.05_d2,sweep,0.22107729933739734,0.5740322580645161,0.6803970223325062,0.7026881720430107,"[[448, 637], [7, 923]]"
lda,sweep,0.8257227939367294,0.5830645161290322,0.6803970223325062,0.6625192012288786,"[[971, 114], [530, 400]]"
ada600,sweep,0.5028469371718951,0.5788709677419355,0.6803970223325062,0.659447004608295,"[[1011, 74], [570, 360]]"
"mlp(64, 32)",sweep,0.9999609270095825,0.5766129032258065,0.6803970223325062,0.6587557603686636,"[[1020, 65], [579, 351]]"
gb_lr0.05_d3,sweep,0.8885686142709123,0.5512903225806451,0.6803970223325062,0.6572196620583717,"[[1040, 45], [599, 331]]"
gb_lr0.08_d1,sweep,0.7998211392322747,0.557741935483871,0.6803970223325062,0.6552995391705069,"[[1065, 20], [624, 306]]"
gb_lr0.05_d1,sweep,0.7832716275478241,0.5558064516129032,0.6803970223325062,0.6546082949308756,"[[1074, 11], [633, 297]]"
gb_lr0.03_d3,sweep,0.20991438659788667,0.5751612903225807,0.6799007444168734,0.7025345622119816,"[[443, 642], [3, 927]]"
qda001,sweep,0.06915047039337069,0.5959677419354839,0.6799007444168734,0.6960061443932412,"[[528, 557], [88, 842]]"
qda001,sweep,0.9999645072017088,0.5804838709677419,0.6799007444168734,0.6705069124423964,"[[860, 225], [420, 510]]"
qda001,sweep,0.9999666651306691,0.5804838709677419,0.6799007444168734,0.6703533026113672,"[[862, 223], [422, 508]]"
lda,sweep,0.8256513907551766,0.5832258064516129,0.6799007444168734,0.6620583717357911,"[[970, 115], [530, 400]]"
hgb_lr0.08_leaf31,sweep,0.9933049606727004,0.565,0.6799007444168734,0.6589861751152073,"[[1010, 75], [570, 360]]"
"mlp(64, 32)",sweep,0.9999600359201432,0.577258064516129,0.6799007444168734,0.6582949308755761,"[[1019, 66], [579, 351]]"
hgb_lr0.06_leaf31,sweep,0.9845191711896736,0.5612903225806452,0.6799007444168734,0.6579877112135176,"[[1023, 62], [583, 347]]"
gb_lr0.05_d3,sweep,0.8882025636139207,0.5514516129032258,0.6799007444168734,0.6567588325652842,"[[1039, 46], [599, 331]]"
hgb_lr0.08_leaf31,sweep,0.023079983568779903,0.5866129032258065,0.6794044665012406,0.7019969278033794,"[[443, 642], [4, 926]]"
gb_lr0.05_d3,sweep,0.1954161506880206,0.5824193548387097,0.6794044665012406,0.7016129032258065,"[[448, 637], [9, 921]]"
ada600,sweep,0.4987562939839674,0.5924193548387097,0.6794044665012406,0.7004608294930876,"[[463, 622], [24, 906]]"
qda001,sweep,0.06384146777449112,0.5954838709677419,0.6794044665012406,0.6956221198156682,"[[526, 559], [87, 843]]"
"mlp(64,)",sweep,0.9980363547325134,0.5661290322580645,0.6794044665012406,0.6572196620583718,"[[1026, 59], [587, 343]]"
"mlp(64,)",sweep,0.9981176231861114,0.5654838709677419,0.6794044665012406,0.656989247311828,"[[1029, 56], [590, 340]]"
hgb_lr0.06_leaf15,sweep,0.9503666504745576,0.5562903225806451,0.6794044665012406,0.6566820276497696,"[[1033, 52], [594, 336]]"
ada100,sweep,0.5110334429394098,0.5593548387096774,0.6794044665012406,0.6554531490015361,"[[1049, 36], [610, 320]]"
"mlp(64, 32)",sweep,0.0013933547320077195,0.5733870967741935,0.678908188585608,0.7018433179723502,"[[438, 647], [0, 930]]"
nusvc03,sweep,0.003420755172710167,0.5898387096774194,0.678908188585608,0.7018433179723502,"[[438, 647], [0, 930]]"
hgb_lr0.06_leaf63,sweep,0.00777574774366781,0.574516129032258,0.678908188585608,0.7016129032258065,"[[441, 644], [3, 927]]"
hgb_lr0.06_leaf15,sweep,0.14687954144899507,0.5879032258064516,0.678908188585608,0.7014592933947773,"[[443, 642], [5, 925]]"
gb_lr0.05_d2,sweep,0.21793662052367457,0.5729032258064516,0.678908188585608,0.7013056835637481,"[[445, 640], [7, 923]]"
qda001,sweep,0.09470673021809127,0.5974193548387097,0.678908188585608,0.6943932411674347,"[[535, 550], [97, 833]]"
qda001,sweep,0.12288440543570743,0.5991935483870968,0.678908188585608,0.6940092165898618,"[[540, 545], [102, 828]]"
hgb_lr0.04_leaf63,sweep,0.9913105186492999,0.5566129032258065,0.678908188585608,0.6574500768049155,"[[1016, 69], [578, 352]]"
hgb_lr0.04_leaf15,sweep,0.9075950118991263,0.5562903225806451,0.678908188585608,0.6572964669738863,"[[1018, 67], [580, 350]]"
hgb_lr0.04_leaf15,sweep,0.9080415452176627,0.5561290322580645,0.678908188585608,0.6572196620583717,"[[1019, 66], [581, 349]]"
hgb_lr0.08_leaf63,sweep,0.9996573732332953,0.5603225806451613,0.678908188585608,0.6572196620583717,"[[1019, 66], [581, 349]]"
hgb_lr0.02_leaf31,sweep,0.9073936865729471,0.5537096774193548,0.678908188585608,0.6568356374807988,"[[1024, 61], [586, 344]]"
gb_lr0.05_d3,sweep,0.19306752004252792,0.582258064516129,0.6784119106699752,0.7006912442396314,"[[446, 639], [9, 921]]"
ada300,sweep,0.4976557866517549,0.5803225806451613,0.6784119106699752,0.7006144393241167,"[[447, 638], [10, 920]]"
qda001,sweep,0.033932639367264004,0.5935483870967742,0.6784119106699752,0.6960061443932412,"[[507, 578], [70, 860]]"
qda001,sweep,0.09398809042074181,0.5970967741935483,0.6784119106699752,0.6939324116743472,"[[534, 551], [97, 833]]"
qda001,sweep,0.16294472129250168,0.599516129032258,0.6784119106699752,0.693010752688172,"[[546, 539], [109, 821]]"
lda,sweep,0.8323372601985932,0.5788709677419355,0.6784119106699752,0.6597542242703532,"[[979, 106], [542, 388]]"
hgb_lr0.02_leaf63,sweep,0.9471913239196554,0.5585483870967742,0.6784119106699752,0.6562980030721967,"[[1024, 61], [587, 343]]"
gb_lr0.05_d2,sweep,0.8447823719502938,0.5482258064516129,0.6784119106699752,0.6544546850998464,"[[1048, 37], [611, 319]]"
"mlp(64,)",sweep,0.023449019480869172,0.5701612903225807,0.6779156327543424,0.7009216589861751,"[[436, 649], [0, 930]]"
qda001,sweep,0.04942970800519877,0.594516129032258,0.6779156327543424,0.6947004608294931,"[[517, 568], [81, 849]]"
qda001,sweep,0.15244101978550967,0.5996774193548388,0.6779156327543424,0.6926267281105991,"[[544, 541], [108, 822]]"
nusvc03,sweep,0.9999999927971059,0.59,0.6779156327543424,0.6570660522273426,"[[1007, 78], [571, 359]]"
nusvc03,sweep,0.9999999929613231,0.5896774193548387,0.6779156327543424,0.656989247311828,"[[1008, 77], [572, 358]]"
hgb_lr0.08_leaf31,sweep,0.9935753018560928,0.5638709677419355,0.6779156327543424,0.6566820276497696,"[[1012, 73], [576, 354]]"
hgb_lr0.04_leaf31,sweep,0.9648061508184979,0.5543548387096774,0.6779156327543424,0.6555299539170507,"[[1027, 58], [591, 339]]"
gb_lr0.08_d1,sweep,0.26879033763892884,0.5735483870967742,0.6774193548387096,0.7004608294930875,"[[435, 650], [0, 930]]"
"mlp(64,)",sweep,0.022743803951144215,0.5691935483870968,0.6774193548387096,0.7004608294930875,"[[435, 650], [0, 930]]"
"mlp(128,)",sweep,0.012602115307748315,0.5598387096774193,0.6774193548387096,0.7004608294930875,"[[435, 650], [0, 930]]"
"mlp(64, 32)",sweep,0.0013139674980193374,0.572258064516129,0.6774193548387096,0.7004608294930875,"[[435, 650], [0, 930]]"
gnb,sweep,9.767081553726646e-40,0.5746774193548387,0.6774193548387096,0.7004608294930875,"[[435, 650], [0, 930]]"
nusvc03,sweep,0.0033748301458800902,0.5898387096774194,0.6774193548387096,0.7004608294930875,"[[435, 650], [0, 930]]"
ada300,sweep,0.49764061752924227,0.5809677419354838,0.6774193548387096,0.6996927803379416,"[[445, 640], [10, 920]]"
ada600,sweep,0.49869170794259543,0.5903225806451613,0.6774193548387096,0.6986175115207374,"[[459, 626], [24, 906]]"
qda001,sweep,0.0313530168295639,0.594516129032258,0.6774193548387096,0.6951612903225807,"[[504, 581], [69, 861]]"
qda001,sweep,0.04681859833111121,0.5948387096774194,0.6774193548387096,0.6943932411674347,"[[514, 571], [79, 851]]"
hgb_lr0.08_leaf63,sweep,0.9996765720505112,0.5604838709677419,0.6774193548387096,0.6555299539170507,"[[1020, 65], [585, 345]]"
hgb_lr0.02_leaf63,sweep,0.9486307195230423,0.5583870967741935,0.6774193548387096,0.6549923195084486,"[[1027, 58], [592, 338]]"
hgb_lr0.04_leaf31,sweep,0.964916554491905,0.5543548387096774,0.6774193548387096,0.6549923195084486,"[[1027, 58], [592, 338]]"
hgb_lr0.08_leaf15,sweep,0.9688021133351894,0.5579032258064516,0.6774193548387096,0.6549923195084486,"[[1027, 58], [592, 338]]"
hgb_lr0.02_leaf15,sweep,0.8718765992239372,0.5443548387096774,0.6774193548387096,0.6542242703533026,"[[1037, 48], [602, 328]]"
gb_lr0.03_d2,sweep,0.8192338547991019,0.5508064516129032,0.6774193548387096,0.6526881720430108,"[[1057, 28], [622, 308]]"
gb_lr0.03_d1,sweep,0.2686757467178121,0.5717741935483871,0.676923076923077,0.7,"[[434, 651], [0, 930]]"
"mlp(64, 32)",sweep,0.9999684700012207,0.5754838709677419,0.676923076923077,0.654531490015361,"[[1026, 59], [592, 338]]"
gb_lr0.03_d3,sweep,0.8527169858249868,0.5503225806451613,0.676923076923077,0.6539170506912442,"[[1034, 51], [600, 330]]"
gb_lr0.08_d1,sweep,0.8013579782562639,0.5574193548387096,0.676923076923077,0.6514592933947773,"[[1066, 19], [632, 298]]"
hgb_lr0.02_leaf31,sweep,0.13741304005716298,0.5761290322580646,0.6764267990074442,0.6994623655913978,"[[434, 651], [1, 929]]"
hgb_lr0.08_leaf15,sweep,0.1112628668008593,0.5891935483870968,0.6764267990074442,0.6993087557603687,"[[436, 649], [3, 927]]"
gb_lr0.08_d2,sweep,0.20746136103768933,0.579516129032258,0.6764267990074442,0.6985407066052227,"[[446, 639], [13, 917]]"
qda001,sweep,0.999975508538114,0.5806451612903226,0.6764267990074442,0.6661290322580645,"[[868, 217], [435, 495]]"
hgb_lr0.06_leaf63,sweep,0.9984736789682361,0.5525806451612904,0.6764267990074442,0.6539938556067588,"[[1026, 59], [593, 337]]"
"mlp(64, 32)",sweep,0.9999693424224854,0.5748387096774193,0.6764267990074442,0.6539938556067588,"[[1026, 59], [593, 337]]"
"mlp(128,)",sweep,0.9962140132904053,0.5670967741935484,0.6764267990074442,0.6532258064516129,"[[1036, 49], [603, 327]]"
gb_lr0.08_d3,sweep,0.9206348376902344,0.5420967741935484,0.6764267990074442,0.6526113671274962,"[[1044, 41], [611, 319]]"
gb_lr0.05_d1,sweep,0.27986661366917487,0.5748387096774193,0.6759305210918114,0.6990783410138248,"[[432, 653], [0, 930]]"
qda001,sweep,0.9999757865977593,0.5808064516129032,0.6759305210918114,0.6655913978494623,"[[868, 217], [436, 494]]"
lda,sweep,0.83461117374897,0.5775806451612904,0.6759305210918114,0.6569124423963133,"[[981, 104], [549, 381]]"
nusvc03,sweep,0.9999999955911258,0.587741935483871,0.6759305210918114,0.6542242703533026,"[[1016, 69], [584, 346]]"
ada300,sweep,0.5047558702373663,0.5614516129032258,0.6759305210918114,0.6527649769585253,"[[1035, 50], [603, 327]]"
gb_lr0.05_d1,sweep,0.788150056631273,0.552741935483871,0.6759305210918114,0.6497695852534562,"[[1074, 11], [642, 288]]"
hgb_lr0.02_leaf15,sweep,0.22290393840904438,0.575,0.6754342431761786,0.6984639016897081,"[[433, 652], [2, 928]]"
hgb_lr0.04_leaf63,sweep,0.019610678361900922,0.5701612903225807,0.6754342431761786,0.6984639016897081,"[[433, 652], [2, 928]]"
hgb_lr0.06_leaf31,sweep,0.03637622912662101,0.5787096774193549,0.6754342431761786,0.6984639016897081,"[[433, 652], [2, 928]]"
hgb_lr0.04_leaf15,sweep,0.1553084927017224,0.5833870967741935,0.6754342431761786,0.6982334869431643,"[[436, 649], [5, 925]]"
hgb_lr0.04_leaf15,sweep,0.9123153258664023,0.5538709677419354,0.6754342431761786,0.6530721966205837,"[[1024, 61], [593, 337]]"
hgb_lr0.02_leaf31,sweep,0.909107253133303,0.5546774193548387,0.6754342431761786,0.6529953917050692,"[[1025, 60], [594, 336]]"
hgb_lr0.04_leaf15,sweep,0.9145405459736631,0.5524193548387096,0.6754342431761786,0.6529953917050692,"[[1025, 60], [594, 336]]"
hgb_lr0.06_leaf15,sweep,0.951946756864362,0.5566129032258065,0.6754342431761786,0.6522273425499232,"[[1035, 50], [604, 326]]"
gb_lr0.03_d3,sweep,0.8540114264927451,0.55,0.6754342431761786,0.6522273425499232,"[[1035, 50], [604, 326]]"
ada300,sweep,0.5047631998293304,0.5614516129032258,0.6754342431761786,0.6522273425499232,"[[1035, 50], [604, 326]]"
ada100,sweep,0.49471864640477603,0.5643548387096774,0.674937965260546,0.697926267281106,"[[433, 652], [3, 927]]"
hgb_lr0.08_leaf31,sweep,0.9940951995911574,0.562258064516129,0.674937965260546,0.6532258064516129,"[[1015, 70], [585, 345]]"
hgb_lr0.08_leaf15,sweep,0.970145397110275,0.5556451612903226,0.674937965260546,0.6522273425499232,"[[1028, 57], [598, 332]]"
"mlp(128,)",sweep,0.9962795657634735,0.5666129032258065,0.674937965260546,0.6516129032258065,"[[1036, 49], [606, 324]]"
gb_lr0.05_d2,sweep,0.8464375246324183,0.5467741935483871,0.674937965260546,0.6506144393241168,"[[1049, 36], [619, 311]]"
gb_lr0.03_d1,sweep,0.7633708484318593,0.552258064516129,0.674937965260546,0.648694316436252,"[[1074, 11], [644, 286]]"
gb_lr0.05_d1,sweep,0.788726058238491,0.5524193548387096,0.674937965260546,0.648694316436252,"[[1074, 11], [644, 286]]"
hgb_lr0.02_leaf63,sweep,0.07676795104745504,0.575,0.6744416873449132,0.6974654377880185,"[[432, 653], [3, 927]]"
hgb_lr0.04_leaf31,sweep,0.07944626079687289,0.5774193548387097,0.6744416873449132,0.6974654377880185,"[[432, 653], [3, 927]]"
hgb_lr0.06_leaf15,sweep,0.13529236640408052,0.5862903225806452,0.6744416873449132,0.6974654377880185,"[[432, 653], [3, 927]]"
hgb_lr0.06_leaf63,sweep,0.006816439339906102,0.5730645161290323,0.6744416873449132,0.6974654377880185,"[[432, 653], [3, 927]]"
hgb_lr0.08_leaf15,sweep,0.10827642697873464,0.5882258064516129,0.6744416873449132,0.6974654377880185,"[[432, 653], [3, 927]]"
hgb_lr0.08_leaf31,sweep,0.019371082730419688,0.5819354838709677,0.6744416873449132,0.6974654377880185,"[[432, 653], [3, 927]]"
hgb_lr0.08_leaf31,sweep,0.01954035060203252,0.582741935483871,0.6744416873449132,0.6974654377880185,"[[432, 653], [3, 927]]"
hgb_lr0.08_leaf63,sweep,0.0012621860329961885,0.5711290322580646,0.6744416873449132,0.6974654377880185,"[[432, 653], [3, 927]]"
gb_lr0.03_d2,sweep,0.24650526183936095,0.5724193548387096,0.6744416873449132,0.6974654377880185,"[[432, 653], [3, 927]]"
gb_lr0.03_d3,sweep,0.20289361522223356,0.5748387096774193,0.6744416873449132,0.6974654377880185,"[[432, 653], [3, 927]]"
ada100,sweep,0.49467637416961635,0.5633870967741935,0.6744416873449132,0.6974654377880185,"[[432, 653], [3, 927]]"
lda,sweep,0.16171679137945172,0.5688709677419355,0.6744416873449132,0.6974654377880185,"[[432, 653], [3, 927]]"
gb_lr0.08_d2,sweep,0.20441783646497438,0.5783870967741935,0.6744416873449132,0.6966973886328724,"[[442, 643], [13, 917]]"
qda001,sweep,0.024734638375989403,0.5930645161290322,0.6744416873449132,0.6927035330261136,"[[494, 591], [65, 865]]"
hgb_lr0.06_leaf31,sweep,0.9855648043289442,0.5612903225806452,0.6744416873449132,0.6519969278033795,"[[1024, 61], [595, 335]]"
gb_lr0.08_d3,sweep,0.9221499749013308,0.5401612903225806,0.6744416873449132,0.6504608294930876,"[[1044, 41], [615, 315]]"
gb_lr0.03_d2,sweep,0.8212851678899693,0.5516129032258065,0.6744416873449132,0.6493855606758833,"[[1058, 27], [629, 301]]"
qda001,sweep,0.02235047973342133,0.5943548387096774,0.6739454094292804,0.6923963133640553,"[[491, 594], [63, 867]]"
ada600,sweep,0.5029397285256842,0.5793548387096774,0.6739454094292804,0.6523041474654379,"[[1013, 72], [585, 345]]"
nusvc03,sweep,0.9999999960550927,0.5862903225806452,0.6739454094292804,0.652073732718894,"[[1016, 69], [588, 342]]"
hgb_lr0.06_leaf63,sweep,0.998540639996435,0.5512903225806451,0.6739454094292804,0.6510752688172043,"[[1029, 56], [601, 329]]"
gb_lr0.08_d2,sweep,0.8772475260818922,0.5483870967741935,0.6739454094292804,0.6492319508448541,"[[1053, 32], [625, 305]]"
lda,sweep,0.15978608979582787,0.5674193548387096,0.6734491315136476,0.6965437788018434,"[[430, 655], [3, 927]]"
gb_lr0.08_d3,sweep,0.1427935803313709,0.5737096774193549,0.6734491315136476,0.6964669738863287,"[[431, 654], [4, 926]]"
ada600,sweep,0.49863379191013546,0.5882258064516129,0.6734491315136476,0.6949308755760368,"[[451, 634], [24, 906]]"
qda001,sweep,0.9999805209921159,0.5801612903225807,0.6734491315136476,0.6623655913978495,"[[875, 210], [448, 482]]"
qda001,sweep,0.9999831940227613,0.5801612903225807,0.6734491315136476,0.6620583717357911,"[[879, 206], [452, 478]]"
hgb_lr0.04_leaf63,sweep,0.9921949186204109,0.555483870967742,0.6734491315136476,0.6511520737327189,"[[1021, 64], [594, 336]]"
hgb_lr0.08_leaf63,sweep,0.9997226410718193,0.5587096774193548,0.6734491315136476,0.6509984639016897,"[[1023, 62], [596, 334]]"
"mlp(64,)",sweep,0.9982895413398742,0.5625806451612904,0.6734491315136476,0.6502304147465439,"[[1033, 52], [606, 324]]"
gb_lr0.08_d2,sweep,0.8774107614043144,0.5485483870967742,0.6734491315136476,0.648694316436252,"[[1053, 32], [626, 304]]"
gb_lr0.03_d1,sweep,0.7635344521240415,0.5519354838709677,0.6734491315136476,0.6470814132104454,"[[1074, 11], [647, 283]]"
hgb_lr0.04_leaf31,sweep,0.07816452683760985,0.5767741935483871,0.6729528535980149,0.6960829493087558,"[[429, 656], [3, 927]]"
gb_lr0.03_d2,sweep,0.24438149016007607,0.572258064516129,0.6729528535980149,0.6960829493087558,"[[429, 656], [3, 927]]"
lda,sweep,0.8367905640602111,0.5761290322580646,0.6729528535980149,0.6535330261136713,"[[983, 102], [557, 373]]"
ada600,sweep,0.5029415835300186,0.5791935483870968,0.6729528535980149,0.6512288786482335,"[[1013, 72], [587, 343]]"
hgb_lr0.02_leaf15,sweep,0.873977118598469,0.5441935483870968,0.6729528535980149,0.6493087557603687,"[[1038, 47], [612, 318]]"
gb_lr0.05_d3,sweep,0.8938104869571076,0.5509677419354839,0.6729528535980149,0.6488479262672812,"[[1044, 41], [618, 312]]"
hgb_lr0.06_leaf31,sweep,0.033836746283097775,0.5764516129032258,0.6724565756823822,0.6956989247311828,"[[427, 658], [2, 928]]"
hgb_lr0.04_leaf15,sweep,0.15228636776300802,0.5824193548387097,0.6724565756823822,0.695468509984639,"[[430, 655], [5, 925]]"
gb_lr0.05_d3,sweep,0.181609939623336,0.5806451612903226,0.6724565756823822,0.695468509984639,"[[430, 655], [5, 925]]"
ada300,sweep,0.49752426317120824,0.5808064516129032,0.6724565756823822,0.6951612903225807,"[[434, 651], [9, 921]]"
hgb_lr0.04_leaf63,sweep,0.9923385991241657,0.555483870967742,0.6724565756823822,0.65,"[[1022, 63], [597, 333]]"
"mlp(64, 32)",sweep,0.9999765373229981,0.5720967741935484,0.6724565756823822,0.6492319508448541,"[[1032, 53], [607, 323]]"
gb_lr0.05_d3,sweep,0.8933202754952585,0.5508064516129032,0.6724565756823822,0.6484639016897081,"[[1042, 43], [617, 313]]"
ada100,sweep,0.51130194422448,0.5580645161290323,0.6724565756823822,0.6477726574500768,"[[1051, 34], [626, 304]]"
"mlp(64,)",sweep,0.018920085972547532,0.5645161290322581,0.6719602977667494,0.6953917050691244,"[[424, 661], [0, 930]]"
gb_lr0.05_d3,sweep,0.18114726108362886,0.5803225806451613,0.6719602977667494,0.6950076804915515,"[[429, 656], [5, 925]]"
"mlp(64, 32)",sweep,0.9999770232915878,0.5720967741935484,0.6719602977667494,0.6486175115207373,"[[1033, 52], [609, 321]]"
ada100,sweep,0.511325611948796,0.557741935483871,0.6719602977667494,0.6472350230414747,"[[1051, 34], [627, 303]]"
nusvc03,sweep,0.0024912961294808835,0.584516129032258,0.6714640198511166,0.6949308755760368,"[[423, 662], [0, 930]]"
gb_lr0.05_d2,sweep,0.21224089275527921,0.5704838709677419,0.6714640198511166,0.6944700460829493,"[[429, 656], [6, 924]]"
hgb_lr0.08_leaf63,sweep,0.9997467677907846,0.5564516129032258,0.6714640198511166,0.648694316436252,"[[1025, 60], [602, 328]]"
gb_lr0.05_d2,sweep,0.8486400515922211,0.5461290322580645,0.6714640198511166,0.6466973886328725,"[[1051, 34], [628, 302]]"
gb_lr0.08_d1,sweep,0.26341904411252687,0.5729032258064516,0.6709677419354839,0.6944700460829494,"[[422, 663], [0, 930]]"
"mlp(64, 32)",sweep,0.0009424799272557719,0.57,0.6709677419354839,0.6944700460829494,"[[422, 663], [0, 930]]"
hgb_lr0.02_leaf31,sweep,0.13205452554645755,0.5751612903225807,0.6709677419354839,0.6943932411674347,"[[423, 662], [1, 929]]"
hgb_lr0.06_leaf15,sweep,0.1288536788086957,0.5851612903225807,0.6709677419354839,0.6942396313364055,"[[425, 660], [3, 927]]"
hgb_lr0.04_leaf15,sweep,0.9170777604804304,0.5540322580645162,0.6709677419354839,0.6480030721966206,"[[1027, 58], [605, 325]]"
hgb_lr0.04_leaf31,sweep,0.9676232641980886,0.5514516129032258,0.6709677419354839,0.6476958525345622,"[[1031, 54], [609, 321]]"
gb_lr0.08_d3,sweep,0.9252134660325827,0.54,0.6709677419354839,0.6463901689708141,"[[1048, 37], [626, 304]]"
"mlp(128,)",sweep,0.011058267839252947,0.5579032258064516,0.6704714640198511,0.6940092165898617,"[[421, 664], [0, 930]]"
ada100,sweep,0.4943232986785208,0.5609677419354838,0.6704714640198511,0.6938556067588325,"[[423, 662], [2, 928]]"
ada600,sweep,0.4986140520924831,0.5883870967741935,0.6704714640198511,0.6921658986175115,"[[445, 640], [24, 906]]"
qda001,sweep,0.9999873803602135,0.5782258064516129,0.6704714640198511,0.6586021505376344,"[[882, 203], [461, 469]]"
hgb_lr0.08_leaf31,sweep,0.9944359690387212,0.5617741935483871,0.6704714640198511,0.6483870967741935,"[[1015, 70], [594, 336]]"
nusvc03,sweep,0.9999999971616762,0.5853225806451613,0.6704714640198511,0.6480030721966206,"[[1020, 65], [599, 331]]"
hgb_lr0.06_leaf31,sweep,0.9865819833133619,0.562741935483871,0.6704714640198511,0.6474654377880185,"[[1027, 58], [606, 324]]"
hgb_lr0.02_leaf31,sweep,0.9133150183802983,0.5530645161290323,0.6704714640198511,0.6473886328725038,"[[1028, 57], [607, 323]]"
hgb_lr0.04_leaf31,sweep,0.9674349920764773,0.5520967741935484,0.6704714640198511,0.6472350230414746,"[[1030, 55], [609, 321]]"
hgb_lr0.06_leaf63,sweep,0.9985974122413999,0.5511290322580645,0.6704714640198511,0.6472350230414746,"[[1030, 55], [609, 321]]"
hgb_lr0.06_leaf15,sweep,0.9535057748255811,0.5561290322580645,0.6704714640198511,0.646620583717358,"[[1038, 47], [617, 313]]"
gb_lr0.03_d3,sweep,0.8582212561340825,0.5496774193548387,0.6704714640198511,0.6464669738863287,"[[1040, 45], [619, 311]]"
"mlp(128,)",sweep,0.9965096260547638,0.5638709677419355,0.6704714640198511,0.6464669738863287,"[[1040, 45], [619, 311]]"
hgb_lr0.02_leaf15,sweep,0.21455191909940852,0.5732258064516129,0.6699751861042184,0.6933947772657449,"[[422, 663], [2, 928]]"
ada300,sweep,0.497393014676039,0.5779032258064516,0.6699751861042184,0.6928571428571428,"[[429, 656], [9, 921]]"
qda001,sweep,0.016173402083518428,0.5938709677419355,0.6699751861042184,0.6890168970814132,"[[479, 606], [59, 871]]"
qda001,sweep,0.9999877203554659,0.577741935483871,0.6699751861042184,0.6579877112135177,"[[883, 202], [463, 467]]"
hgb_lr0.04_leaf63,sweep,0.9929634022654181,0.552741935483871,0.6699751861042184,0.6468509984639017,"[[1028, 57], [608, 322]]"
gb_lr0.03_d3,sweep,0.859349438909002,0.5495161290322581,0.6699751861042184,0.6457757296466974,"[[1042, 43], [622, 308]]"
gb_lr0.03_d2,sweep,0.8229014922809538,0.5503225806451613,0.6699751861042184,0.6444700460829493,"[[1059, 26], [639, 291]]"
hgb_lr0.08_leaf15,sweep,0.09909185861330093,0.5841935483870968,0.6694789081885856,0.6928571428571428,"[[422, 663], [3, 927]]"
nusvc03,sweep,0.9999999977733884,0.5853225806451613,0.6694789081885856,0.646620583717358,"[[1024, 61], [605, 325]]"
hgb_lr0.02_leaf31,sweep,0.9149501725706691,0.5529032258064516,0.6694789081885856,0.646236559139785,"[[1029, 56], [610, 320]]"
hgb_lr0.04_leaf15,sweep,0.9184288338959966,0.5538709677419354,0.6694789081885856,0.646236559139785,"[[1029, 56], [610, 320]]"
hgb_lr0.08_leaf15,sweep,0.9719842777936305,0.5543548387096774,0.6694789081885856,0.646236559139785,"[[1029, 56], [610, 320]]"
hgb_lr0.02_leaf15,sweep,0.8749577201967973,0.5432258064516129,0.6694789081885856,0.645468509984639,"[[1039, 46], [620, 310]]"
ada300,sweep,0.5048578248102783,0.5609677419354838,0.6694789081885856,0.645468509984639,"[[1039, 46], [620, 310]]"
ada600,sweep,0.4985462658622381,0.5866129032258065,0.6689826302729529,0.690937019969278,"[[440, 645], [22, 908]]"
qda001,sweep,0.015107061712936005,0.5938709677419355,0.6689826302729529,0.6881720430107527,"[[476, 609], [58, 872]]"
gb_lr0.08_d1,sweep,0.8050966487594493,0.5543548387096774,0.6689826302729529,0.6427035330261137,"[[1068, 17], [650, 280]]"
ada300,sweep,0.4973416239072704,0.5759677419354838,0.6684863523573201,0.6914746543778802,"[[426, 659], [9, 921]]"
gb_lr0.08_d2,sweep,0.19166352110624238,0.574516129032258,0.6684863523573201,0.6912442396313364,"[[429, 656], [12, 918]]"
ada600,sweep,0.49848709207754255,0.5869354838709677,0.6684863523573201,0.6907066052227343,"[[436, 649], [19, 911]]"
qda001,sweep,0.9999916394901351,0.5766129032258065,0.6684863523573201,0.6558371735791091,"[[890, 195], [473, 457]]"
hgb_lr0.02_leaf63,sweep,0.9506386808188444,0.5564516129032258,0.6684863523573201,0.6452380952380952,"[[1028, 57], [611, 319]]"
hgb_lr0.04_leaf63,sweep,0.9931580868020408,0.5516129032258065,0.6684863523573201,0.6452380952380952,"[[1028, 57], [611, 319]]"
hgb_lr0.06_leaf31,sweep,0.9869571262639709,0.5624193548387096,0.6684863523573201,0.6452380952380952,"[[1028, 57], [611, 319]]"
hgb_lr0.02_leaf63,sweep,0.9509491858649661,0.5562903225806451,0.6684863523573201,0.6450844854070661,"[[1030, 55], [613, 317]]"
"mlp(64,)",sweep,0.9984223127365113,0.5624193548387096,0.6684863523573201,0.6447772657450077,"[[1034, 51], [617, 313]]"
hgb_lr0.06_leaf15,sweep,0.9541999247608167,0.555483870967742,0.6684863523573201,0.6444700460829493,"[[1038, 47], [621, 309]]"
"mlp(64, 32)",sweep,0.9999821967124939,0.5706451612903226,0.6684863523573201,0.6444700460829493,"[[1038, 47], [621, 309]]"
"mlp(64, 32)",sweep,0.9999833116054535,0.57,0.6684863523573201,0.6442396313364055,"[[1041, 44], [624, 306]]"
gb_lr0.08_d3,sweep,0.9262096958557055,0.5395161290322581,0.6684863523573201,0.6437019969278034,"[[1048, 37], [631, 299]]"
gb_lr0.08_d1,sweep,0.8059375403636941,0.5538709677419354,0.6684863523573201,0.6421658986175115,"[[1068, 17], [651, 279]]"
gb_lr0.05_d1,sweep,0.794146144748827,0.5493548387096774,0.6679900744416873,0.640937019969278,"[[1077, 8], [661, 269]]"
gb_lr0.05_d1,sweep,0.7941974020582401,0.5491935483870968,0.6679900744416873,0.640937019969278,"[[1077, 8], [661, 269]]"
gb_lr0.03_d1,sweep,0.2627255394833087,0.5725806451612904,0.6674937965260546,0.6912442396313364,"[[415, 670], [0, 930]]"
gb_lr0.05_d1,sweep,0.26958827116386624,0.5735483870967742,0.6674937965260546,0.6912442396313364,"[[415, 670], [0, 930]]"
gb_lr0.08_d1,sweep,0.2574134327634665,0.5719354838709677,0.6674937965260546,0.6912442396313364,"[[415, 670], [0, 930]]"
"mlp(64,)",sweep,0.01751339315623045,0.5635483870967742,0.6674937965260546,0.6912442396313364,"[[415, 670], [0, 930]]"
"mlp(128,)",sweep,0.010484023068100217,0.5574193548387096,0.6674937965260546,0.6912442396313364,"[[415, 670], [0, 930]]"
"mlp(64, 32)",sweep,0.0008636261457577348,0.5688709677419355,0.6674937965260546,0.6912442396313364,"[[415, 670], [0, 930]]"
gnb,sweep,5.848647005801682e-41,0.5748387096774193,0.6674937965260546,0.6912442396313364,"[[415, 670], [0, 930]]"
nusvc03,sweep,0.001854455380537783,0.5841935483870968,0.6674937965260546,0.6912442396313364,"[[415, 670], [0, 930]]"
hgb_lr0.08_leaf63,sweep,0.0009916064727235828,0.5701612903225807,0.6674937965260546,0.6910138248847927,"[[418, 667], [3, 927]]"
ada600,sweep,0.4984249038063333,0.5851612903225807,0.6674937965260546,0.6897849462365592,"[[434, 651], [19, 911]]"
qda001,sweep,0.01186215735523552,0.5943548387096774,0.6674937965260546,0.6870199692780339,"[[470, 615], [55, 875]]"
qda001,sweep,0.9999914532899102,0.5767741935483871,0.6674937965260546,0.654915514592934,"[[888, 197], [473, 457]]"
ada600,sweep,0.5029914596586333,0.5774193548387097,0.6674937965260546,0.6450076804915514,"[[1017, 68], [602, 328]]"
nusvc03,sweep,0.9999999981253805,0.5838709677419355,0.6674937965260546,0.6442396313364056,"[[1027, 58], [612, 318]]"
hgb_lr0.08_leaf15,sweep,0.9727642729473734,0.5551612903225807,0.6674937965260546,0.6440092165898618,"[[1030, 55], [615, 315]]"
hgb_lr0.02_leaf31,sweep,0.9175453538543713,0.5519354838709677,0.6674937965260546,0.6438556067588326,"[[1032, 53], [617, 313]]"
nusvc03,sweep,0.0016822122605983792,0.5833870967741935,0.6669975186104219,0.6907834101382488,"[[414, 671], [0, 930]]"
gb_lr0.08_d3,sweep,0.13541336771730125,0.5725806451612904,0.6669975186104219,0.6905529953917051,"[[417, 668], [3, 927]]"
lda,sweep,0.8413790088653564,0.5761290322580646,0.6669975186104219,0.646774193548387,"[[987, 98], [573, 357]]"
gb_lr0.08_d2,sweep,0.8836188282658,0.545483870967742,0.6669975186104219,0.6414746543778802,"[[1056, 29], [642, 288]]"
hgb_lr0.02_leaf31,sweep,0.12661545475580932,0.5730645161290323,0.6665012406947891,0.6902457757296467,"[[414, 671], [1, 929]]"
hgb_lr0.06_leaf31,sweep,0.03137019250414015,0.5754838709677419,0.6665012406947891,0.6902457757296467,"[[414, 671], [1, 929]]"
hgb_lr0.08_leaf31,sweep,0.015923827507285455,0.5788709677419355,0.6665012406947891,0.6902457757296467,"[[414, 671], [1, 929]]"
gb_lr0.03_d2,sweep,0.2343953861022192,0.5708064516129032,0.6665012406947891,0.6902457757296467,"[[414, 671], [1, 929]]"
qda001,sweep,0.9999940186165414,0.575,0.6665012406947891,0.6533026113671275,"[[895, 190], [482, 448]]"
hgb_lr0.08_leaf63,sweep,0.9997758298691102,0.5546774193548387,0.6665012406947891,0.6432411674347158,"[[1026, 59], [613, 317]]"
"mlp(128,)",sweep,0.9968332595944405,0.5629032258064516,0.6665012406947891,0.6417818740399386,"[[1045, 40], [632, 298]]"
hgb_lr0.02_leaf63,sweep,0.06796860465752724,0.572741935483871,0.6660049627791563,0.6897081413210445,"[[414, 671], [2, 928]]"
hgb_lr0.04_leaf15,sweep,0.13941469292566896,0.5790322580645161,0.6660049627791563,0.68963133640553,"[[415, 670], [3, 927]]"
gb_lr0.05_d3,sweep,0.1660603556861251,0.5748387096774193,0.6660049627791563,0.6894777265745008,"[[417, 668], [5, 925]]"
qda001,sweep,0.008247902250902512,0.5920967741935483,0.6660049627791563,0.6861751152073733,"[[460, 625], [48, 882]]"
hgb_lr0.06_leaf63,sweep,0.9987888623124004,0.5488709677419354,0.6660049627791563,0.642089093701997,"[[1034, 51], [622, 308]]"
hgb_lr0.02_leaf15,sweep,0.20607422315449403,0.5717741935483871,0.6655086848635235,0.689247311827957,"[[413, 672], [2, 928]]"
hgb_lr0.02_leaf63,sweep,0.0676601269016149,0.5719354838709677,0.6655086848635235,0.689247311827957,"[[413, 672], [2, 928]]"
hgb_lr0.04_leaf63,sweep,0.01752579965753573,0.5691935483870968,0.6655086848635235,0.689247311827957,"[[413, 672], [2, 928]]"
gb_lr0.03_d3,sweep,0.19233915849875519,0.5729032258064516,0.6655086848635235,0.689247311827957,"[[413, 672], [2, 928]]"
ada100,sweep,0.493953476593055,0.5601612903225807,0.6655086848635235,0.689247311827957,"[[413, 672], [2, 928]]"
lda,sweep,0.15273110926151276,0.5637096774193548,0.6655086848635235,0.689247311827957,"[[413, 672], [2, 928]]"
gb_lr0.08_d2,sweep,0.18503212218430204,0.5732258064516129,0.6655086848635235,0.688479262672811,"[[423, 662], [12, 918]]"
qda001,sweep,0.9999950141227041,0.5753225806451613,0.6655086848635235,0.652073732718894,"[[897, 188], [486, 444]]"
hgb_lr0.08_leaf31,sweep,0.9947504105558072,0.5616129032258065,0.6655086848635235,0.643010752688172,"[[1015, 70], [604, 326]]"
hgb_lr0.04_leaf15,sweep,0.9212983859833037,0.5530645161290323,0.6655086848635235,0.6417050691244239,"[[1032, 53], [621, 309]]"
hgb_lr0.02_leaf31,sweep,0.9201248371376233,0.5509677419354839,0.6655086848635235,0.6414746543778802,"[[1035, 50], [624, 306]]"
hgb_lr0.04_leaf31,sweep,0.9701771700400909,0.55,0.6655086848635235,0.6414746543778802,"[[1035, 50], [624, 306]]"
hgb_lr0.04_leaf31,sweep,0.9702579628364364,0.5496774193548387,0.6655086848635235,0.6414746543778802,"[[1035, 50], [624, 306]]"
ada300,sweep,0.5049204103671369,0.5601612903225807,0.6655086848635235,0.6410138248847926,"[[1041, 44], [630, 300]]"
hgb_lr0.02_leaf15,sweep,0.8789407265072811,0.5424193548387096,0.6655086848635235,0.6407066052227343,"[[1045, 40], [634, 296]]"
gb_lr0.03_d3,sweep,0.8637255679590429,0.547741935483871,0.6655086848635235,0.6407066052227343,"[[1045, 40], [634, 296]]"
gb_lr0.05_d3,sweep,0.8980945711206098,0.5508064516129032,0.6655086848635235,0.6407066052227343,"[[1045, 40], [634, 296]]"
"mlp(128,)",sweep,0.9968714085102082,0.5630645161290323,0.6655086848635235,0.6407066052227343,"[[1045, 40], [634, 296]]"
gb_lr0.08_d3,sweep,0.9297060822403997,0.5388709677419354,0.6655086848635235,0.6402457757296467,"[[1051, 34], [640, 290]]"
gb_lr0.08_d2,sweep,0.8852755065123705,0.5453225806451613,0.6655086848635235,0.6398617511520738,"[[1056, 29], [645, 285]]"
ada300,sweep,0.4972582768848016,0.5725806451612904,0.6650124069478908,0.6882488479262673,"[[419, 666], [9, 921]]"
lda,sweep,0.8420004936456679,0.5756451612903226,0.6650124069478908,0.6446236559139785,"[[987, 98], [577, 353]]"
hgb_lr0.06_leaf31,sweep,0.9880201235682502,0.5604838709677419,0.6650124069478908,0.6413978494623656,"[[1029, 56], [619, 311]]"
ada100,sweep,0.5116203034735329,0.5566129032258065,0.6650124069478908,0.6394777265745007,"[[1054, 31], [644, 286]]"
gb_lr0.03_d1,sweep,0.7664431933889676,0.552258064516129,0.6650124069478908,0.637941628264209,"[[1074, 11], [664, 266]]"
hgb_lr0.04_leaf15,sweep,0.13728227253755537,0.5782258064516129,0.6645161290322581,0.6882488479262673,"[[412, 673], [3, 927]]"
hgb_lr0.04_leaf31,sweep,0.06977909947436862,0.5753225806451613,0.6645161290322581,0.6882488479262673,"[[412, 673], [3, 927]]"
hgb_lr0.06_leaf15,sweep,0.11885779954023999,0.5848387096774194,0.6645161290322581,0.6882488479262673,"[[412, 673], [3, 927]]"
hgb_lr0.06_leaf63,sweep,0.0054370375610766665,0.5698387096774193,0.6645161290322581,0.6882488479262673,"[[412, 673], [3, 927]]"
hgb_lr0.08_leaf15,sweep,0.09257026383268528,0.5825806451612904,0.6645161290322581,0.6882488479262673,"[[412, 673], [3, 927]]"
hgb_lr0.08_leaf63,sweep,0.000957869234816681,0.569516129032258,0.6645161290322581,0.6882488479262673,"[[412, 673], [3, 927]]"
gb_lr0.08_d3,sweep,0.13131389701473176,0.572258064516129,0.6645161290322581,0.6882488479262673,"[[412, 673], [3, 927]]"
qda001,sweep,0.9999956003348691,0.5758064516129032,0.6645161290322581,0.6509216589861752,"[[898, 187], [489, 441]]"
hgb_lr0.06_leaf63,sweep,0.9988145530886624,0.5483870967741935,0.6645161290322581,0.6404761904761904,"[[1034, 51], [625, 305]]"
hgb_lr0.08_leaf15,sweep,0.9752050890211283,0.5551612903225807,0.6645161290322581,0.6404761904761904,"[[1034, 51], [625, 305]]"
"mlp(64,)",sweep,0.9985021517753601,0.5617741935483871,0.6645161290322581,0.6404761904761904,"[[1034, 51], [625, 305]]"
"mlp(64, 32)",sweep,0.9999873638153076,0.5682258064516129,0.6645161290322581,0.6397849462365591,"[[1043, 42], [634, 296]]"
gb_lr0.03_d3,sweep,0.8645229716032152,0.5470967741935484,0.6645161290322581,0.6395545314900153,"[[1046, 39], [637, 293]]"
gb_lr0.03_d2,sweep,0.8270080431898246,0.5480645161290323,0.6645161290322581,0.6384792626728111,"[[1060, 25], [651, 279]]"
qda001,sweep,0.009117922138404523,0.5937096774193549,0.6640198511166253,0.6839477726574501,"[[461, 624], [53, 877]]"
gb_lr0.05_d2,sweep,0.8523567970186312,0.5446774193548387,0.6640198511166253,0.6384792626728111,"[[1053, 32], [645, 285]]"
hgb_lr0.04_leaf63,sweep,0.016852628866531424,0.5679032258064516,0.6635235732009925,0.6874039938556067,"[[409, 676], [2, 928]]"
ada600,sweep,0.5030533234859423,0.5759677419354838,0.6635235732009925,0.6406298003072197,"[[1018, 67], [611, 319]]"
hgb_lr0.02_leaf63,sweep,0.9533213617076159,0.555483870967742,0.6635235732009925,0.6394777265745009,"[[1033, 52], [626, 304]]"
nusvc03,sweep,0.9999999988252336,0.5803225806451613,0.6635235732009925,0.6394777265745009,"[[1033, 52], [626, 304]]"
nusvc03,sweep,0.9999999988263982,0.5803225806451613,0.6635235732009925,0.6394777265745009,"[[1033, 52], [626, 304]]"
ada300,sweep,0.5050085630455291,0.5598387096774193,0.6635235732009925,0.6387096774193548,"[[1043, 42], [636, 294]]"
"mlp(64, 32)",sweep,0.9999873947143555,0.5682258064516129,0.6635235732009925,0.6387096774193548,"[[1043, 42], [636, 294]]"
gb_lr0.05_d1,sweep,0.26753044013155053,0.5732258064516129,0.6630272952853598,0.6870967741935484,"[[406, 679], [0, 930]]"
ada100,sweep,0.4938155916602956,0.5601612903225807,0.6630272952853598,0.6869431643625192,"[[408, 677], [2, 928]]"
hgb_lr0.06_leaf63,sweep,0.0052425054838516946,0.5693548387096774,0.6630272952853598,0.6868663594470046,"[[409, 676], [3, 927]]"
ada600,sweep,0.49832613273999016,0.5808064516129032,0.6630272952853598,0.6858678955453149,"[[422, 663], [16, 914]]"
lda,sweep,0.8486616775035858,0.5735483870967742,0.6630272952853598,0.6420122887864823,"[[993, 92], [587, 343]]"
hgb_lr0.08_leaf63,sweep,0.9997957593324827,0.5543548387096774,0.6630272952853598,0.6393241167434716,"[[1028, 57], [622, 308]]"
hgb_lr0.02_leaf63,sweep,0.9542435691074942,0.5541935483870968,0.6630272952853598,0.6387096774193548,"[[1036, 49], [630, 300]]"
ada100,sweep,0.5117076648963106,0.5561290322580645,0.6630272952853598,0.6373271889400922,"[[1054, 31], [648, 282]]"
gb_lr0.03_d2,sweep,0.8291099298986359,0.5467741935483871,0.6630272952853598,0.6367127496159755,"[[1062, 23], [656, 274]]"
gb_lr0.08_d1,sweep,0.8100953775075572,0.5506451612903226,0.6630272952853598,0.6359447004608295,"[[1072, 13], [666, 264]]"
gb_lr0.05_d3,sweep,0.16063024139001056,0.5733870967741935,0.6625310173697271,0.6862519201228878,"[[410, 675], [5, 925]]"
ada600,sweep,0.4983132594901742,0.5811290322580646,0.6625310173697271,0.685483870967742,"[[420, 665], [15, 915]]"
hgb_lr0.04_leaf15,sweep,0.9224872602973928,0.5525806451612904,0.6625310173697271,0.6384792626728111,"[[1032, 53], [627, 303]]"
hgb_lr0.04_leaf63,sweep,0.9936032806869907,0.55,0.6625310173697271,0.6384792626728111,"[[1032, 53], [627, 303]]"
hgb_lr0.06_leaf31,sweep,0.9885602929130659,0.5583870967741935,0.6625310173697271,0.6384792626728111,"[[1032, 53], [627, 303]]"
hgb_lr0.08_leaf15,sweep,0.9754049111477069,0.5553225806451613,0.6625310173697271,0.6383256528417819,"[[1034, 51], [629, 301]]"
"mlp(64,)",sweep,0.9987472608566285,0.5580645161290323,0.6625310173697271,0.6378648233486943,"[[1040, 45], [635, 295]]"
hgb_lr0.06_leaf15,sweep,0.9573446647625244,0.5533870967741935,0.6625310173697271,0.6377112135176651,"[[1042, 43], [637, 293]]"
ada300,sweep,0.4970983163758237,0.5698387096774193,0.6620347394540943,0.6855606758832565,"[[412, 673], [8, 922]]"
hgb_lr0.04_leaf63,sweep,0.9938556126285185,0.5506451612903226,0.6620347394540943,0.6377112135176651,"[[1035, 50], [631, 299]]"
gb_lr0.08_d3,sweep,0.9310700219021653,0.5375806451612903,0.6620347394540943,0.6364823348694317,"[[1051, 34], [647, 283]]"
gb_lr0.05_d2,sweep,0.8555322212796291,0.5453225806451613,0.6620347394540943,0.636021505376344,"[[1057, 28], [653, 277]]"
gb_lr0.03_d2,sweep,0.22607713995679185,0.569516129032258,0.6615384615384615,0.6857142857142857,"[[403, 682], [0, 930]]"
gb_lr0.05_d2,sweep,0.20099499101380605,0.5682258064516129,0.6615384615384615,0.6852534562211982,"[[409, 676], [6, 924]]"
lda,sweep,0.8505693251609803,0.5735483870967742,0.6615384615384615,0.6401689708141322,"[[996, 89], [593, 337]]"
ada600,sweep,0.503143101537419,0.5724193548387096,0.6615384615384615,0.6382488479262672,"[[1021, 64], [618, 312]]"
hgb_lr0.02_leaf15,sweep,0.8808845724732213,0.5430645161290323,0.6615384615384615,0.6364055299539171,"[[1045, 40], [642, 288]]"
gb_lr0.08_d1,sweep,0.8115345100927027,0.5495161290322581,0.6615384615384615,0.6342549923195084,"[[1073, 12], [670, 260]]"
gb_lr0.03_d3,sweep,0.18683790616198054,0.5730645161290323,0.6610421836228287,0.685099846390169,"[[404, 681], [2, 928]]"
hgb_lr0.06_leaf15,sweep,0.11379583490188463,0.5840322580645161,0.6610421836228287,0.6850230414746544,"[[405, 680], [3, 927]]"
qda001,sweep,0.00606429991528133,0.5909677419354838,0.6610421836228287,0.6817204301075269,"[[448, 637], [46, 884]]"
hgb_lr0.02_leaf31,sweep,0.9221459819681179,0.5501612903225807,0.6610421836228287,0.6364823348694316,"[[1037, 48], [635, 295]]"
hgb_lr0.06_leaf15,sweep,0.9577430689016417,0.5530645161290323,0.6610421836228287,0.6360983102918587,"[[1042, 43], [640, 290]]"
ada300,sweep,0.505102500808029,0.5587096774193548,0.6610421836228287,0.6357910906298003,"[[1046, 39], [644, 286]]"
"mlp(64,)",sweep,0.014941525510884818,0.5603225806451613,0.6605459057071961,0.6847926267281106,"[[401, 684], [0, 930]]"
hgb_lr0.08_leaf15,sweep,0.08630633525786684,0.5814516129032258,0.6605459057071961,0.6845622119815669,"[[404, 681], [3, 927]]"
ada300,sweep,0.497005645400865,0.5688709677419355,0.6605459057071961,0.6842549923195085,"[[408, 677], [7, 923]]"
qda001,sweep,0.9999968836530393,0.5740322580645161,0.6605459057071961,0.6460061443932411,"[[906, 179], [505, 425]]"
hgb_lr0.08_leaf31,sweep,0.9951690148044601,0.5601612903225807,0.6605459057071961,0.6374039938556068,"[[1018, 67], [617, 313]]"
hgb_lr0.08_leaf63,sweep,0.9998179509180917,0.5529032258064516,0.6605459057071961,0.6364823348694316,"[[1030, 55], [629, 301]]"
"mlp(64,)",sweep,0.9987950312614441,0.5566129032258065,0.6605459057071961,0.6357142857142857,"[[1040, 45], [639, 291]]"
gb_lr0.08_d3,sweep,0.9343154405424817,0.537741935483871,0.6605459057071961,0.6345622119815668,"[[1055, 30], [654, 276]]"
"mlp(64, 32)",sweep,0.0006492241336731237,0.5648387096774193,0.6600496277915633,0.684331797235023,"[[400, 685], [0, 930]]"
hgb_lr0.08_leaf31,sweep,0.014494413338634262,0.5770967741935484,0.6600496277915633,0.6842549923195085,"[[401, 684], [1, 929]]"
hgb_lr0.02_leaf15,sweep,0.19599571065403637,0.5703225806451613,0.6600496277915633,0.6841781874039938,"[[402, 683], [2, 928]]"
gb_lr0.08_d2,sweep,0.17527991669747994,0.5706451612903226,0.6600496277915633,0.6834101382488479,"[[412, 673], [12, 918]]"
qda001,sweep,0.9999965312234095,0.5741935483870968,0.6600496277915633,0.6458525345622119,"[[901, 184], [501, 429]]"
ada600,sweep,0.5031892371728897,0.5720967741935484,0.6600496277915633,0.6364823348694316,"[[1023, 62], [623, 307]]"
ada300,sweep,0.49687124698388724,0.5690322580645162,0.6595533498759305,0.6834101382488479,"[[405, 680], [6, 924]]"
ada600,sweep,0.49822320810030685,0.5791935483870968,0.6595533498759305,0.6829493087557603,"[[411, 674], [12, 918]]"
hgb_lr0.02_leaf31,sweep,0.9231054871394897,0.5496774193548387,0.6595533498759305,0.634715821812596,"[[1039, 46], [640, 290]]"
hgb_lr0.02_leaf63,sweep,0.9554659953145264,0.5532258064516129,0.6595533498759305,0.634715821812596,"[[1039, 46], [640, 290]]"
hgb_lr0.04_leaf15,sweep,0.9265115375357817,0.5533870967741935,0.6595533498759305,0.634715821812596,"[[1039, 46], [640, 290]]"
hgb_lr0.04_leaf63,sweep,0.9942394247565369,0.5495161290322581,0.6595533498759305,0.634715821812596,"[[1039, 46], [640, 290]]"
hgb_lr0.08_leaf15,sweep,0.977064158102279,0.5551612903225807,0.6595533498759305,0.634715821812596,"[[1039, 46], [640, 290]]"
gb_lr0.05_d3,sweep,0.9005497805948693,0.5511290322580645,0.6595533498759305,0.6341781874039938,"[[1046, 39], [647, 283]]"
gb_lr0.03_d1,sweep,0.7688984009385271,0.5517741935483871,0.6595533498759305,0.6320276497695853,"[[1074, 11], [675, 255]]"
"mlp(128,)",sweep,0.008710441994667055,0.5529032258064516,0.6590570719602977,0.6834101382488479,"[[398, 687], [0, 930]]"
hgb_lr0.04_leaf15,sweep,0.9250440488355797,0.5525806451612904,0.6590570719602977,0.6344854070660522,"[[1035, 50], [637, 293]]"
gb_lr0.03_d3,sweep,0.8680661725918944,0.5466129032258065,0.6590570719602977,0.6334869431643625,"[[1048, 37], [650, 280]]"
gb_lr0.05_d3,sweep,0.901577228989649,0.550483870967742,0.6590570719602977,0.6334869431643625,"[[1048, 37], [650, 280]]"
"mlp(64,)",sweep,0.9989321663379669,0.5546774193548387,0.6590570719602977,0.6334869431643625,"[[1048, 37], [650, 280]]"
gb_lr0.05_d2,sweep,0.8586197684339891,0.5446774193548387,0.6590570719602977,0.6327188940092165,"[[1058, 27], [660, 270]]"
gb_lr0.08_d1,sweep,0.2470697788770628,0.5698387096774193,0.658560794044665,0.6829493087557603,"[[397, 688], [0, 930]]"
hgb_lr0.06_leaf31,sweep,0.026644856363402577,0.5709677419354838,0.658560794044665,0.6828725038402458,"[[398, 687], [1, 929]]"
hgb_lr0.08_leaf31,sweep,0.9953292278384658,0.5598387096774193,0.658560794044665,0.6352534562211982,"[[1018, 67], [621, 309]]"
hgb_lr0.06_leaf63,sweep,0.9989539115109178,0.547741935483871,0.658560794044665,0.6337941628264209,"[[1037, 48], [640, 290]]"
hgb_lr0.04_leaf31,sweep,0.9730739765286966,0.5495161290322581,0.658560794044665,0.6337173579109063,"[[1038, 47], [641, 289]]"
hgb_lr0.06_leaf63,sweep,0.9989649404212638,0.547741935483871,0.658560794044665,0.6337173579109063,"[[1038, 47], [641, 289]]"
nusvc03,sweep,0.9999999992836083,0.5785483870967741,0.658560794044665,0.6337173579109063,"[[1038, 47], [641, 289]]"
nusvc03,sweep,0.999999999307956,0.5785483870967741,0.658560794044665,0.6337173579109063,"[[1038, 47], [641, 289]]"
gb_lr0.03_d1,sweep,0.2539513574285146,0.5737096774193549,0.6580645161290323,0.6824884792626729,"[[396, 689], [0, 930]]"
gb_lr0.03_d2,sweep,0.22053992932623445,0.5696774193548387,0.6580645161290323,0.6824884792626729,"[[396, 689], [0, 930]]"
gb_lr0.08_d1,sweep,0.24567944896795355,0.5693548387096774,0.6580645161290323,0.6824884792626729,"[[396, 689], [0, 930]]"
"mlp(64,)",sweep,0.013269082843884837,0.5598387096774193,0.6580645161290323,0.6824884792626729,"[[396, 689], [0, 930]]"
"mlp(128,)",sweep,0.008547170073166495,0.5525806451612904,0.6580645161290323,0.6824884792626729,"[[396, 689], [0, 930]]"
"mlp(64, 32)",sweep,0.0006150596024468547,0.565,0.6580645161290323,0.6824884792626729,"[[396, 689], [0, 930]]"
gnb,sweep,2.02070609080792e-42,0.575,0.6580645161290323,0.6824884792626729,"[[396, 689], [0, 930]]"
nusvc03,sweep,0.0011596428883544907,0.577258064516129,0.6580645161290323,0.6824884792626729,"[[396, 689], [0, 930]]"
hgb_lr0.02_leaf31,sweep,0.11625987899460315,0.5717741935483871,0.6580645161290323,0.6824116743471582,"[[397, 688], [1, 929]]"
qda001,sweep,0.9999974531746998,0.5733870967741935,0.6580645161290323,0.6430875576036866,"[[909, 176], [513, 417]]"
hgb_lr0.04_leaf31,sweep,0.9731174299045195,0.5498387096774193,0.6580645161290323,0.6331797235023042,"[[1038, 47], [642, 288]]"
hgb_lr0.08_leaf15,sweep,0.9779844132336748,0.5548387096774193,0.6580645161290323,0.6329493087557604,"[[1041, 44], [645, 285]]"
"mlp(128,)",sweep,0.9972621350288391,0.5603225806451613,0.6580645161290323,0.6324884792626728,"[[1047, 38], [651, 279]]"
gb_lr0.08_d2,sweep,0.8886321928408661,0.5441935483870968,0.6580645161290323,0.6317204301075269,"[[1057, 28], [661, 269]]"
gb_lr0.05_d1,sweep,0.7979343273106375,0.5496774193548387,0.6580645161290323,0.630184331797235,"[[1077, 8], [681, 249]]"
gb_lr0.05_d1,sweep,0.26262626179931065,0.5724193548387096,0.6575682382133995,0.6820276497695852,"[[395, 690], [0, 930]]"
qda001,sweep,0.004998810440324946,0.5896774193548387,0.6575682382133995,0.6785714285714286,"[[440, 645], [45, 885]]"
ada600,sweep,0.5032531763394738,0.5706451612903226,0.6575682382133995,0.6334869431643626,"[[1027, 58], [632, 298]]"
hgb_lr0.02_leaf15,sweep,0.1885002567858418,0.5690322580645162,0.6570719602977667,0.6814900153609831,"[[395, 690], [1, 929]]"
hgb_lr0.02_leaf31,sweep,0.11421146143829437,0.5716129032258065,0.6570719602977667,0.6814900153609831,"[[395, 690], [1, 929]]"
hgb_lr0.06_leaf31,sweep,0.024742191174845753,0.5703225806451613,0.6570719602977667,0.6814900153609831,"[[395, 690], [1, 929]]"
hgb_lr0.08_leaf31,sweep,0.013644224893447155,0.5756451612903226,0.6570719602977667,0.6814900153609831,"[[395, 690], [1, 929]]"
gb_lr0.08_d3,sweep,0.12083008890406761,0.5712903225806452,0.6570719602977667,0.681336405529954,"[[397, 688], [3, 927]]"
qda001,sweep,0.9999977829241578,0.572741935483871,0.6570719602977667,0.6419354838709678,"[[910, 175], [516, 414]]"
ada300,sweep,0.5051651589549525,0.5575806451612904,0.6570719602977667,0.631490015360983,"[[1046, 39], [652, 278]]"
"mlp(64, 32)",sweep,0.9999904632568359,0.5640322580645162,0.6570719602977667,0.631490015360983,"[[1046, 39], [652, 278]]"
"mlp(64, 32)",sweep,0.9999909896850586,0.5630645161290323,0.6570719602977667,0.631490015360983,"[[1046, 39], [652, 278]]"
nusvc03,sweep,0.999999999611475,0.5762903225806452,0.6570719602977667,0.631490015360983,"[[1046, 39], [652, 278]]"
nusvc03,sweep,0.9999999996185258,0.5761290322580646,0.6570719602977667,0.6314132104454685,"[[1047, 38], [653, 277]]"
nusvc03,sweep,0.0011116182825753127,0.5764516129032258,0.656575682382134,0.6811059907834102,"[[393, 692], [0, 930]]"
ada100,sweep,0.49345433947854583,0.557741935483871,0.656575682382134,0.680952380952381,"[[395, 690], [2, 928]]"
hgb_lr0.04_leaf15,sweep,0.1263898484021616,0.5741935483870968,0.656575682382134,0.6808755760368663,"[[396, 689], [3, 927]]"
hgb_lr0.04_leaf31,sweep,0.06404022037543228,0.5732258064516129,0.656575682382134,0.6808755760368663,"[[396, 689], [3, 927]]"
gb_lr0.05_d2,sweep,0.19541876327185215,0.5679032258064516,0.656575682382134,0.6806451612903226,"[[399, 686], [6, 924]]"
gb_lr0.08_d2,sweep,0.16948574869504118,0.5708064516129032,0.656575682382134,0.6802611367127496,"[[404, 681], [11, 919]]"
ada600,sweep,0.498158558511718,0.5780645161290323,0.656575682382134,0.6802611367127496,"[[404, 681], [11, 919]]"
"mlp(128,)",sweep,0.9973031530380249,0.5595161290322581,0.656575682382134,0.6308755760368663,"[[1047, 38], [654, 276]]"
hgb_lr0.02_leaf63,sweep,0.06016921294114044,0.57,0.6560794044665013,0.6804915514592934,"[[394, 691], [2, 928]]"
hgb_lr0.04_leaf15,sweep,0.1251709278862445,0.5738709677419355,0.6560794044665013,0.6804915514592934,"[[394, 691], [2, 928]]"
hgb_lr0.04_leaf63,sweep,0.014885076374529755,0.5680645161290323,0.6560794044665013,0.6804915514592934,"[[394, 691], [2, 928]]"
hgb_lr0.06_leaf15,sweep,0.10601357328661572,0.5819354838709677,0.6560794044665013,0.6804915514592934,"[[394, 691], [2, 928]]"
hgb_lr0.08_leaf63,sweep,0.0006307246363826672,0.5659677419354838,0.6560794044665013,0.6804915514592934,"[[394, 691], [2, 928]]"
gb_lr0.03_d3,sweep,0.1729215227507722,0.5714516129032258,0.6560794044665013,0.6804915514592934,"[[394, 691], [2, 928]]"
gb_lr0.08_d3,sweep,0.11563735497893526,0.57,0.6560794044665013,0.6804915514592934,"[[394, 691], [2, 928]]"
ada100,sweep,0.49325386567581475,0.5558064516129032,0.6560794044665013,0.6804915514592934,"[[394, 691], [2, 928]]"
lda,sweep,0.1472393161535263,0.5624193548387096,0.6560794044665013,0.6804915514592934,"[[394, 691], [2, 928]]"
lda,sweep,0.8535898771286011,0.5733870967741935,0.6560794044665013,0.6342549923195084,"[[996, 89], [604, 326]]"
hgb_lr0.08_leaf63,sweep,0.9998340654623153,0.5516129032258065,0.6560794044665013,0.6314132104454685,"[[1033, 52], [641, 289]]"
hgb_lr0.02_leaf63,sweep,0.9568551396793392,0.5520967741935484,0.6560794044665013,0.6307987711213517,"[[1041, 44], [649, 281]]"
hgb_lr0.02_leaf15,sweep,0.8829928952210986,0.5445161290322581,0.6560794044665013,0.6304915514592935,"[[1045, 40], [653, 277]]"
gb_lr0.08_d3,sweep,0.9367654757331346,0.5382258064516129,0.6560794044665013,0.6297235023041474,"[[1055, 30], [663, 267]]"
ada100,sweep,0.5120313999559841,0.5530645161290323,0.6560794044665013,0.6297235023041474,"[[1055, 30], [663, 267]]"
hgb_lr0.06_leaf31,sweep,0.9895684049315162,0.5566129032258065,0.6555831265508685,0.6307219662058372,"[[1035, 50], [644, 286]]"
hgb_lr0.08_leaf63,sweep,0.999840214710131,0.5519354838709677,0.6555831265508685,0.6307219662058372,"[[1035, 50], [644, 286]]"
hgb_lr0.04_leaf15,sweep,0.9300719016988773,0.5537096774193548,0.6555831265508685,0.6303379416282642,"[[1040, 45], [649, 281]]"
hgb_lr0.04_leaf31,sweep,0.06330373645023842,0.5732258064516129,0.6550868486352357,0.6794930875576037,"[[393, 692], [3, 927]]"
hgb_lr0.06_leaf63,sweep,0.003783213533156158,0.5664516129032258,0.6550868486352357,0.6794930875576037,"[[393, 692], [3, 927]]"
hgb_lr0.08_leaf15,sweep,0.08104776808132542,0.5796774193548387,0.6550868486352357,0.6794930875576037,"[[393, 692], [3, 927]]"
hgb_lr0.06_leaf31,sweep,0.9893190100911737,0.5574193548387096,0.6550868486352357,0.6303379416282642,"[[1033, 52], [643, 287]]"
hgb_lr0.04_leaf63,sweep,0.9945959515227034,0.5496774193548387,0.6550868486352357,0.6297235023041474,"[[1041, 44], [651, 279]]"
hgb_lr0.04_leaf31,sweep,0.9749604655692243,0.55,0.6550868486352357,0.6296466973886329,"[[1042, 43], [652, 278]]"
hgb_lr0.04_leaf31,sweep,0.9754180050418138,0.5501612903225807,0.6550868486352357,0.6294930875576037,"[[1044, 41], [654, 276]]"
gb_lr0.03_d2,sweep,0.8340281289619372,0.5469354838709677,0.6550868486352357,0.628110599078341,"[[1062, 23], [672, 258]]"
gb_lr0.03_d1,sweep,0.770695156640315,0.5525806451612904,0.6550868486352357,0.627188940092166,"[[1074, 11], [684, 246]]"
gb_lr0.08_d1,sweep,0.8150210245966163,0.547741935483871,0.6550868486352357,0.627188940092166,"[[1074, 11], [684, 246]]"
hgb_lr0.06_leaf63,sweep,0.0035227496735321514,0.5656451612903226,0.654590570719603,0.6791090629800307,"[[391, 694], [2, 928]]"
"mlp(64,)",sweep,0.9989908537864685,0.5538709677419354,0.654590570719603,0.6285714285714286,"[[1049, 36], [660, 270]]"
gb_lr0.05_d1,sweep,0.8001717033612673,0.5501612903225807,0.654590570719603,0.6263440860215054,"[[1078, 7], [689, 241]]"
hgb_lr0.02_leaf15,sweep,0.17598432378338635,0.5666129032258065,0.6540942928039702,0.6787250384024577,"[[389, 696], [1, 929]]"
ada300,sweep,0.496686088227715,0.5664516129032258,0.6540942928039702,0.6783410138248848,"[[394, 691], [6, 924]]"
qda001,sweep,0.9999984047128363,0.5725806451612904,0.6540942928039702,0.6384024577572964,"[[914, 171], [526, 404]]"
qda001,sweep,0.99999852130269,0.5716129032258065,0.6540942928039702,0.6383256528417819,"[[915, 170], [527, 403]]"
ada600,sweep,0.5033265837323242,0.5696774193548387,0.6540942928039702,0.6296466973886329,"[[1028, 57], [640, 290]]"
hgb_lr0.02_leaf63,sweep,0.958127329345517,0.5512903225806451,0.6540942928039702,0.628494623655914,"[[1043, 42], [655, 275]]"
hgb_lr0.08_leaf15,sweep,0.9792381748579647,0.5546774193548387,0.6540942928039702,0.628494623655914,"[[1043, 42], [655, 275]]"
hgb_lr0.08_leaf63,sweep,0.000594923217224207,0.5658064516129032,0.6535980148883375,0.6781874039938556,"[[389, 696], [2, 928]]"
lda,sweep,0.14661774837374686,0.562258064516129,0.6535980148883375,0.6781874039938556,"[[389, 696], [2, 928]]"
gb_lr0.05_d3,sweep,0.14682196785568521,0.5708064516129032,0.6535980148883375,0.6779569892473118,"[[392, 693], [5, 925]]"
qda001,sweep,0.003981676520675323,0.5896774193548387,0.6535980148883375,0.6749615975422427,"[[431, 654], [44, 886]]"
ada100,sweep,0.5121545575452577,0.5511290322580645,0.6535980148883375,0.6269585253456221,"[[1056, 29], [669, 261]]"
gb_lr0.05_d3,sweep,0.14606291665466073,0.5704838709677419,0.6531017369727047,0.6774961597542243,"[[391, 694], [5, 925]]"
hgb_lr0.02_leaf31,sweep,0.9259415952695387,0.5493548387096774,0.6531017369727047,0.6274961597542242,"[[1042, 43], [656, 274]]"
hgb_lr0.04_leaf63,sweep,0.9946999139656748,0.5498387096774193,0.6531017369727047,0.6274961597542242,"[[1042, 43], [656, 274]]"
hgb_lr0.06_leaf15,sweep,0.9602389792167368,0.5524193548387096,0.6531017369727047,0.6274961597542242,"[[1042, 43], [656, 274]]"
hgb_lr0.02_leaf31,sweep,0.9260442627534021,0.5496774193548387,0.6531017369727047,0.6274193548387097,"[[1043, 42], [657, 273]]"
gb_lr0.08_d2,sweep,0.8913608910249934,0.5448387096774193,0.6531017369727047,0.6261904761904762,"[[1059, 26], [673, 257]]"
gb_lr0.03_d2,sweep,0.8350157940915793,0.5458064516129032,0.6531017369727047,0.6259600614439325,"[[1062, 23], [676, 254]]"
gb_lr0.05_d2,sweep,0.8632151213129761,0.5429032258064516,0.652605459057072,0.6255760368663594,"[[1060, 25], [675, 255]]"
gb_lr0.05_d2,sweep,0.19057057846648248,0.5674193548387096,0.6521091811414392,0.6764976958525346,"[[390, 695], [6, 924]]"
ada300,sweep,0.496639871719275,0.5653225806451613,0.6521091811414392,0.6764976958525346,"[[390, 695], [6, 924]]"
ada600,sweep,0.4981005616537819,0.577741935483871,0.6521091811414392,0.6761136712749616,"[[395, 690], [11, 919]]"
hgb_lr0.06_leaf31,sweep,0.9904714258833206,0.5559677419354838,0.6521091811414392,0.6268049155145929,"[[1037, 48], [653, 277]]"
hgb_lr0.04_leaf15,sweep,0.9313420808095995,0.5529032258064516,0.6521091811414392,0.6264976958525346,"[[1041, 44], [657, 273]]"
hgb_lr0.06_leaf63,sweep,0.9990647201955882,0.5462903225806451,0.6521091811414392,0.6264976958525346,"[[1041, 44], [657, 273]]"
hgb_lr0.04_leaf31,sweep,0.9774021980670676,0.5487096774193548,0.6521091811414392,0.6258832565284178,"[[1049, 36], [665, 265]]"
gb_lr0.03_d3,sweep,0.8727383908775838,0.5467741935483871,0.6521091811414392,0.6258832565284178,"[[1049, 36], [665, 265]]"
"mlp(128,)",sweep,0.9977472564697265,0.5567741935483871,0.6521091811414392,0.6257296466973886,"[[1051, 34], [667, 263]]"
"mlp(64, 32)",sweep,0.9999933885574341,0.5587096774193548,0.6521091811414392,0.6257296466973886,"[[1051, 34], [667, 263]]"
nusvc03,sweep,0.9999999997916246,0.572741935483871,0.6521091811414392,0.6257296466973886,"[[1051, 34], [667, 263]]"
ada100,sweep,0.5123516172699314,0.5516129032258065,0.6521091811414392,0.6249615975422427,"[[1061, 24], [677, 253]]"
qda001,sweep,0.003404576232066399,0.5882258064516129,0.6516129032258065,0.6731182795698925,"[[427, 658], [44, 886]]"
qda001,sweep,0.9999988887136051,0.5708064516129032,0.6516129032258065,0.6352534562211982,"[[920, 165], [537, 393]]"
lda,sweep,0.8578750901222228,0.5709677419354838,0.6516129032258065,0.6290322580645161,"[[1001, 84], [618, 312]]"
hgb_lr0.08_leaf31,sweep,0.9957908054289858,0.557741935483871,0.6516129032258065,0.6274961597542242,"[[1021, 64], [638, 292]]"
"mlp(128,)",sweep,0.9977944193482399,0.5561290322580645,0.6516129032258065,0.6251152073732719,"[[1052, 33], [669, 261]]"
gb_lr0.08_d1,sweep,0.8175169860799393,0.5464516129032259,0.6516129032258065,0.6233486943164362,"[[1075, 10], [692, 238]]"
hgb_lr0.06_leaf15,sweep,0.09954933087754952,0.5796774193548387,0.6511166253101737,0.6758832565284179,"[[384, 701], [2, 928]]"
hgb_lr0.08_leaf31,sweep,0.9958467291047124,0.557741935483871,0.6511166253101737,0.6268817204301075,"[[1022, 63], [640, 290]]"
hgb_lr0.02_leaf63,sweep,0.9598125695404932,0.5493548387096774,0.6511166253101737,0.6251920122887865,"[[1044, 41], [662, 268]]"
"mlp(64, 32)",sweep,0.9999928782224655,0.5593548387096774,0.6511166253101737,0.6248079877112135,"[[1049, 36], [667, 263]]"
gb_lr0.08_d3,sweep,0.939423811445809,0.5390322580645162,0.6511166253101737,0.6241935483870968,"[[1057, 28], [675, 255]]"
gb_lr0.05_d2,sweep,0.8643583763129637,0.5437096774193548,0.6511166253101737,0.623963133640553,"[[1060, 25], [678, 252]]"
gb_lr0.03_d1,sweep,0.24601229312009695,0.5725806451612904,0.6506203473945409,0.6755760368663595,"[[381, 704], [0, 930]]"
gb_lr0.03_d3,sweep,0.15523859106631485,0.567741935483871,0.6506203473945409,0.6754992319508448,"[[382, 703], [1, 929]]"
ada600,sweep,0.5033767226474574,0.5687096774193549,0.6506203473945409,0.6257296466973886,"[[1030, 55], [649, 281]]"
hgb_lr0.08_leaf63,sweep,0.9998602064356064,0.5512903225806451,0.6506203473945409,0.6250384024577573,"[[1039, 46], [658, 272]]"
ada300,sweep,0.5052958629043965,0.5566129032258065,0.6506203473945409,0.6242703533026114,"[[1049, 36], [668, 262]]"
hgb_lr0.06_leaf31,sweep,0.02048570591425596,0.5679032258064516,0.6501240694789082,0.6751152073732719,"[[380, 705], [0, 930]]"
gb_lr0.08_d2,sweep,0.1511616479864421,0.5701612903225807,0.6501240694789082,0.6745007680491552,"[[388, 697], [8, 922]]"
ada600,sweep,0.49800141790213276,0.5737096774193549,0.6501240694789082,0.6745007680491552,"[[388, 697], [8, 922]]"
lda,sweep,0.8592298151969909,0.5701612903225807,0.6501240694789082,0.627342549923195,"[[1002, 83], [622, 308]]"
hgb_lr0.08_leaf63,sweep,0.9998620811256528,0.5516129032258065,0.6501240694789082,0.6245007680491552,"[[1039, 46], [659, 271]]"
hgb_lr0.04_leaf31,sweep,0.9780675684657869,0.5480645161290323,0.6501240694789082,0.6237327188940092,"[[1049, 36], [669, 261]]"
gb_lr0.03_d3,sweep,0.8744711892963761,0.5467741935483871,0.6501240694789082,0.6237327188940092,"[[1049, 36], [669, 261]]"
gb_lr0.05_d3,sweep,0.9064814110226745,0.5491935483870968,0.6501240694789082,0.6237327188940092,"[[1049, 36], [669, 261]]"
gb_lr0.05_d3,sweep,0.9064964286492508,0.5490322580645162,0.6501240694789082,0.6237327188940092,"[[1049, 36], [669, 261]]"
ada300,sweep,0.5052980212422074,0.5566129032258065,0.6501240694789082,0.6237327188940092,"[[1049, 36], [669, 261]]"
"mlp(64,)",sweep,0.9990704637527466,0.5520967741935484,0.6501240694789082,0.6237327188940092,"[[1049, 36], [669, 261]]"
gb_lr0.08_d2,sweep,0.892428593927458,0.5446774193548387,0.6501240694789082,0.6229646697388633,"[[1059, 26], [679, 251]]"
"mlp(128,)",sweep,0.006856622059084475,0.5462903225806451,0.6496277915632754,0.6746543778801843,"[[379, 706], [0, 930]]"
ada100,sweep,0.4929739006273069,0.5548387096774193,0.6496277915632754,0.6745007680491552,"[[381, 704], [2, 928]]"
gb_lr0.08_d2,sweep,0.15057349113171686,0.5696774193548387,0.6496277915632754,0.6740399385560676,"[[387, 698], [8, 922]]"
qda001,sweep,0.9999989739183828,0.5709677419354838,0.6496277915632754,0.6331029185867896,"[[920, 165], [541, 389]]"
hgb_lr0.06_leaf15,sweep,0.9615046048339998,0.5525806451612904,0.6496277915632754,0.6236559139784946,"[[1043, 42], [664, 266]]"
hgb_lr0.08_leaf15,sweep,0.9806269253480475,0.5545161290322581,0.6496277915632754,0.6233486943164362,"[[1047, 38], [668, 262]]"
gb_lr0.05_d1,sweep,0.8018597666224009,0.5496774193548387,0.6496277915632754,0.6209677419354839,"[[1078, 7], [699, 231]]"
"mlp(64,)",sweep,0.01168522253632545,0.557258064516129,0.6491315136476427,0.6741935483870968,"[[378, 707], [0, 930]]"
hgb_lr0.04_leaf15,sweep,0.10826413228775128,0.5701612903225807,0.6491315136476427,0.6741167434715822,"[[379, 706], [1, 929]]"
gb_lr0.08_d3,sweep,0.10344808109400737,0.5688709677419355,0.6491315136476427,0.6741167434715822,"[[379, 706], [1, 929]]"
hgb_lr0.08_leaf15,sweep,0.9807949297737703,0.5546774193548387,0.6491315136476427,0.6227342549923195,"[[1048, 37], [670, 260]]"
nusvc03,sweep,0.9999999998242753,0.5719354838709677,0.6491315136476427,0.6224270353302611,"[[1052, 33], [674, 256]]"
hgb_lr0.08_leaf15,sweep,0.07580737148109626,0.577741935483871,0.6486352357320099,0.6735023041474655,"[[380, 705], [3, 927]]"
ada600,sweep,0.4979780633758222,0.572741935483871,0.6486352357320099,0.6731182795698925,"[[385, 700], [8, 922]]"
hgb_lr0.06_leaf63,sweep,0.9991407535321843,0.5458064516129032,0.6486352357320099,0.6225806451612903,"[[1043, 42], [666, 264]]"
ada100,sweep,0.5126237912273228,0.5503225806451613,0.6486352357320099,0.6208141321044547,"[[1066, 19], [689, 241]]"
gb_lr0.08_d1,sweep,0.8194030464233628,0.5459677419354839,0.6486352357320099,0.6199692780337942,"[[1077, 8], [700, 230]]"
hgb_lr0.06_leaf31,sweep,0.019563480398580732,0.5674193548387096,0.6481389578163772,0.6732718894009216,"[[376, 709], [0, 930]]"
gb_lr0.03_d1,sweep,0.24077256937255676,0.5720967741935484,0.6481389578163772,0.6732718894009216,"[[376, 709], [0, 930]]"
gb_lr0.03_d2,sweep,0.20412198936960935,0.5703225806451613,0.6481389578163772,0.6732718894009216,"[[376, 709], [0, 930]]"
gb_lr0.08_d1,sweep,0.23310662851308653,0.5659677419354838,0.6481389578163772,0.6732718894009216,"[[376, 709], [0, 930]]"
"mlp(64,)",sweep,0.01133763333708048,0.5569354838709677,0.6481389578163772,0.6732718894009216,"[[376, 709], [0, 930]]"
"mlp(128,)",sweep,0.006463967126607898,0.5446774193548387,0.6481389578163772,0.6732718894009216,"[[376, 709], [0, 930]]"
"mlp(64, 32)",sweep,0.0003965495363343509,0.5638709677419355,0.6481389578163772,0.6732718894009216,"[[376, 709], [0, 930]]"
gnb,sweep,1.802821834366109e-43,0.575,0.6481389578163772,0.6732718894009216,"[[376, 709], [0, 930]]"
nusvc03,sweep,0.0007938242222036219,0.5743548387096774,0.6481389578163772,0.6732718894009216,"[[376, 709], [0, 930]]"
hgb_lr0.06_leaf31,sweep,0.9908566223317155,0.5543548387096774,0.6481389578163772,0.6225038402457758,"[[1037, 48], [661, 269]]"
hgb_lr0.02_leaf15,sweep,0.8862055419301555,0.545483870967742,0.6481389578163772,0.621889400921659,"[[1045, 40], [669, 261]]"
gb_lr0.08_d3,sweep,0.9402451155487899,0.5398387096774193,0.6481389578163772,0.6209677419354839,"[[1057, 28], [681, 249]]"
gb_lr0.05_d1,sweep,0.2508652270839109,0.57,0.6476426799007444,0.6728110599078341,"[[375, 710], [0, 930]]"
hgb_lr0.08_leaf31,sweep,0.010809104530294206,0.5714516129032258,0.6476426799007444,0.6727342549923195,"[[376, 709], [1, 929]]"
ada100,sweep,0.5126871372072519,0.5495161290322581,0.6476426799007444,0.6197388632872504,"[[1066, 19], [691, 239]]"
hgb_lr0.02_leaf15,sweep,0.15460975023309656,0.5630645161290323,0.6471464019851116,0.672273425499232,"[[375, 710], [1, 929]]"
hgb_lr0.02_leaf31,sweep,0.10235834735751785,0.5685483870967742,0.6471464019851116,0.672273425499232,"[[375, 710], [1, 929]]"
hgb_lr0.02_leaf63,sweep,0.05554811822665417,0.5691935483870968,0.6471464019851116,0.672273425499232,"[[375, 710], [1, 929]]"
hgb_lr0.04_leaf15,sweep,0.1048097990974486,0.5683870967741935,0.6471464019851116,0.672273425499232,"[[375, 710], [1, 929]]"
hgb_lr0.04_leaf63,sweep,0.01241543937840878,0.5667741935483871,0.6471464019851116,0.672273425499232,"[[375, 710], [1, 929]]"
hgb_lr0.08_leaf31,sweep,0.010666485035487385,0.5714516129032258,0.6471464019851116,0.672273425499232,"[[375, 710], [1, 929]]"
hgb_lr0.08_leaf63,sweep,0.0004969680944640109,0.5646774193548387,0.6471464019851116,0.672273425499232,"[[375, 710], [1, 929]]"
gb_lr0.03_d3,sweep,0.14994731249578613,0.5669354838709677,0.6471464019851116,0.672273425499232,"[[375, 710], [1, 929]]"
gb_lr0.08_d3,sweep,0.09944340733943614,0.5675806451612904,0.6471464019851116,0.672273425499232,"[[375, 710], [1, 929]]"
qda001,sweep,0.0023161267630649614,0.5880645161290322,0.6471464019851116,0.6693548387096774,"[[413, 672], [39, 891]]"
hgb_lr0.08_leaf31,sweep,0.9963229038743611,0.555,0.6471464019851116,0.6222734254992319,"[[1026, 59], [652, 278]]"
hgb_lr0.02_leaf15,sweep,0.8868025905729573,0.545,0.6471464019851116,0.62073732718894,"[[1046, 39], [672, 258]]"
"mlp(64,)",sweep,0.9992051185369492,0.5501612903225807,0.6471464019851116,0.6201996927803379,"[[1053, 32], [679, 251]]"
qda001,sweep,0.002360634180216669,0.5882258064516129,0.6466501240694789,0.6687403993855607,"[[414, 671], [41, 889]]"
qda001,sweep,0.9999994183149353,0.5698387096774193,0.6466501240694789,0.6285714285714286,"[[937, 148], [564, 366]]"
hgb_lr0.08_leaf31,sweep,0.9963324946767304,0.5548387096774193,0.6466501240694789,0.6217357910906298,"[[1026, 59], [653, 277]]"
ada600,sweep,0.5034520025150186,0.5682258064516129,0.6466501240694789,0.6212749615975423,"[[1032, 53], [659, 271]]"
gb_lr0.03_d1,sweep,0.7751700090785592,0.5530645161290323,0.6466501240694789,0.6179723502304147,"[[1075, 10], [702, 228]]"
gb_lr0.03_d1,sweep,0.775245102144469,0.5530645161290323,0.6466501240694789,0.6179723502304147,"[[1075, 10], [702, 228]]"
hgb_lr0.06_leaf15,sweep,0.09406535235506416,0.577258064516129,0.6461538461538462,0.6712749615975422,"[[374, 711], [2, 928]]"
hgb_lr0.06_leaf63,sweep,0.002715720365438593,0.5646774193548387,0.6461538461538462,0.6712749615975422,"[[374, 711], [2, 928]]"
hgb_lr0.08_leaf15,sweep,0.06886928123752623,0.5748387096774193,0.6461538461538462,0.6712749615975422,"[[374, 711], [2, 928]]"
ada100,sweep,0.4927741769947534,0.5546774193548387,0.6461538461538462,0.6712749615975422,"[[374, 711], [2, 928]]"
lda,sweep,0.13874261193275453,0.5580645161290323,0.6461538461538462,0.6712749615975422,"[[374, 711], [2, 928]]"
hgb_lr0.02_leaf31,sweep,0.9300941686815315,0.5487096774193548,0.6461538461538462,0.6197388632872505,"[[1045, 40], [673, 257]]"
"mlp(64, 32)",sweep,0.999995231628418,0.5569354838709677,0.6461538461538462,0.6190476190476191,"[[1054, 31], [682, 248]]"
"mlp(128,)",sweep,0.9980039338111878,0.555483870967742,0.6461538461538462,0.6189708141321044,"[[1055, 30], [683, 247]]"
gb_lr0.03_d2,sweep,0.8401457632556671,0.545,0.6461538461538462,0.6182027649769585,"[[1065, 20], [693, 237]]"
qda001,sweep,0.0014872190359265965,0.5854838709677419,0.6456575682382134,0.6682795698924732,"[[406, 679], [35, 895]]"
qda001,sweep,0.9999992230902853,0.5709677419354838,0.6456575682382134,0.6283410138248848,"[[926, 159], [555, 375]]"
gb_lr0.05_d3,sweep,0.9116322931945694,0.5490322580645162,0.6456575682382134,0.6185099846390169,"[[1054, 31], [683, 247]]"
"mlp(64, 32)",sweep,0.9999953508377075,0.5567741935483871,0.6456575682382134,0.6185099846390169,"[[1054, 31], [683, 247]]"
gb_lr0.05_d2,sweep,0.8687846986329407,0.5412903225806451,0.6456575682382134,0.6178187403993856,"[[1063, 22], [692, 238]]"
gb_lr0.08_d1,sweep,0.23109551821879823,0.5651612903225807,0.6451612903225806,0.6705069124423964,"[[370, 715], [0, 930]]"
hgb_lr0.04_leaf31,sweep,0.053095954740455004,0.5696774193548387,0.6451612903225806,0.6702764976958526,"[[373, 712], [3, 927]]"
gb_lr0.05_d2,sweep,0.17684188441427676,0.5662903225806452,0.6451612903225806,0.6702764976958526,"[[373, 712], [3, 927]]"
gb_lr0.05_d3,sweep,0.13249904868955859,0.5685483870967742,0.6451612903225806,0.6702764976958526,"[[373, 712], [3, 927]]"
ada300,sweep,0.4963721805948147,0.562741935483871,0.6451612903225806,0.6701228878648233,"[[375, 710], [5, 925]]"
ada600,sweep,0.49782605026656856,0.5703225806451613,0.6451612903225806,0.6701228878648233,"[[375, 710], [5, 925]]"
qda001,sweep,0.9999992417474823,0.5709677419354838,0.6451612903225806,0.6278033794162826,"[[926, 159], [556, 374]]"
hgb_lr0.02_leaf63,sweep,0.9615825676466112,0.5480645161290323,0.6451612903225806,0.6187403993855607,"[[1044, 41], [674, 256]]"
hgb_lr0.04_leaf15,sweep,0.9343809134859918,0.5517741935483871,0.6451612903225806,0.6187403993855607,"[[1044, 41], [674, 256]]"
hgb_lr0.06_leaf15,sweep,0.9627901590555699,0.5532258064516129,0.6451612903225806,0.6187403993855607,"[[1044, 41], [674, 256]]"
hgb_lr0.06_leaf63,sweep,0.9992013427135495,0.5448387096774193,0.6451612903225806,0.6187403993855607,"[[1044, 41], [674, 256]]"
hgb_lr0.04_leaf15,sweep,0.9363183532352551,0.5519354838709677,0.6451612903225806,0.6185099846390169,"[[1047, 38], [677, 253]]"
gb_lr0.05_d3,sweep,0.911761365555668,0.5487096774193548,0.6451612903225806,0.6179723502304147,"[[1054, 31], [684, 246]]"
nusvc03,sweep,0.9999999998540811,0.5712903225806452,0.6451612903225806,0.6179723502304147,"[[1054, 31], [684, 246]]"
gb_lr0.03_d2,sweep,0.8398335629085149,0.5448387096774193,0.6451612903225806,0.6172811059907835,"[[1063, 22], [693, 237]]"
lda,sweep,0.13676386320590972,0.5569354838709677,0.6446650124069478,0.6698924731182796,"[[371, 714], [2, 928]]"
lda,sweep,0.8636468476295471,0.5709677419354838,0.6446650124069478,0.6212749615975423,"[[1004, 81], [635, 295]]"
hgb_lr0.06_leaf31,sweep,0.9915387185955327,0.5538709677419354,0.6446650124069478,0.6185099846390169,"[[1040, 45], [671, 259]]"
ada300,sweep,0.5054786755749935,0.5529032258064516,0.6446650124069478,0.6175883256528417,"[[1052, 33], [683, 247]]"
gb_lr0.05_d1,sweep,0.80502328409449,0.5491935483870968,0.6446650124069478,0.6155145929339478,"[[1079, 6], [710, 220]]"
"mlp(64, 32)",sweep,0.00035873587138485116,0.5630645161290323,0.6441687344913152,0.6695852534562212,"[[368, 717], [0, 930]]"
nusvc03,sweep,0.0006865486914049027,0.5729032258064516,0.6441687344913152,0.6695852534562212,"[[368, 717], [0, 930]]"
hgb_lr0.02_leaf63,sweep,0.05396222766068225,0.5690322580645162,0.6441687344913152,0.6695084485407066,"[[369, 716], [1, 929]]"
qda001,sweep,0.9999994863390167,0.5706451612903226,0.6441687344913152,0.6258064516129032,"[[938, 147], [570, 360]]"
hgb_lr0.04_leaf63,sweep,0.9951400432210713,0.547258064516129,0.6441687344913152,0.6177419354838709,"[[1043, 42], [675, 255]]"
hgb_lr0.04_leaf63,sweep,0.9951436844588499,0.547258064516129,0.6441687344913152,0.6177419354838709,"[[1043, 42], [675, 255]]"
gb_lr0.03_d3,sweep,0.8780957853209664,0.5462903225806451,0.6441687344913152,0.6169738863287251,"[[1053, 32], [685, 245]]"
"mlp(64,)",sweep,0.9992658340454101,0.5493548387096774,0.6441687344913152,0.6169738863287251,"[[1053, 32], [685, 245]]"
gb_lr0.05_d2,sweep,0.868999133561305,0.5412903225806451,0.6441687344913152,0.6162058371735791,"[[1063, 22], [695, 235]]"
hgb_lr0.04_leaf63,sweep,0.01067765280751527,0.5670967741935484,0.6436724565756824,0.6691244239631337,"[[367, 718], [0, 930]]"
ada100,sweep,0.49237789363687157,0.5543548387096774,0.6436724565756824,0.6691244239631337,"[[367, 718], [0, 930]]"
hgb_lr0.02_leaf15,sweep,0.1505768544256656,0.5629032258064516,0.6436724565756824,0.669047619047619,"[[368, 717], [1, 929]]"
hgb_lr0.04_leaf31,sweep,0.052002672670273,0.5688709677419355,0.6436724565756824,0.6688940092165899,"[[370, 715], [3, 927]]"
hgb_lr0.04_leaf31,sweep,0.9796194306342723,0.5469354838709677,0.6436724565756824,0.6166666666666667,"[[1050, 35], [683, 247]]"
hgb_lr0.02_leaf15,sweep,0.8906494867794992,0.5435483870967742,0.6436724565756824,0.616589861751152,"[[1051, 34], [684, 246]]"
gb_lr0.05_d1,sweep,0.24391700042014863,0.5683870967741935,0.6431761786600496,0.6686635944700461,"[[366, 719], [0, 930]]"
hgb_lr0.08_leaf15,sweep,0.06488118095054923,0.5735483870967742,0.6431761786600496,0.6685099846390169,"[[368, 717], [2, 928]]"
ada300,sweep,0.4963004320163297,0.5598387096774193,0.6431761786600496,0.6682795698924731,"[[371, 714], [5, 925]]"
ada600,sweep,0.4977874081053133,0.5693548387096774,0.6431761786600496,0.6682795698924731,"[[371, 714], [5, 925]]"
hgb_lr0.08_leaf31,sweep,0.9966329784775764,0.5537096774193548,0.6431761786600496,0.6175115207373272,"[[1032, 53], [666, 264]]"
ada600,sweep,0.5035074204183593,0.5688709677419355,0.6431761786600496,0.6175115207373272,"[[1032, 53], [666, 264]]"
hgb_lr0.02_leaf31,sweep,0.9311156235740612,0.5474193548387096,0.6431761786600496,0.6163594470046083,"[[1047, 38], [681, 249]]"
hgb_lr0.08_leaf15,sweep,0.9825515177995602,0.5545161290322581,0.6431761786600496,0.6159754224270353,"[[1052, 33], [686, 244]]"
ada300,sweep,0.5054914701403284,0.5529032258064516,0.6431761786600496,0.6159754224270353,"[[1052, 33], [686, 244]]"
gb_lr0.08_d2,sweep,0.898837664368247,0.5435483870967742,0.6431761786600496,0.6153609831029185,"[[1060, 25], [694, 236]]"
ada100,sweep,0.5130514900292832,0.5458064516129032,0.6431761786600496,0.614516129032258,"[[1071, 14], [705, 225]]"
gb_lr0.05_d2,sweep,0.17155031303077228,0.5651612903225807,0.6426799007444168,0.668125960061444,"[[366, 719], [1, 929]]"
qda001,sweep,0.00132856796796639,0.5856451612903226,0.6426799007444168,0.6655145929339478,"[[400, 685], [35, 895]]"
hgb_lr0.02_leaf63,sweep,0.9626410000375241,0.5467741935483871,0.6426799007444168,0.6158986175115208,"[[1046, 39], [681, 249]]"
gb_lr0.03_d3,sweep,0.8789256154286899,0.5462903225806451,0.6426799007444168,0.6153609831029185,"[[1053, 32], [688, 242]]"
hgb_lr0.02_leaf31,sweep,0.09690424017429346,0.5667741935483871,0.6421836228287842,0.6676651305683563,"[[365, 720], [1, 929]]"
lda,sweep,0.8670084736824035,0.5696774193548387,0.6421836228287842,0.6183563748079877,"[[1007, 78], [643, 287]]"
hgb_lr0.06_leaf31,sweep,0.9920546055600712,0.5519354838709677,0.6421836228287842,0.6157450076804916,"[[1041, 44], [677, 253]]"
hgb_lr0.02_leaf15,sweep,0.8910977682053748,0.5430645161290323,0.6421836228287842,0.6149769585253456,"[[1051, 34], [687, 243]]"
hgb_lr0.04_leaf31,sweep,0.9801051910229344,0.5480645161290323,0.6421836228287842,0.6149769585253456,"[[1051, 34], [687, 243]]"
gb_lr0.08_d3,sweep,0.9423792076901734,0.540483870967742,0.6421836228287842,0.6142089093701997,"[[1061, 24], [697, 233]]"
gb_lr0.08_d1,sweep,0.8239083501591665,0.5459677419354839,0.6421836228287842,0.6129800307219662,"[[1077, 8], [713, 217]]"
gb_lr0.03_d2,sweep,0.19344418864069868,0.5680645161290323,0.6416873449131514,0.6672811059907834,"[[363, 722], [0, 930]]"
hgb_lr0.04_leaf15,sweep,0.09284800676053209,0.5648387096774193,0.6416873449131514,0.6672043010752688,"[[364, 721], [1, 929]]"
gb_lr0.08_d2,sweep,0.1305409527287225,0.5641935483870968,0.6416873449131514,0.6666666666666667,"[[371, 714], [8, 922]]"
qda001,sweep,0.9999996356270933,0.5679032258064516,0.6416873449131514,0.622811059907834,"[[942, 143], [579, 351]]"
hgb_lr0.08_leaf63,sweep,0.9998877818443639,0.5520967741935484,0.6416873449131514,0.615284178187404,"[[1040, 45], [677, 253]]"
"mlp(64, 32)",sweep,0.9999966653823853,0.5541935483870968,0.6416873449131514,0.6138248847926266,"[[1059, 26], [696, 234]]"
hgb_lr0.06_leaf15,sweep,0.08847144393726988,0.5758064516129032,0.6411910669975186,0.6666666666666666,"[[364, 721], [2, 928]]"
gb_lr0.08_d2,sweep,0.12919761253924744,0.5640322580645162,0.6411910669975186,0.6662826420890937,"[[369, 716], [7, 923]]"
hgb_lr0.08_leaf63,sweep,0.9998896260036686,0.5514516129032258,0.6411910669975186,0.6147465437788018,"[[1040, 45], [678, 252]]"
gb_lr0.08_d2,sweep,0.8995538966271065,0.5430645161290323,0.6411910669975186,0.61321044546851,"[[1060, 25], [698, 232]]"
lda,sweep,0.8686604092359543,0.5680645161290323,0.6406947890818858,0.6165130568356374,"[[1010, 75], [649, 281]]"
gb_lr0.03_d2,sweep,0.8437980501179837,0.5425806451612903,0.6406947890818858,0.6119815668202765,"[[1069, 16], [708, 222]]"
ada100,sweep,0.5131884277551155,0.5459677419354839,0.6406947890818858,0.6117511520737327,"[[1072, 13], [711, 219]]"
gb_lr0.05_d1,sweep,0.8079190900586121,0.5483870967741935,0.6406947890818858,0.6112135176651305,"[[1079, 6], [718, 212]]"
qda001,sweep,0.9999996470457574,0.567258064516129,0.6401985111662531,0.6211981566820276,"[[942, 143], [582, 348]]"
hgb_lr0.02_leaf31,sweep,0.9326585593436286,0.5480645161290323,0.6401985111662531,0.6129800307219662,"[[1049, 36], [689, 241]]"
hgb_lr0.08_leaf15,sweep,0.9830640000556011,0.5537096774193548,0.6401985111662531,0.6127496159754224,"[[1052, 33], [692, 238]]"
"mlp(64, 32)",sweep,0.9999967813491821,0.5541935483870968,0.6401985111662531,0.6122119815668202,"[[1059, 26], [699, 231]]"
qda001,sweep,0.0009308400682026613,0.5843548387096774,0.6397022332506204,0.6630568356374809,"[[390, 695], [31, 899]]"
hgb_lr0.06_leaf63,sweep,0.9992944752698149,0.5453225806451613,0.6397022332506204,0.6125960061443932,"[[1047, 38], [688, 242]]"
gb_lr0.08_d3,sweep,0.9444082696953362,0.5391935483870968,0.6397022332506204,0.6115207373271889,"[[1061, 24], [702, 228]]"
gb_lr0.08_d1,sweep,0.825695527705262,0.5459677419354839,0.6397022332506204,0.6102150537634409,"[[1078, 7], [719, 211]]"
qda001,sweep,0.999999731773248,0.5654838709677419,0.6392059553349876,0.6195852534562212,"[[949, 136], [591, 339]]"
hgb_lr0.04_leaf15,sweep,0.9408700929616242,0.5508064516129032,0.6392059553349876,0.6119815668202765,"[[1048, 37], [690, 240]]"
hgb_lr0.06_leaf31,sweep,0.01516868838272035,0.5638709677419355,0.6387096774193548,0.6645161290322581,"[[357, 728], [0, 930]]"
ada600,sweep,0.497652475992194,0.5674193548387096,0.6387096774193548,0.6642089093701997,"[[361, 724], [4, 926]]"
qda001,sweep,0.9999997768541149,0.5641935483870968,0.6387096774193548,0.618663594470046,"[[954, 131], [597, 333]]"
hgb_lr0.08_leaf31,sweep,0.996895434399629,0.5538709677419354,0.6387096774193548,0.6126728110599078,"[[1032, 53], [675, 255]]"
hgb_lr0.06_leaf31,sweep,0.9926510586676541,0.5519354838709677,0.6387096774193548,0.611904761904762,"[[1042, 43], [685, 245]]"
hgb_lr0.04_leaf63,sweep,0.009070112622368096,0.5645161290322581,0.6382133995037221,0.6640552995391705,"[[356, 729], [0, 930]]"
hgb_lr0.06_leaf31,sweep,0.015109948733445127,0.5638709677419355,0.6382133995037221,0.6640552995391705,"[[356, 729], [0, 930]]"
gb_lr0.03_d2,sweep,0.18771475216921446,0.5669354838709677,0.6382133995037221,0.6640552995391705,"[[356, 729], [0, 930]]"
gb_lr0.05_d1,sweep,0.2374753751510447,0.5666129032258065,0.6382133995037221,0.6640552995391705,"[[356, 729], [0, 930]]"
gb_lr0.08_d1,sweep,0.2174492354120214,0.5612903225806452,0.6382133995037221,0.6640552995391705,"[[356, 729], [0, 930]]"
ada100,sweep,0.49173286811895867,0.5530645161290323,0.6382133995037221,0.6640552995391705,"[[356, 729], [0, 930]]"
"mlp(64,)",sweep,0.009228431946411738,0.5538709677419354,0.6382133995037221,0.6640552995391705,"[[356, 729], [0, 930]]"
"mlp(128,)",sweep,0.005304984044283631,0.5391935483870968,0.6382133995037221,0.6640552995391705,"[[356, 729], [0, 930]]"
"mlp(64, 32)",sweep,0.0002755619374453091,0.5601612903225807,0.6382133995037221,0.6640552995391705,"[[356, 729], [0, 930]]"
gnb,sweep,2.398235710200671e-46,0.575,0.6382133995037221,0.6640552995391705,"[[356, 729], [0, 930]]"
nusvc03,sweep,0.00044561470607695775,0.5690322580645162,0.6382133995037221,0.6640552995391705,"[[356, 729], [0, 930]]"
gb_lr0.08_d3,sweep,0.08738207190862023,0.5632258064516129,0.6382133995037221,0.6639784946236559,"[[357, 728], [1, 929]]"
hgb_lr0.06_leaf63,sweep,0.001991458496167698,0.5632258064516129,0.6382133995037221,0.6639016897081413,"[[358, 727], [2, 928]]"
hgb_lr0.04_leaf63,sweep,0.9956639744384155,0.5479032258064516,0.6382133995037221,0.6109831029185868,"[[1047, 38], [691, 239]]"
hgb_lr0.06_leaf63,sweep,0.999305105361615,0.545,0.6382133995037221,0.6109831029185868,"[[1047, 38], [691, 239]]"
hgb_lr0.04_leaf15,sweep,0.9417137829753329,0.5503225806451613,0.6382133995037221,0.6109062980030722,"[[1048, 37], [692, 238]]"
hgb_lr0.08_leaf15,sweep,0.9842619945653156,0.5533870967741935,0.6382133995037221,0.6102150537634409,"[[1057, 28], [701, 229]]"
nusvc03,sweep,0.999999999922363,0.5711290322580646,0.6382133995037221,0.6102150537634409,"[[1057, 28], [701, 229]]"
gb_lr0.05_d2,sweep,0.8747510867916544,0.5401612903225806,0.6382133995037221,0.6096774193548387,"[[1064, 21], [708, 222]]"
gb_lr0.03_d1,sweep,0.23184197721739316,0.5680645161290323,0.6377171215880894,0.663594470046083,"[[355, 730], [0, 930]]"
lda,sweep,0.12763635265827178,0.5506451612903226,0.6377171215880894,0.6635176651305683,"[[356, 729], [1, 929]]"
gb_lr0.03_d1,sweep,0.7820958005273183,0.5512903225806451,0.6377171215880894,0.6082181259600614,"[[1076, 9], [721, 209]]"
gb_lr0.03_d1,sweep,0.782442477536494,0.5506451612903226,0.6377171215880894,0.6081413210445469,"[[1077, 8], [722, 208]]"
hgb_lr0.02_leaf15,sweep,0.14104839384296372,0.5612903225806452,0.6372208436724566,0.6630568356374809,"[[355, 730], [1, 929]]"
hgb_lr0.02_leaf31,sweep,0.09062221113231113,0.565,0.6372208436724566,0.6630568356374809,"[[355, 730], [1, 929]]"
hgb_lr0.02_leaf63,sweep,0.04808012932889855,0.5664516129032258,0.6372208436724566,0.6630568356374809,"[[355, 730], [1, 929]]"
hgb_lr0.04_leaf15,sweep,0.08403721178848561,0.5624193548387096,0.6372208436724566,0.6630568356374809,"[[355, 730], [1, 929]]"
hgb_lr0.08_leaf31,sweep,0.007921977076342368,0.5662903225806452,0.6372208436724566,0.6630568356374809,"[[355, 730], [1, 929]]"
hgb_lr0.08_leaf63,sweep,0.0003844341290508593,0.5640322580645162,0.6372208436724566,0.6630568356374809,"[[355, 730], [1, 929]]"
gb_lr0.03_d3,sweep,0.13847457498112667,0.5643548387096774,0.6372208436724566,0.6630568356374809,"[[355, 730], [1, 929]]"
gb_lr0.05_d2,sweep,0.16095266426558932,0.5625806451612904,0.6372208436724566,0.6630568356374809,"[[355, 730], [1, 929]]"
gb_lr0.05_d3,sweep,0.1202372333274981,0.5669354838709677,0.6372208436724566,0.6630568356374809,"[[355, 730], [1, 929]]"
gb_lr0.08_d3,sweep,0.0867141810325646,0.5629032258064516,0.6372208436724566,0.6630568356374809,"[[355, 730], [1, 929]]"
lda,sweep,0.12726071201562883,0.550483870967742,0.6372208436724566,0.6630568356374809,"[[355, 730], [1, 929]]"
ada600,sweep,0.5035965882557729,0.5670967741935484,0.6372208436724566,0.610752688172043,"[[1036, 49], [682, 248]]"
hgb_lr0.02_leaf63,sweep,0.9648353295492682,0.5448387096774193,0.6372208436724566,0.609984639016897,"[[1046, 39], [692, 238]]"
gb_lr0.03_d3,sweep,0.882762507369263,0.5467741935483871,0.6372208436724566,0.6092165898617512,"[[1056, 29], [702, 228]]"
gb_lr0.05_d3,sweep,0.9162894114455011,0.5474193548387096,0.6372208436724566,0.6092165898617512,"[[1056, 29], [702, 228]]"
ada300,sweep,0.5056310299100814,0.5520967741935484,0.6372208436724566,0.6092165898617512,"[[1056, 29], [702, 228]]"
"mlp(64,)",sweep,0.9993510347366333,0.547741935483871,0.6372208436724566,0.6092165898617512,"[[1056, 29], [702, 228]]"
"mlp(128,)",sweep,0.9982862460136414,0.5524193548387096,0.6372208436724566,0.6092165898617512,"[[1056, 29], [702, 228]]"
nusvc03,sweep,0.9999999999286122,0.5714516129032258,0.6372208436724566,0.6090629800307219,"[[1058, 27], [704, 226]]"
qda001,sweep,0.0008769854236747261,0.5846774193548387,0.6367245657568238,0.6602918586789555,"[[384, 701], [31, 899]]"
ada600,sweep,0.5036059880484207,0.5670967741935484,0.6367245657568238,0.6102150537634409,"[[1036, 49], [683, 247]]"
hgb_lr0.06_leaf15,sweep,0.9651554199714687,0.5532258064516129,0.6367245657568238,0.6095238095238096,"[[1045, 40], [692, 238]]"
ada300,sweep,0.5056769026873597,0.5512903225806451,0.6367245657568238,0.6086021505376344,"[[1057, 28], [704, 226]]"
gb_lr0.05_d2,sweep,0.8759552642909944,0.54,0.6367245657568238,0.6079877112135177,"[[1065, 20], [712, 218]]"
gb_lr0.08_d2,sweep,0.9043429340302361,0.5438709677419354,0.6367245657568238,0.6079877112135177,"[[1065, 20], [712, 218]]"
hgb_lr0.08_leaf31,sweep,0.007736836959141116,0.5651612903225807,0.6362282878411911,0.6621351766513057,"[[353, 732], [1, 929]]"
gb_lr0.05_d3,sweep,0.1187476002477034,0.5667741935483871,0.6362282878411911,0.6621351766513057,"[[353, 732], [1, 929]]"
hgb_lr0.06_leaf15,sweep,0.079725043998477,0.5729032258064516,0.6362282878411911,0.6620583717357911,"[[354, 731], [2, 928]]"
hgb_lr0.06_leaf63,sweep,0.0018614861882861608,0.5624193548387096,0.6362282878411911,0.6620583717357911,"[[354, 731], [2, 928]]"
hgb_lr0.08_leaf15,sweep,0.05824575899664718,0.5720967741935484,0.6362282878411911,0.6620583717357911,"[[354, 731], [2, 928]]"
hgb_lr0.06_leaf15,sweep,0.965342937137715,0.5532258064516129,0.6362282878411911,0.6089861751152074,"[[1045, 40], [693, 237]]"
hgb_lr0.02_leaf63,sweep,0.9652078065569449,0.5446774193548387,0.6362282878411911,0.6088325652841782,"[[1047, 38], [695, 235]]"
hgb_lr0.04_leaf63,sweep,0.9957475248531352,0.5483870967741935,0.6362282878411911,0.6088325652841782,"[[1047, 38], [695, 235]]"
"mlp(64,)",sweep,0.008735608191415669,0.5529032258064516,0.6357320099255583,0.6617511520737327,"[[351, 734], [0, 930]]"
"mlp(128,)",sweep,0.005148670379351823,0.5388709677419354,0.6357320099255583,0.6617511520737327,"[[351, 734], [0, 930]]"
ada600,sweep,0.49751493915854833,0.5624193548387096,0.6357320099255583,0.6615975422427035,"[[353, 732], [2, 928]]"
ada100,sweep,0.4915786838325821,0.5525806451612904,0.6352357320099256,0.6612903225806451,"[[350, 735], [0, 930]]"
nusvc03,sweep,0.0003759405110586918,0.567258064516129,0.6352357320099256,0.6612903225806451,"[[350, 735], [0, 930]]"
hgb_lr0.04_leaf31,sweep,0.04215286296555233,0.5648387096774193,0.6352357320099256,0.6610599078341014,"[[353, 732], [3, 927]]"
ada600,sweep,0.4975368618721994,0.5632258064516129,0.6352357320099256,0.6610599078341014,"[[353, 732], [3, 927]]"
qda001,sweep,0.9999998364805125,0.5625806451612904,0.6352357320099256,0.6148233486943164,"[[955, 130], [605, 325]]"
hgb_lr0.08_leaf31,sweep,0.9972501881757107,0.5529032258064516,0.6352357320099256,0.6087557603686635,"[[1034, 51], [684, 246]]"
hgb_lr0.08_leaf63,sweep,0.9999059585828434,0.5509677419354839,0.6352357320099256,0.6079877112135177,"[[1044, 41], [694, 236]]"
hgb_lr0.02_leaf15,sweep,0.8938590529918355,0.5433870967741935,0.6352357320099256,0.6072196620583717,"[[1054, 31], [704, 226]]"
"mlp(128,)",sweep,0.9983448120594025,0.5514516129032258,0.6352357320099256,0.606989247311828,"[[1057, 28], [707, 223]]"
hgb_lr0.02_leaf15,sweep,0.8948377614762622,0.5433870967741935,0.6347394540942928,0.606605222734255,"[[1055, 30], [706, 224]]"
hgb_lr0.08_leaf15,sweep,0.9851751343747273,0.5538709677419354,0.6347394540942928,0.6062980030721966,"[[1059, 26], [710, 220]]"
gb_lr0.03_d2,sweep,0.8469358548533195,0.5433870967741935,0.6347394540942928,0.605453149001536,"[[1070, 15], [721, 209]]"
ada100,sweep,0.5135131566250446,0.5453225806451613,0.6347394540942928,0.6052227342549923,"[[1073, 12], [724, 206]]"
hgb_lr0.06_leaf15,sweep,0.07433653230791984,0.5708064516129032,0.63424317617866,0.6602918586789555,"[[349, 736], [1, 929]]"
ada300,sweep,0.4959684874984521,0.5570967741935484,0.63424317617866,0.6601382488479263,"[[351, 734], [3, 927]]"
ada300,sweep,0.49598983361021354,0.5569354838709677,0.63424317617866,0.6600614439324117,"[[352, 733], [4, 926]]"
hgb_lr0.06_leaf31,sweep,0.9934027652730274,0.5517741935483871,0.63424317617866,0.6069892473118279,"[[1043, 42], [695, 235]]"
hgb_lr0.02_leaf31,sweep,0.934575415961835,0.5479032258064516,0.63424317617866,0.6065284178187405,"[[1049, 36], [701, 229]]"
hgb_lr0.04_leaf15,sweep,0.9449383005064417,0.5474193548387096,0.63424317617866,0.6062211981566821,"[[1053, 32], [705, 225]]"
gb_lr0.05_d3,sweep,0.9173731549084351,0.547258064516129,0.63424317617866,0.6059907834101382,"[[1056, 29], [708, 222]]"
gb_lr0.05_d1,sweep,0.810996567093964,0.5461290322580645,0.63424317617866,0.6041474654377881,"[[1080, 5], [732, 198]]"
"mlp(64,)",sweep,0.9994018768310546,0.5474193548387096,0.6337468982630273,0.6054531490015361,"[[1056, 29], [709, 221]]"
gb_lr0.08_d3,sweep,0.9474395705270261,0.5375806451612903,0.6337468982630273,0.6049923195084486,"[[1062, 23], [715, 215]]"
gb_lr0.08_d1,sweep,0.831049532604692,0.5453225806451613,0.6337468982630273,0.603763440860215,"[[1078, 7], [731, 199]]"
hgb_lr0.08_leaf31,sweep,0.9973978892410996,0.5519354838709677,0.6332506203473945,0.606605222734255,"[[1034, 51], [688, 242]]"
hgb_lr0.04_leaf31,sweep,0.981389835446528,0.5487096774193548,0.6332506203473945,0.6052227342549923,"[[1052, 33], [706, 224]]"
"mlp(64, 32)",sweep,0.9999977350234985,0.5520967741935484,0.6332506203473945,0.604531490015361,"[[1061, 24], [715, 215]]"
gb_lr0.08_d2,sweep,0.9048709885260354,0.5437096774193548,0.6332506203473945,0.6042242703533026,"[[1065, 20], [719, 211]]"
ada100,sweep,0.5136144182677619,0.5440322580645162,0.6332506203473945,0.6036098310291859,"[[1073, 12], [727, 203]]"
"mlp(64, 32)",sweep,0.00019298664218513295,0.5561290322580645,0.6327543424317618,0.6589861751152074,"[[345, 740], [0, 930]]"
lda,sweep,0.8732962225914002,0.5656451612903226,0.6327543424317618,0.6077572964669739,"[[1012, 73], [667, 263]]"
hgb_lr0.06_leaf31,sweep,0.9935905895402825,0.5517741935483871,0.6327543424317618,0.6052995391705069,"[[1044, 41], [699, 231]]"
gb_lr0.03_d3,sweep,0.885841038919434,0.5464516129032259,0.6327543424317618,0.6040706605222734,"[[1060, 25], [715, 215]]"
nusvc03,sweep,0.9999999999539891,0.5698387096774193,0.6327543424317618,0.6039938556067588,"[[1061, 24], [716, 214]]"
gb_lr0.03_d2,sweep,0.8475834905438618,0.5438709677419354,0.6327543424317618,0.603225806451613,"[[1071, 14], [726, 204]]"
ada600,sweep,0.503723666737568,0.5669354838709677,0.632258064516129,0.6049923195084486,"[[1041, 44], [697, 233]]"
hgb_lr0.08_leaf63,sweep,0.9999117313396628,0.5512903225806451,0.632258064516129,0.6047619047619048,"[[1044, 41], [700, 230]]"
hgb_lr0.06_leaf15,sweep,0.9684767629609312,0.5508064516129032,0.632258064516129,0.6044546850998463,"[[1048, 37], [704, 226]]"
qda001,sweep,0.9999998600078084,0.5614516129032258,0.6317617866004963,0.6109831029185868,"[[956, 129], [613, 317]]"
hgb_lr0.06_leaf63,sweep,0.9993921035967275,0.5438709677419354,0.6317617866004963,0.6039170506912442,"[[1048, 37], [705, 225]]"
hgb_lr0.04_leaf31,sweep,0.98161309014337,0.5480645161290323,0.6317617866004963,0.6036098310291859,"[[1052, 33], [709, 221]]"
hgb_lr0.08_leaf15,sweep,0.9859106169108723,0.555483870967742,0.6317617866004963,0.6029953917050691,"[[1060, 25], [717, 213]]"
gb_lr0.03_d3,sweep,0.8864990577993301,0.5467741935483871,0.6317617866004963,0.6029953917050691,"[[1060, 25], [717, 213]]"
gb_lr0.05_d2,sweep,0.8814907520487529,0.5383870967741935,0.6317617866004963,0.6022273425499232,"[[1070, 15], [727, 203]]"
gb_lr0.05_d1,sweep,0.8115972783757524,0.5462903225806451,0.6317617866004963,0.6014592933947773,"[[1080, 5], [737, 193]]"
gb_lr0.08_d2,sweep,0.11777476434857091,0.5595161290322581,0.6312655086848635,0.6570660522273425,"[[349, 736], [7, 923]]"
hgb_lr0.02_leaf31,sweep,0.9356523745240929,0.5479032258064516,0.6312655086848635,0.603225806451613,"[[1050, 35], [708, 222]]"
hgb_lr0.02_leaf63,sweep,0.9671736112289496,0.5425806451612903,0.6312655086848635,0.603225806451613,"[[1050, 35], [708, 222]]"
hgb_lr0.04_leaf31,sweep,0.0388353034954883,0.5629032258064516,0.6307692307692307,0.656989247311828,"[[343, 742], [2, 928]]"
hgb_lr0.08_leaf15,sweep,0.048646372876923104,0.5691935483870968,0.6307692307692307,0.656989247311828,"[[343, 742], [2, 928]]"
gb_lr0.05_d3,sweep,0.920113163640319,0.5475806451612903,0.6307692307692307,0.6019969278033794,"[[1059, 26], [718, 212]]"
"mlp(128,)",sweep,0.9985046122312545,0.5511290322580645,0.6307692307692307,0.6019969278033794,"[[1059, 26], [718, 212]]"
gb_lr0.05_d2,sweep,0.8825020467933465,0.5367741935483871,0.6307692307692307,0.6011520737327188,"[[1070, 15], [729, 201]]"
qda001,sweep,0.0005588822773044446,0.5829032258064516,0.630272952853598,0.6543778801843319,"[[370, 715], [30, 900]]"
hgb_lr0.08_leaf31,sweep,0.9976920939866633,0.5511290322580645,0.630272952853598,0.6029953917050691,"[[1039, 46], [699, 231]]"
hgb_lr0.04_leaf63,sweep,0.9960434783127402,0.5474193548387096,0.630272952853598,0.6022273425499232,"[[1049, 36], [709, 221]]"
hgb_lr0.04_leaf63,sweep,0.006658901967108772,0.5624193548387096,0.6297766749379653,0.656221198156682,"[[339, 746], [0, 930]]"
gb_lr0.05_d2,sweep,0.1437976594292215,0.5585483870967742,0.6297766749379653,0.656221198156682,"[[339, 746], [0, 930]]"
hgb_lr0.04_leaf15,sweep,0.9469206512118938,0.5462903225806451,0.6297766749379653,0.601305683563748,"[[1054, 31], [715, 215]]"
gb_lr0.03_d1,sweep,0.7849002292401701,0.5503225806451613,0.6297766749379653,0.5994623655913979,"[[1078, 7], [739, 191]]"
gb_lr0.08_d1,sweep,0.8333825793285136,0.5445161290322581,0.6297766749379653,0.5994623655913979,"[[1078, 7], [739, 191]]"
qda001,sweep,0.9999998856197152,0.5608064516129032,0.6292803970223325,0.6080645161290323,"[[959, 126], [621, 309]]"
ada600,sweep,0.5037545316142547,0.5670967741935484,0.6292803970223325,0.6017665130568356,"[[1041, 44], [703, 227]]"
hgb_lr0.06_leaf15,sweep,0.9695131578351927,0.5506451612903226,0.6292803970223325,0.6012288786482335,"[[1048, 37], [710, 220]]"
hgb_lr0.06_leaf63,sweep,0.9994034429364009,0.5437096774193548,0.6292803970223325,0.6012288786482335,"[[1048, 37], [710, 220]]"
ada300,sweep,0.5058590844765173,0.5498387096774193,0.6287841191066997,0.6,"[[1057, 28], [720, 210]]"
gb_lr0.08_d3,sweep,0.948791612850674,0.5380645161290323,0.6287841191066997,0.5995391705069124,"[[1063, 22], [726, 204]]"
gb_lr0.08_d2,sweep,0.9080518745337122,0.5440322580645162,0.6287841191066997,0.599231950844854,"[[1067, 18], [730, 200]]"
hgb_lr0.02_leaf31,sweep,0.07774905442812309,0.5616129032258065,0.628287841191067,0.6548387096774193,"[[336, 749], [0, 930]]"
hgb_lr0.02_leaf63,sweep,0.040907792653284356,0.5646774193548387,0.628287841191067,0.6548387096774193,"[[336, 749], [0, 930]]"
hgb_lr0.04_leaf63,sweep,0.00638857104465418,0.5619354838709677,0.628287841191067,0.6548387096774193,"[[336, 749], [0, 930]]"
hgb_lr0.06_leaf31,sweep,0.01143059467305728,0.56,0.628287841191067,0.6548387096774193,"[[336, 749], [0, 930]]"
hgb_lr0.08_leaf63,sweep,0.0002714556215384028,0.5625806451612904,0.628287841191067,0.6548387096774193,"[[336, 749], [0, 930]]"
gb_lr0.03_d1,sweep,0.22348303148714388,0.5651612903225807,0.628287841191067,0.6548387096774193,"[[336, 749], [0, 930]]"
gb_lr0.03_d2,sweep,0.17494837116027448,0.5630645161290323,0.628287841191067,0.6548387096774193,"[[336, 749], [0, 930]]"
gb_lr0.03_d3,sweep,0.12875801706275514,0.5620967741935484,0.628287841191067,0.6548387096774193,"[[336, 749], [0, 930]]"
gb_lr0.05_d1,sweep,0.22799877735116075,0.5645161290322581,0.628287841191067,0.6548387096774193,"[[336, 749], [0, 930]]"
gb_lr0.05_d2,sweep,0.14299592841665212,0.5585483870967742,0.628287841191067,0.6548387096774193,"[[336, 749], [0, 930]]"
ada100,sweep,0.490627214599655,0.5498387096774193,0.628287841191067,0.6548387096774193,"[[336, 749], [0, 930]]"
"mlp(64,)",sweep,0.007743204701691866,0.5512903225806451,0.628287841191067,0.6548387096774193,"[[336, 749], [0, 930]]"
"mlp(128,)",sweep,0.00460418617501855,0.5375806451612903,0.628287841191067,0.6548387096774193,"[[336, 749], [0, 930]]"
"mlp(64, 32)",sweep,0.00015205457439878956,0.5533870967741935,0.628287841191067,0.6548387096774193,"[[336, 749], [0, 930]]"
lda,sweep,0.12045710077881813,0.5461290322580645,0.628287841191067,0.6548387096774193,"[[336, 749], [0, 930]]"
gnb,sweep,2.446034044926953e-49,0.5743548387096774,0.628287841191067,0.6548387096774193,"[[336, 749], [0, 930]]"
nusvc03,sweep,0.0002957572471103055,0.5648387096774193,0.628287841191067,0.6548387096774193,"[[336, 749], [0, 930]]"
qda001,sweep,0.0004306969366445637,0.5811290322580646,0.628287841191067,0.6525345622119816,"[[366, 719], [30, 900]]"
lda,sweep,0.8760722475886346,0.5651612903225807,0.628287841191067,0.6027649769585254,"[[1014, 71], [678, 252]]"
hgb_lr0.08_leaf31,sweep,0.9977497310918049,0.5508064516129032,0.628287841191067,0.6007680491551459,"[[1040, 45], [704, 226]]"
hgb_lr0.04_leaf63,sweep,0.9962755201876273,0.5446774193548387,0.628287841191067,0.5998463901689708,"[[1052, 33], [716, 214]]"
hgb_lr0.04_leaf15,sweep,0.07341176524488406,0.5601612903225807,0.6277915632754343,0.6543010752688172,"[[336, 749], [1, 929]]"
hgb_lr0.06_leaf31,sweep,0.9943776923199655,0.5503225806451613,0.6277915632754343,0.5997695852534561,"[[1046, 39], [711, 219]]"
hgb_lr0.04_leaf31,sweep,0.9826416455183513,0.547258064516129,0.6277915632754343,0.5990015360983103,"[[1056, 29], [721, 209]]"
"mlp(64,)",sweep,0.99946804189682,0.5440322580645162,0.6277915632754343,0.5990015360983103,"[[1056, 29], [721, 209]]"
gb_lr0.03_d2,sweep,0.8514878917412864,0.542741935483871,0.6277915632754343,0.5974654377880184,"[[1076, 9], [741, 189]]"
gb_lr0.03_d3,sweep,0.12530084353511473,0.5617741935483871,0.6272952853598015,0.6539170506912442,"[[334, 751], [0, 930]]"
gb_lr0.08_d1,sweep,0.205159260484352,0.5587096774193548,0.6272952853598015,0.6539170506912442,"[[334, 751], [0, 930]]"
ada100,sweep,0.4904587800016056,0.5498387096774193,0.6272952853598015,0.6539170506912442,"[[334, 751], [0, 930]]"
hgb_lr0.02_leaf15,sweep,0.13000634671428465,0.5582258064516129,0.6272952853598015,0.6538402457757296,"[[335, 750], [1, 929]]"
hgb_lr0.02_leaf15,sweep,0.13174447822578184,0.5590322580645162,0.6272952853598015,0.6538402457757296,"[[335, 750], [1, 929]]"
hgb_lr0.04_leaf15,sweep,0.0726678941482531,0.5598387096774193,0.6272952853598015,0.6538402457757296,"[[335, 750], [1, 929]]"
hgb_lr0.06_leaf15,sweep,0.062470114265185075,0.567741935483871,0.6272952853598015,0.6538402457757296,"[[335, 750], [1, 929]]"
hgb_lr0.08_leaf31,sweep,0.006353594695001525,0.562258064516129,0.6272952853598015,0.6538402457757296,"[[335, 750], [1, 929]]"
gb_lr0.05_d3,sweep,0.1048305396497572,0.5625806451612904,0.6272952853598015,0.6538402457757296,"[[335, 750], [1, 929]]"
gb_lr0.08_d3,sweep,0.07136709086356698,0.5588709677419355,0.6272952853598015,0.6538402457757296,"[[335, 750], [1, 929]]"
qda001,sweep,0.9999999113985897,0.5591935483870968,0.6272952853598015,0.6055299539170507,"[[964, 121], [630, 300]]"
qda001,sweep,0.9999999212838637,0.5588709677419355,0.6272952853598015,0.6052995391705069,"[[967, 118], [633, 297]]"
hgb_lr0.06_leaf31,sweep,0.9943939755969166,0.55,0.6272952853598015,0.599231950844854,"[[1046, 39], [712, 218]]"
hgb_lr0.08_leaf63,sweep,0.9999232364043065,0.5495161290322581,0.6272952853598015,0.599231950844854,"[[1046, 39], [712, 218]]"
ada300,sweep,0.5058926267619425,0.5501612903225807,0.6272952853598015,0.5982334869431644,"[[1059, 26], [725, 205]]"
gb_lr0.05_d3,sweep,0.9220003760461662,0.547741935483871,0.6272952853598015,0.5981566820276498,"[[1060, 25], [726, 204]]"
nusvc03,sweep,0.9999999999706582,0.567741935483871,0.6272952853598015,0.5978494623655913,"[[1064, 21], [730, 200]]"
hgb_lr0.08_leaf63,sweep,0.0002517669212905535,0.5617741935483871,0.6267990074441687,0.6534562211981567,"[[333, 752], [0, 930]]"
ada600,sweep,0.4972952111056178,0.5583870967741935,0.6267990074441687,0.6533026113671274,"[[335, 750], [2, 928]]"
qda001,sweep,0.0003807301402122373,0.5804838709677419,0.6267990074441687,0.6511520737327189,"[[363, 722], [30, 900]]"
hgb_lr0.02_leaf15,sweep,0.897984115520032,0.5432258064516129,0.6267990074441687,0.5980030721966206,"[[1055, 30], [722, 208]]"
hgb_lr0.04_leaf15,sweep,0.9493945120894004,0.5469354838709677,0.6267990074441687,0.5980030721966206,"[[1055, 30], [722, 208]]"
"mlp(64, 32)",sweep,0.9999980926513672,0.5501612903225807,0.6267990074441687,0.5974654377880184,"[[1062, 23], [729, 201]]"
nusvc03,sweep,0.9999999999744517,0.5667741935483871,0.6267990074441687,0.5972350230414747,"[[1065, 20], [732, 198]]"
ada100,sweep,0.5139087076887072,0.5406451612903226,0.6267990074441687,0.5964669738863287,"[[1075, 10], [742, 188]]"
hgb_lr0.06_leaf15,sweep,0.059325677494722555,0.5658064516129032,0.6263027295285359,0.6529185867895545,"[[333, 752], [1, 929]]"
hgb_lr0.04_leaf31,sweep,0.03439041460684278,0.5617741935483871,0.6263027295285359,0.65284178187404,"[[334, 751], [2, 928]]"
hgb_lr0.06_leaf63,sweep,0.0012214371719709465,0.5591935483870968,0.6263027295285359,0.65284178187404,"[[334, 751], [2, 928]]"
hgb_lr0.06_leaf63,sweep,0.0012621907501812605,0.5598387096774193,0.6263027295285359,0.65284178187404,"[[334, 751], [2, 928]]"
hgb_lr0.08_leaf15,sweep,0.04591304717916068,0.5669354838709677,0.6263027295285359,0.65284178187404,"[[334, 751], [2, 928]]"
ada600,sweep,0.49729484372042326,0.5582258064516129,0.6263027295285359,0.65284178187404,"[[334, 751], [2, 928]]"
gb_lr0.08_d2,sweep,0.11288382832247429,0.5579032258064516,0.6263027295285359,0.6525345622119816,"[[338, 747], [6, 924]]"
lda,sweep,0.8772921525239944,0.5646774193548387,0.6263027295285359,0.6005376344086021,"[[1015, 70], [683, 247]]"
ada600,sweep,0.5038706175651169,0.5659677419354838,0.6263027295285359,0.5982334869431644,"[[1045, 40], [713, 217]]"
gb_lr0.08_d1,sweep,0.2044793938533482,0.5579032258064516,0.6258064516129033,0.6525345622119816,"[[331, 754], [0, 930]]"
gnb,sweep,6.401385436397599e-51,0.5732258064516129,0.6258064516129033,0.6525345622119816,"[[331, 754], [0, 930]]"
hgb_lr0.02_leaf31,sweep,0.9381646348187603,0.5469354838709677,0.6258064516129033,0.5970046082949308,"[[1054, 31], [723, 207]]"
hgb_lr0.04_leaf63,sweep,0.9964792570593867,0.5448387096774193,0.6258064516129033,0.5970046082949308,"[[1054, 31], [723, 207]]"
hgb_lr0.06_leaf15,sweep,0.9715297777925697,0.5501612903225807,0.6258064516129033,0.5970046082949308,"[[1054, 31], [723, 207]]"
gb_lr0.08_d3,sweep,0.9499188836569286,0.5375806451612903,0.6258064516129033,0.5962365591397849,"[[1064, 21], [733, 197]]"
"mlp(128,)",sweep,0.9986618690490723,0.5485483870967742,0.6258064516129033,0.5962365591397849,"[[1064, 21], [733, 197]]"
lda,sweep,0.11604557691812514,0.5440322580645162,0.6253101736972705,0.652073732718894,"[[330, 755], [0, 930]]"
ada300,sweep,0.49569123307916846,0.5538709677419354,0.6253101736972705,0.6518433179723503,"[[333, 752], [3, 927]]"
hgb_lr0.06_leaf15,sweep,0.9721969030320161,0.5496774193548387,0.6253101736972705,0.5963133640552996,"[[1056, 29], [726, 204]]"
hgb_lr0.04_leaf15,sweep,0.9515122409433894,0.545483870967742,0.6253101736972705,0.596236559139785,"[[1057, 28], [727, 203]]"
hgb_lr0.02_leaf31,sweep,0.07563652904944287,0.5606451612903226,0.6248138957816377,0.6516129032258065,"[[329, 756], [0, 930]]"
hgb_lr0.06_leaf31,sweep,0.01059513475034661,0.5582258064516129,0.6248138957816377,0.6516129032258065,"[[329, 756], [0, 930]]"
gb_lr0.03_d1,sweep,0.22138985605902015,0.5633870967741935,0.6248138957816377,0.6516129032258065,"[[329, 756], [0, 930]]"
hgb_lr0.02_leaf63,sweep,0.9681204771248776,0.5419354838709678,0.6248138957816377,0.5960829493087557,"[[1052, 33], [723, 207]]"
hgb_lr0.08_leaf15,sweep,0.9871092596230822,0.5553225806451613,0.6248138957816377,0.5953917050691244,"[[1061, 24], [732, 198]]"
gb_lr0.03_d3,sweep,0.8910779599063055,0.5443548387096774,0.6248138957816377,0.5953149001536099,"[[1062, 23], [733, 197]]"
gb_lr0.03_d3,sweep,0.8916141133926637,0.5443548387096774,0.6248138957816377,0.5952380952380952,"[[1063, 22], [734, 196]]"
gb_lr0.05_d3,sweep,0.9249603432758376,0.545483870967742,0.6248138957816377,0.5952380952380952,"[[1063, 22], [734, 196]]"
"mlp(64, 32)",sweep,0.9999981508255005,0.5495161290322581,0.6248138957816377,0.5952380952380952,"[[1063, 22], [734, 196]]"
gb_lr0.08_d2,sweep,0.9109507390460355,0.5429032258064516,0.6248138957816377,0.5948540706605223,"[[1068, 17], [739, 191]]"
gb_lr0.08_d2,sweep,0.106013142327145,0.555,0.6243176178660049,0.6508448540706605,"[[332, 753], [4, 926]]"
hgb_lr0.02_leaf31,sweep,0.9387160293264579,0.547741935483871,0.6243176178660049,0.5953917050691244,"[[1054, 31], [726, 204]]"
hgb_lr0.02_leaf15,sweep,0.9005684567086109,0.5435483870967742,0.6243176178660049,0.5950076804915514,"[[1059, 26], [731, 199]]"
gb_lr0.08_d3,sweep,0.9530690667496773,0.5388709677419354,0.6243176178660049,0.5943932411674347,"[[1067, 18], [739, 191]]"
gb_lr0.03_d2,sweep,0.8541315116196991,0.5424193548387096,0.6243176178660049,0.5936251920122888,"[[1077, 8], [749, 181]]"
hgb_lr0.08_leaf15,sweep,0.040773098647645216,0.5619354838709677,0.6238213399503723,0.6506912442396313,"[[327, 758], [0, 930]]"
ada300,sweep,0.49563925383694757,0.5517741935483871,0.6238213399503723,0.6505376344086021,"[[329, 756], [2, 928]]"
qda001,sweep,0.999999945913295,0.5593548387096774,0.6238213399503723,0.601152073732719,"[[972, 113], [645, 285]]"
hgb_lr0.02_leaf63,sweep,0.9682046855702799,0.542258064516129,0.6238213399503723,0.5950076804915514,"[[1052, 33], [725, 205]]"
"mlp(128,)",sweep,0.9986982715368271,0.5485483870967742,0.6238213399503723,0.5939324116743472,"[[1066, 19], [739, 191]]"
gb_lr0.05_d2,sweep,0.8890313197518271,0.5375806451612903,0.6233250620347395,0.5928571428571429,"[[1073, 12], [747, 183]]"
ada100,sweep,0.5141719628743887,0.54,0.6233250620347395,0.5927035330261137,"[[1075, 10], [749, 181]]"
gb_lr0.08_d1,sweep,0.8377681720072564,0.5435483870967742,0.6233250620347395,0.5924731182795699,"[[1078, 7], [752, 178]]"
gb_lr0.05_d1,sweep,0.8187859438926133,0.5488709677419354,0.6233250620347395,0.5922427035330261,"[[1081, 4], [755, 175]]"
gb_lr0.03_d2,sweep,0.16948931653730526,0.5614516129032258,0.6228287841191067,0.6497695852534562,"[[325, 760], [0, 930]]"
gb_lr0.05_d1,sweep,0.21866573559810545,0.5608064516129032,0.6228287841191067,0.6497695852534562,"[[325, 760], [0, 930]]"
qda001,sweep,0.999999947326469,0.5595161290322581,0.6228287841191067,0.6000768049155146,"[[972, 113], [647, 283]]"
ada600,sweep,0.5039284888297285,0.565,0.6228287841191067,0.5944700460829493,"[[1045, 40], [720, 210]]"
hgb_lr0.08_leaf63,sweep,0.999929441654081,0.5475806451612903,0.6228287841191067,0.5942396313364056,"[[1048, 37], [723, 207]]"
hgb_lr0.08_leaf15,sweep,0.9872603966537561,0.5551612903225807,0.6228287841191067,0.5932411674347158,"[[1061, 24], [736, 194]]"
gb_lr0.05_d2,sweep,0.8878090018786513,0.5374193548387097,0.6228287841191067,0.5924731182795698,"[[1071, 14], [746, 184]]"
gb_lr0.05_d1,sweep,0.81906352106486,0.5491935483870968,0.6228287841191067,0.591705069124424,"[[1081, 4], [756, 174]]"
gb_lr0.05_d3,sweep,0.09608029010028357,0.5595161290322581,0.6223325062034739,0.6493087557603687,"[[324, 761], [0, 930]]"
hgb_lr0.08_leaf31,sweep,0.997960306189063,0.550483870967742,0.6223325062034739,0.5942396313364056,"[[1041, 44], [717, 213]]"
gb_lr0.08_d1,sweep,0.8393690500436402,0.5438709677419354,0.6223325062034739,0.5912442396313364,"[[1080, 5], [756, 174]]"
hgb_lr0.02_leaf63,sweep,0.03581153501504471,0.5624193548387096,0.6218362282878412,0.648847926267281,"[[323, 762], [0, 930]]"
"mlp(64,)",sweep,0.006489981851540504,0.5479032258064516,0.6218362282878412,0.648847926267281,"[[323, 762], [0, 930]]"
nusvc03,sweep,0.00019729439472543039,0.5612903225806452,0.6218362282878412,0.648847926267281,"[[323, 762], [0, 930]]"
hgb_lr0.04_leaf31,sweep,0.02936923076851321,0.5575806451612904,0.6218362282878412,0.6487711213517665,"[[324, 761], [1, 929]]"
hgb_lr0.08_leaf63,sweep,0.999936994075183,0.5466129032258065,0.6218362282878412,0.593010752688172,"[[1050, 35], [727, 203]]"
hgb_lr0.02_leaf15,sweep,0.9023438346701771,0.5424193548387096,0.6218362282878412,0.5922427035330261,"[[1060, 25], [737, 193]]"
hgb_lr0.06_leaf15,sweep,0.9751467846994414,0.5506451612903226,0.6218362282878412,0.5922427035330261,"[[1060, 25], [737, 193]]"
ada300,sweep,0.5060151386252173,0.5470967741935484,0.6218362282878412,0.5922427035330261,"[[1060, 25], [737, 193]]"
gb_lr0.05_d3,sweep,0.9272124615938725,0.5446774193548387,0.6218362282878412,0.5919354838709677,"[[1064, 21], [741, 189]]"
hgb_lr0.08_leaf31,sweep,0.005131008189044768,0.5585483870967742,0.6213399503722085,0.6483870967741936,"[[322, 763], [0, 930]]"
gb_lr0.08_d3,sweep,0.06491247291116056,0.5566129032258065,0.6213399503722085,0.6483102918586789,"[[323, 762], [1, 929]]"
qda001,sweep,0.0002363921227276947,0.577741935483871,0.6213399503722085,0.6463133640552995,"[[349, 736], [27, 903]]"
"mlp(64, 32)",sweep,0.9999986886978149,0.5479032258064516,0.6213399503722085,0.5913978494623655,"[[1064, 21], [742, 188]]"
gb_lr0.03_d2,sweep,0.8571677460764677,0.542258064516129,0.6213399503722085,0.5902457757296466,"[[1079, 6], [757, 173]]"
"mlp(64, 32)",sweep,0.0001049005175096681,0.5491935483870968,0.6208436724565757,0.647926267281106,"[[321, 764], [0, 930]]"
hgb_lr0.06_leaf63,sweep,0.9994733310606693,0.5409677419354839,0.6208436724565757,0.5920122887864824,"[[1049, 36], [728, 202]]"
hgb_lr0.04_leaf63,sweep,0.9968289290789804,0.5417741935483871,0.6208436724565757,0.591321044546851,"[[1058, 27], [737, 193]]"
hgb_lr0.04_leaf31,sweep,0.983649273041471,0.5474193548387096,0.6208436724565757,0.5912442396313364,"[[1059, 26], [738, 192]]"
hgb_lr0.04_leaf31,sweep,0.9836587006280298,0.5475806451612903,0.6208436724565757,0.5912442396313364,"[[1059, 26], [738, 192]]"
gb_lr0.08_d2,sweep,0.9136501614684135,0.5419354838709678,0.6208436724565757,0.5904761904761905,"[[1069, 16], [748, 182]]"
hgb_lr0.06_leaf15,sweep,0.04550600354936501,0.5591935483870968,0.6203473945409429,0.6474654377880185,"[[320, 765], [0, 930]]"
qda001,sweep,0.00022934700382649825,0.5779032258064516,0.6203473945409429,0.6453917050691245,"[[347, 738], [27, 903]]"
qda001,sweep,0.9999999666373353,0.5575806451612904,0.6203473945409429,0.5966973886328725,"[[981, 104], [661, 269]]"
lda,sweep,0.8830986830711365,0.5638709677419355,0.6203473945409429,0.593778801843318,"[[1019, 66], [699, 231]]"
"mlp(64,)",sweep,0.9995342836380005,0.5401612903225806,0.6203473945409429,0.5908602150537634,"[[1057, 28], [737, 193]]"
hgb_lr0.06_leaf15,sweep,0.9752683548006698,0.550483870967742,0.6203473945409429,0.5906298003072197,"[[1060, 25], [740, 190]]"
ada300,sweep,0.506112748274389,0.5451612903225806,0.6203473945409429,0.5903225806451613,"[[1064, 21], [744, 186]]"
gb_lr0.03_d1,sweep,0.7900316110076637,0.5470967741935484,0.6203473945409429,0.589247311827957,"[[1078, 7], [758, 172]]"
ada600,sweep,0.4970488601828879,0.5524193548387096,0.6198511166253102,0.6468509984639017,"[[321, 764], [2, 928]]"
qda001,sweep,0.9999999646821767,0.5580645161290323,0.6198511166253102,0.5963133640552996,"[[979, 106], [660, 270]]"
ada600,sweep,0.504004436964525,0.5633870967741935,0.6198511166253102,0.5910138248847926,"[[1048, 37], [729, 201]]"
hgb_lr0.04_leaf63,sweep,0.9968695597677286,0.5416129032258065,0.6198511166253102,0.5902457757296466,"[[1058, 27], [739, 191]]"
"mlp(64,)",sweep,0.9995493397712708,0.540483870967742,0.6198511166253102,0.5902457757296466,"[[1058, 27], [739, 191]]"
gb_lr0.03_d3,sweep,0.8970070359607558,0.5453225806451613,0.6198511166253102,0.5894777265745008,"[[1068, 17], [749, 181]]"
"mlp(128,)",sweep,0.9988462279319763,0.5470967741935484,0.6198511166253102,0.5894777265745008,"[[1068, 17], [749, 181]]"
hgb_lr0.06_leaf63,sweep,0.9994888212177553,0.5401612903225806,0.6193548387096774,0.590399385560676,"[[1049, 36], [731, 199]]"
hgb_lr0.02_leaf31,sweep,0.06893626437642736,0.5591935483870968,0.6188585607940447,0.6460829493087558,"[[317, 768], [0, 930]]"
hgb_lr0.02_leaf63,sweep,0.03069784439916346,0.5585483870967742,0.6188585607940447,0.6460829493087558,"[[317, 768], [0, 930]]"
hgb_lr0.04_leaf63,sweep,0.0044039927425829,0.5541935483870968,0.6188585607940447,0.6460829493087558,"[[317, 768], [0, 930]]"
hgb_lr0.06_leaf15,sweep,0.0420220623381096,0.5575806451612904,0.6188585607940447,0.6460829493087558,"[[317, 768], [0, 930]]"
hgb_lr0.06_leaf31,sweep,0.008435653311739889,0.5533870967741935,0.6188585607940447,0.6460829493087558,"[[317, 768], [0, 930]]"
hgb_lr0.06_leaf63,sweep,0.0008613154743489097,0.5561290322580645,0.6188585607940447,0.6460829493087558,"[[317, 768], [0, 930]]"
hgb_lr0.08_leaf15,sweep,0.03253297729635494,0.5582258064516129,0.6188585607940447,0.6460829493087558,"[[317, 768], [0, 930]]"
hgb_lr0.08_leaf31,sweep,0.004430425590982067,0.5558064516129032,0.6188585607940447,0.6460829493087558,"[[317, 768], [0, 930]]"
hgb_lr0.08_leaf63,sweep,0.00018307550714849862,0.5588709677419355,0.6188585607940447,0.6460829493087558,"[[317, 768], [0, 930]]"
gb_lr0.03_d1,sweep,0.21568129733265498,0.5603225806451613,0.6188585607940447,0.6460829493087558,"[[317, 768], [0, 930]]"
gb_lr0.03_d2,sweep,0.1609352852971467,0.5575806451612904,0.6188585607940447,0.6460829493087558,"[[317, 768], [0, 930]]"
gb_lr0.03_d3,sweep,0.11556778325381509,0.557258064516129,0.6188585607940447,0.6460829493087558,"[[317, 768], [0, 930]]"
gb_lr0.05_d1,sweep,0.2135716156113796,0.557741935483871,0.6188585607940447,0.6460829493087558,"[[317, 768], [0, 930]]"
gb_lr0.05_d2,sweep,0.13134245493100166,0.5551612903225807,0.6188585607940447,0.6460829493087558,"[[317, 768], [0, 930]]"
gb_lr0.05_d3,sweep,0.08999479856011579,0.557258064516129,0.6188585607940447,0.6460829493087558,"[[317, 768], [0, 930]]"
gb_lr0.08_d1,sweep,0.19363254641568903,0.5556451612903226,0.6188585607940447,0.6460829493087558,"[[317, 768], [0, 930]]"
ada100,sweep,0.4898710648303258,0.5466129032258065,0.6188585607940447,0.6460829493087558,"[[317, 768], [0, 930]]"
"mlp(64,)",sweep,0.006079450368881225,0.5470967741935484,0.6188585607940447,0.6460829493087558,"[[317, 768], [0, 930]]"
"mlp(128,)",sweep,0.0036345410542562603,0.5333870967741936,0.6188585607940447,0.6460829493087558,"[[317, 768], [0, 930]]"
"mlp(64, 32)",sweep,9.396343711705412e-05,0.5487096774193548,0.6188585607940447,0.6460829493087558,"[[317, 768], [0, 930]]"
lda,sweep,0.1099630125015974,0.5396774193548387,0.6188585607940447,0.6460829493087558,"[[317, 768], [0, 930]]"
gnb,sweep,1.4967374705174562e-55,0.5670967741935484,0.6188585607940447,0.6460829493087558,"[[317, 768], [0, 930]]"
nusvc03,sweep,0.00014964239343234247,0.5582258064516129,0.6188585607940447,0.6460829493087558,"[[317, 768], [0, 930]]"
lda,sweep,0.8852932004928589,0.5633870967741935,0.6188585607940447,0.5920122887864823,"[[1021, 64], [704, 226]]"
hgb_lr0.06_leaf31,sweep,0.9949540232731674,0.5487096774193548,0.6188585607940447,0.5900153609831029,"[[1047, 38], [730, 200]]"
hgb_lr0.06_leaf31,sweep,0.9951826013237978,0.5475806451612903,0.6188585607940447,0.5894777265745008,"[[1054, 31], [737, 193]]"
hgb_lr0.02_leaf31,sweep,0.941587276147659,0.547258064516129,0.6188585607940447,0.589247311827957,"[[1057, 28], [740, 190]]"
hgb_lr0.04_leaf15,sweep,0.9538129113885184,0.5440322580645162,0.6188585607940447,0.589247311827957,"[[1057, 28], [740, 190]]"
hgb_lr0.06_leaf31,sweep,0.9954156260539821,0.547741935483871,0.6188585607940447,0.589247311827957,"[[1057, 28], [740, 190]]"
gb_lr0.05_d3,sweep,0.9307792320219678,0.5448387096774193,0.6188585607940447,0.588479262672811,"[[1067, 18], [750, 180]]"
gb_lr0.08_d3,sweep,0.9549929932237736,0.5390322580645162,0.6188585607940447,0.588479262672811,"[[1067, 18], [750, 180]]"
nusvc03,sweep,0.9999999999880752,0.5640322580645162,0.6188585607940447,0.588479262672811,"[[1067, 18], [750, 180]]"
gb_lr0.03_d3,sweep,0.8983493024294054,0.5459677419354839,0.6188585607940447,0.5882488479262673,"[[1070, 15], [753, 177]]"
hgb_lr0.08_leaf63,sweep,0.9999454369088957,0.5440322580645162,0.6183622828784119,0.5890937019969278,"[[1052, 33], [736, 194]]"
gb_lr0.03_d1,sweep,0.7916095052392108,0.5466129032258065,0.6183622828784119,0.5870199692780338,"[[1079, 6], [763, 167]]"
hgb_lr0.04_leaf63,sweep,0.0040242882752884,0.5533870967741935,0.6178660049627791,0.6451612903225806,"[[315, 770], [0, 930]]"
hgb_lr0.02_leaf15,sweep,0.11495126599620986,0.5561290322580645,0.6178660049627791,0.6450844854070661,"[[316, 769], [1, 929]]"
hgb_lr0.04_leaf15,sweep,0.06582377132732008,0.5564516129032258,0.6178660049627791,0.6450844854070661,"[[316, 769], [1, 929]]"
hgb_lr0.04_leaf31,sweep,0.027329607455210538,0.5561290322580645,0.6178660049627791,0.6450844854070661,"[[316, 769], [1, 929]]"
gb_lr0.08_d3,sweep,0.062433996778631665,0.5558064516129032,0.6178660049627791,0.6450844854070661,"[[316, 769], [1, 929]]"
qda001,sweep,0.9999999751133749,0.5570967741935484,0.6178660049627791,0.5935483870967742,"[[987, 98], [672, 258]]"
"mlp(64, 32)",sweep,0.9999988079071045,0.5464516129032259,0.6178660049627791,0.5876344086021505,"[[1064, 21], [749, 181]]"
ada300,sweep,0.5062016194849414,0.5446774193548387,0.6178660049627791,0.5874807987711214,"[[1066, 19], [751, 179]]"
hgb_lr0.08_leaf15,sweep,0.03133766769609348,0.5582258064516129,0.6173697270471464,0.6447004608294931,"[[314, 771], [0, 930]]"
ada100,sweep,0.5144656687782722,0.5395161290322581,0.6173697270471464,0.5862519201228878,"[[1075, 10], [761, 169]]"
ada300,sweep,0.4954311784183277,0.5506451612903226,0.6168734491315137,0.6440860215053763,"[[315, 770], [2, 928]]"
ada600,sweep,0.4969443815903374,0.5506451612903226,0.6168734491315137,0.6440860215053763,"[[315, 770], [2, 928]]"
hgb_lr0.02_leaf63,sweep,0.9696688818311584,0.5409677419354839,0.6168734491315137,0.5872503840245775,"[[1055, 30], [742, 188]]"
hgb_lr0.08_leaf63,sweep,0.9999516822498364,0.5417741935483871,0.6168734491315137,0.5872503840245775,"[[1055, 30], [742, 188]]"
hgb_lr0.06_leaf15,sweep,0.9775898801686754,0.5503225806451613,0.6168734491315137,0.5864823348694317,"[[1065, 20], [752, 178]]"
nusvc03,sweep,0.9999999999885686,0.5640322580645162,0.6168734491315137,0.5863287250384025,"[[1067, 18], [754, 176]]"
qda001,sweep,0.00014005512317461673,0.5766129032258065,0.6163771712158809,0.642089093701997,"[[334, 751], [22, 908]]"
hgb_lr0.08_leaf31,sweep,0.9981465636632331,0.55,0.6163771712158809,0.5877112135176651,"[[1042, 43], [730, 200]]"
gb_lr0.05_d2,sweep,0.8918680017881954,0.537741935483871,0.6163771712158809,0.5852534562211982,"[[1074, 11], [762, 168]]"
gb_lr0.03_d2,sweep,0.8610658628166844,0.542258064516129,0.6163771712158809,0.5848694316436251,"[[1079, 6], [767, 163]]"
"mlp(128,)",sweep,0.0035152575470507146,0.5329032258064517,0.6158808933002481,0.6433179723502305,"[[311, 774], [0, 930]]"
hgb_lr0.08_leaf31,sweep,0.9982078715513195,0.5503225806451613,0.6158808933002481,0.5870199692780338,"[[1044, 41], [733, 197]]"
hgb_lr0.04_leaf63,sweep,0.9972511834303115,0.5396774193548387,0.6158808933002481,0.5855606758832566,"[[1063, 22], [752, 178]]"
hgb_lr0.04_leaf63,sweep,0.9972664810100532,0.5395161290322581,0.6158808933002481,0.5854838709677419,"[[1064, 21], [753, 177]]"
"mlp(64,)",sweep,0.9996209988117218,0.5388709677419354,0.6158808933002481,0.5854838709677419,"[[1064, 21], [753, 177]]"
gb_lr0.05_d3,sweep,0.9327622140677818,0.5456451612903226,0.6158808933002481,0.5851766513056835,"[[1068, 17], [757, 173]]"
gb_lr0.08_d2,sweep,0.9172666804761649,0.5401612903225806,0.6158808933002481,0.5848694316436251,"[[1072, 13], [761, 169]]"
hgb_lr0.06_leaf31,sweep,0.0072084699619775205,0.550483870967742,0.6153846153846154,0.6428571428571428,"[[310, 775], [0, 930]]"
gnb,sweep,1.643043445717574e-60,0.5633870967741935,0.6153846153846154,0.6428571428571428,"[[310, 775], [0, 930]]"
nusvc03,sweep,0.00011613778299219256,0.5553225806451613,0.6153846153846154,0.6428571428571428,"[[310, 775], [0, 930]]"
gb_lr0.08_d2,sweep,0.09687795128705311,0.550483870967742,0.6153846153846154,0.6425499231950845,"[[314, 771], [4, 926]]"
lda,sweep,0.8900036510467529,0.5633870967741935,0.6153846153846154,0.5880184331797235,"[[1024, 61], [714, 216]]"
hgb_lr0.02_leaf63,sweep,0.9701457249203431,0.540483870967742,0.6153846153846154,0.5856374807987711,"[[1055, 30], [745, 185]]"
hgb_lr0.02_leaf31,sweep,0.9424634944160244,0.547258064516129,0.6153846153846154,0.5854838709677419,"[[1057, 28], [747, 183]]"
gb_lr0.08_d2,sweep,0.09564940485919375,0.55,0.6148883374689826,0.642089093701997,"[[313, 772], [4, 926]]"
qda001,sweep,0.9999999815711936,0.5567741935483871,0.6148883374689826,0.5900153609831029,"[[991, 94], [682, 248]]"
hgb_lr0.08_leaf63,sweep,0.9999571973943107,0.54,0.6148883374689826,0.5849462365591398,"[[1057, 28], [748, 182]]"
hgb_lr0.06_leaf31,sweep,0.9958301602216361,0.5469354838709677,0.6148883374689826,0.584715821812596,"[[1060, 25], [751, 179]]"
hgb_lr0.08_leaf15,sweep,0.9883437335685636,0.5537096774193548,0.6148883374689826,0.5844854070660522,"[[1063, 22], [754, 176]]"
hgb_lr0.06_leaf15,sweep,0.034982257540415236,0.5520967741935484,0.6143920595533499,0.6419354838709678,"[[308, 777], [0, 930]]"
qda001,sweep,0.00012632107575791712,0.5761290322580646,0.6143920595533499,0.6402457757296467,"[[330, 755], [22, 908]]"
hgb_lr0.04_leaf15,sweep,0.9559537703735478,0.5440322580645162,0.6143920595533499,0.5844086021505377,"[[1057, 28], [749, 181]]"
hgb_lr0.06_leaf15,sweep,0.9781813231007295,0.5498387096774193,0.6143920595533499,0.5837941628264209,"[[1065, 20], [757, 173]]"
gb_lr0.03_d3,sweep,0.9018429763642509,0.5448387096774193,0.6143920595533499,0.5832565284178187,"[[1072, 13], [764, 166]]"
gb_lr0.08_d2,sweep,0.9185849490591326,0.5388709677419354,0.6143920595533499,0.5832565284178187,"[[1072, 13], [764, 166]]"
gb_lr0.05_d1,sweep,0.8254825280874547,0.5487096774193548,0.6143920595533499,0.5824884792626728,"[[1082, 3], [774, 156]]"
gb_lr0.08_d1,sweep,0.8465877338524892,0.5443548387096774,0.6143920595533499,0.5824884792626728,"[[1082, 3], [774, 156]]"
gb_lr0.08_d1,sweep,0.8465879470271276,0.5443548387096774,0.6143920595533499,0.5824884792626728,"[[1082, 3], [774, 156]]"
hgb_lr0.08_leaf31,sweep,0.003232642694243927,0.5511290322580645,0.6138957816377171,0.6414746543778802,"[[307, 778], [0, 930]]"
lda,sweep,0.10567931616455316,0.5369354838709678,0.6138957816377171,0.6414746543778802,"[[307, 778], [0, 930]]"
qda001,sweep,0.9999999839676024,0.5558064516129032,0.6138957816377171,0.5887864823348694,"[[993, 92], [686, 244]]"
hgb_lr0.04_leaf15,sweep,0.9573551262884914,0.5443548387096774,0.6138957816377171,0.5834869431643626,"[[1062, 23], [755, 175]]"
hgb_lr0.04_leaf31,sweep,0.9852484973108552,0.5491935483870968,0.6138957816377171,0.5834869431643626,"[[1062, 23], [755, 175]]"
hgb_lr0.04_leaf31,sweep,0.9852664801657944,0.5488709677419354,0.6138957816377171,0.5834869431643626,"[[1062, 23], [755, 175]]"
gb_lr0.05_d2,sweep,0.12284894785982309,0.552741935483871,0.6133995037220844,0.6410138248847926,"[[306, 779], [0, 930]]"
hgb_lr0.08_leaf31,sweep,0.9984557122712358,0.5498387096774193,0.6133995037220844,0.5840245775729647,"[[1048, 37], [742, 188]]"
ada600,sweep,0.5041042654525153,0.562258064516129,0.6133995037220844,0.5838709677419355,"[[1050, 35], [744, 186]]"
gb_lr0.05_d3,sweep,0.9353217896883481,0.5451612903225806,0.6133995037220844,0.582258064516129,"[[1071, 14], [765, 165]]"
gb_lr0.03_d1,sweep,0.7945083395152182,0.5462903225806451,0.6133995037220844,0.5814900153609831,"[[1081, 4], [775, 155]]"
qda001,sweep,0.9999999889536155,0.5535483870967742,0.6129032258064516,0.5872503840245775,"[[999, 86], [694, 236]]"
hgb_lr0.06_leaf63,sweep,0.9995527436492689,0.5393548387096774,0.6129032258064516,0.5832565284178187,"[[1051, 34], [746, 184]]"
hgb_lr0.02_leaf15,sweep,0.9058761863536317,0.5437096774193548,0.6129032258064516,0.5824884792626728,"[[1061, 24], [756, 174]]"
hgb_lr0.02_leaf31,sweep,0.9440689608306069,0.5480645161290323,0.6129032258064516,0.5824884792626728,"[[1061, 24], [756, 174]]"
hgb_lr0.06_leaf31,sweep,0.9960252892151504,0.5461290322580645,0.6129032258064516,0.5824884792626728,"[[1061, 24], [756, 174]]"
hgb_lr0.08_leaf15,sweep,0.9889704404639047,0.5530645161290323,0.6129032258064516,0.5820276497695852,"[[1067, 18], [762, 168]]"
"mlp(128,)",sweep,0.9990538558006287,0.5451612903225806,0.6129032258064516,0.5817972350230415,"[[1070, 15], [765, 165]]"
qda001,sweep,0.9999999912836165,0.552741935483871,0.6124069478908188,0.5865591397849462,"[[1001, 84], [697, 233]]"
"mlp(64, 32)",sweep,0.9999991655349731,0.5445161290322581,0.6124069478908188,0.5814132104454686,"[[1068, 17], [764, 166]]"
"mlp(128,)",sweep,0.9990557579994201,0.5448387096774193,0.6124069478908188,0.5812596006144393,"[[1070, 15], [766, 164]]"
nusvc03,sweep,0.9999999999936406,0.5651612903225807,0.6124069478908188,0.5812596006144393,"[[1070, 15], [766, 164]]"
ada100,sweep,0.4893293188405485,0.5443548387096774,0.6119106699751861,0.6396313364055299,"[[303, 782], [0, 930]]"
ada600,sweep,0.5041285756683878,0.562258064516129,0.6119106699751861,0.582258064516129,"[[1050, 35], [747, 183]]"
gb_lr0.08_d3,sweep,0.9580666511272266,0.540483870967742,0.6119106699751861,0.5808755760368663,"[[1068, 17], [765, 165]]"
gb_lr0.08_d3,sweep,0.050208275053065146,0.5498387096774193,0.6114143920595534,0.6391705069124424,"[[302, 783], [0, 930]]"
lda,sweep,0.8931267646908757,0.5629032258064516,0.6114143920595534,0.5836405529953917,"[[1025, 60], [723, 207]]"
gb_lr0.03_d2,sweep,0.865187065230156,0.5424193548387096,0.6114143920595534,0.5794930875576036,"[[1079, 6], [777, 153]]"
ada100,sweep,0.5148724410368664,0.5382258064516129,0.6114143920595534,0.5794930875576036,"[[1079, 6], [777, 153]]"
hgb_lr0.04_leaf31,sweep,0.021792800555867645,0.5517741935483871,0.6104218362282878,0.6382488479262673,"[[300, 785], [0, 930]]"
qda001,sweep,8.079175788692107e-05,0.5733870967741935,0.6104218362282878,0.6368663594470045,"[[318, 767], [18, 912]]"
lda,sweep,0.8943887537956238,0.5624193548387096,0.6104218362282878,0.582258064516129,"[[1029, 56], [729, 201]]"
hgb_lr0.02_leaf15,sweep,0.9073312518990342,0.5437096774193548,0.6104218362282878,0.5797235023041475,"[[1062, 23], [762, 168]]"
hgb_lr0.02_leaf31,sweep,0.9463001267607907,0.5462903225806451,0.6104218362282878,0.5795698924731183,"[[1064, 21], [764, 166]]"
hgb_lr0.08_leaf15,sweep,0.9894188541932567,0.552741935483871,0.6104218362282878,0.5792626728110599,"[[1068, 17], [768, 162]]"
gb_lr0.08_d3,sweep,0.9584307332293575,0.5401612903225806,0.6104218362282878,0.5792626728110599,"[[1068, 17], [768, 162]]"
gb_lr0.08_d2,sweep,0.9231969091291747,0.5382258064516129,0.6104218362282878,0.5785714285714285,"[[1077, 8], [777, 153]]"
hgb_lr0.04_leaf15,sweep,0.05653845988118236,0.5530645161290323,0.609925558312655,0.6377880184331797,"[[299, 786], [0, 930]]"
"mlp(64, 32)",sweep,6.414184306486272e-05,0.5433870967741935,0.609925558312655,0.6377880184331797,"[[299, 786], [0, 930]]"
hgb_lr0.08_leaf31,sweep,0.9985057109484526,0.55,0.609925558312655,0.5802611367127496,"[[1048, 37], [749, 181]]"
hgb_lr0.02_leaf63,sweep,0.9717516350167644,0.5406451612903226,0.609925558312655,0.5794930875576036,"[[1058, 27], [759, 171]]"
hgb_lr0.08_leaf63,sweep,0.9999610046526716,0.5388709677419354,0.609925558312655,0.5794930875576036,"[[1058, 27], [759, 171]]"
"mlp(64,)",sweep,0.999679217672348,0.5366129032258065,0.609925558312655,0.5789554531490015,"[[1065, 20], [766, 164]]"
nusvc03,sweep,0.9999999999953221,0.5643548387096774,0.609925558312655,0.5785714285714285,"[[1070, 15], [771, 159]]"
gb_lr0.05_d3,sweep,0.9376175204413653,0.5458064516129032,0.609925558312655,0.578494623655914,"[[1071, 14], [772, 158]]"
ada100,sweep,0.5149006688346333,0.5379032258064517,0.609925558312655,0.5778801843317972,"[[1079, 6], [780, 150]]"
hgb_lr0.02_leaf63,sweep,0.023626777706510622,0.5537096774193548,0.6094292803970224,0.6373271889400922,"[[298, 787], [0, 930]]"
hgb_lr0.02_leaf15,sweep,0.10249951502773841,0.5533870967741935,0.6094292803970224,0.6372503840245776,"[[299, 786], [1, 929]]"
ada300,sweep,0.5063936190554338,0.5430645161290323,0.6094292803970224,0.5783410138248848,"[[1066, 19], [768, 162]]"
hgb_lr0.04_leaf31,sweep,0.9862372616906316,0.5490322580645162,0.6094292803970224,0.5782642089093702,"[[1067, 18], [769, 161]]"
hgb_lr0.04_leaf63,sweep,0.997430100156969,0.5391935483870968,0.6094292803970224,0.5782642089093702,"[[1067, 18], [769, 161]]"
hgb_lr0.06_leaf15,sweep,0.9795316919684964,0.5480645161290323,0.6094292803970224,0.5782642089093702,"[[1067, 18], [769, 161]]"
"mlp(64,)",sweep,0.999693371295929,0.5358064516129032,0.6094292803970224,0.5782642089093702,"[[1067, 18], [769, 161]]"
gb_lr0.08_d2,sweep,0.9234646228918549,0.537741935483871,0.6094292803970224,0.5774961597542243,"[[1077, 8], [779, 151]]"
hgb_lr0.02_leaf31,sweep,0.056716656805916386,0.5546774193548387,0.6089330024813896,0.6368663594470046,"[[297, 788], [0, 930]]"
hgb_lr0.02_leaf63,sweep,0.023215859183579927,0.5533870967741935,0.6089330024813896,0.6368663594470046,"[[297, 788], [0, 930]]"
hgb_lr0.04_leaf15,sweep,0.0556007748095561,0.5520967741935484,0.6089330024813896,0.6368663594470046,"[[297, 788], [0, 930]]"
hgb_lr0.04_leaf31,sweep,0.021114991744829045,0.55,0.6089330024813896,0.6368663594470046,"[[297, 788], [0, 930]]"
hgb_lr0.04_leaf63,sweep,0.0031655802818285434,0.550483870967742,0.6089330024813896,0.6368663594470046,"[[297, 788], [0, 930]]"
hgb_lr0.06_leaf15,sweep,0.028728449286679367,0.5483870967741935,0.6089330024813896,0.6368663594470046,"[[297, 788], [0, 930]]"
hgb_lr0.06_leaf31,sweep,0.005359054888998376,0.5445161290322581,0.6089330024813896,0.6368663594470046,"[[297, 788], [0, 930]]"
hgb_lr0.06_leaf63,sweep,0.0006324483585501641,0.5532258064516129,0.6089330024813896,0.6368663594470046,"[[297, 788], [0, 930]]"
hgb_lr0.08_leaf15,sweep,0.02539327289128555,0.5524193548387096,0.6089330024813896,0.6368663594470046,"[[297, 788], [0, 930]]"
hgb_lr0.08_leaf31,sweep,0.0026252189070610876,0.5479032258064516,0.6089330024813896,0.6368663594470046,"[[297, 788], [0, 930]]"
hgb_lr0.08_leaf63,sweep,0.00011126986911264934,0.5556451612903226,0.6089330024813896,0.6368663594470046,"[[297, 788], [0, 930]]"
gb_lr0.03_d2,sweep,0.15031460418385065,0.5537096774193548,0.6089330024813896,0.6368663594470046,"[[297, 788], [0, 930]]"
gb_lr0.05_d1,sweep,0.20445030651324603,0.5562903225806451,0.6089330024813896,0.6368663594470046,"[[297, 788], [0, 930]]"
gb_lr0.05_d2,sweep,0.11697280177127303,0.5511290322580645,0.6089330024813896,0.6368663594470046,"[[297, 788], [0, 930]]"
gb_lr0.05_d3,sweep,0.07971894261159096,0.5525806451612904,0.6089330024813896,0.6368663594470046,"[[297, 788], [0, 930]]"
gb_lr0.05_d3,sweep,0.08000020639138947,0.552741935483871,0.6089330024813896,0.6368663594470046,"[[297, 788], [0, 930]]"
gb_lr0.08_d1,sweep,0.18276930536404895,0.5520967741935484,0.6089330024813896,0.6368663594470046,"[[297, 788], [0, 930]]"
gb_lr0.08_d3,sweep,0.048639389141978635,0.5488709677419354,0.6089330024813896,0.6368663594470046,"[[297, 788], [0, 930]]"
ada100,sweep,0.4892008109018539,0.5437096774193548,0.6089330024813896,0.6368663594470046,"[[297, 788], [0, 930]]"
ada600,sweep,0.4967170359166929,0.5485483870967742,0.6089330024813896,0.6368663594470046,"[[297, 788], [0, 930]]"
"mlp(64,)",sweep,0.005032926271855831,0.5440322580645162,0.6089330024813896,0.6368663594470046,"[[297, 788], [0, 930]]"
"mlp(128,)",sweep,0.002924916268885136,0.5306451612903226,0.6089330024813896,0.6368663594470046,"[[297, 788], [0, 930]]"
"mlp(64, 32)",sweep,6.20970411458984e-05,0.5432258064516129,0.6089330024813896,0.6368663594470046,"[[297, 788], [0, 930]]"
lda,sweep,0.10197867366075516,0.5345161290322581,0.6089330024813896,0.6368663594470046,"[[297, 788], [0, 930]]"
gnb,sweep,3.5907750427232117e-63,0.5574193548387096,0.6089330024813896,0.6368663594470046,"[[297, 788], [0, 930]]"
nusvc03,sweep,8.683575563950567e-05,0.5537096774193548,0.6089330024813896,0.6368663594470046,"[[297, 788], [0, 930]]"
qda001,sweep,0.999999993824716,0.5511290322580645,0.6089330024813896,0.582642089093702,"[[1003, 82], [706, 224]]"
hgb_lr0.04_leaf15,sweep,0.9593720719961465,0.5440322580645162,0.6089330024813896,0.5778801843317972,"[[1065, 20], [768, 162]]"
hgb_lr0.06_leaf31,sweep,0.9965065847399556,0.5448387096774193,0.6089330024813896,0.5778033794162827,"[[1066, 19], [769, 161]]"
"mlp(64, 32)",sweep,0.9999992847442627,0.5440322580645162,0.6089330024813896,0.5776497695852535,"[[1068, 17], [771, 159]]"
gb_lr0.03_d3,sweep,0.9050320950188511,0.5438709677419354,0.6089330024813896,0.5772657450076805,"[[1073, 12], [776, 154]]"
gb_lr0.03_d3,sweep,0.10450308297596926,0.5535483870967742,0.6084367245657568,0.6364055299539171,"[[296, 789], [0, 930]]"
ada300,sweep,0.49491060294945566,0.5466129032258065,0.6084367245657568,0.6363287250384024,"[[297, 788], [1, 929]]"
qda001,sweep,0.9999999945380632,0.5506451612903226,0.6084367245657568,0.5817972350230415,"[[1007, 78], [711, 219]]"
hgb_lr0.02_leaf31,sweep,0.9476805847007149,0.5446774193548387,0.6084367245657568,0.5772657450076805,"[[1066, 19], [770, 160]]"
hgb_lr0.06_leaf31,sweep,0.9965227420603269,0.5443548387096774,0.6084367245657568,0.5772657450076805,"[[1066, 19], [770, 160]]"
ada300,sweep,0.5064189149415388,0.5425806451612903,0.6084367245657568,0.5772657450076805,"[[1066, 19], [770, 160]]"
hgb_lr0.02_leaf31,sweep,0.05533593633645346,0.5533870967741935,0.607940446650124,0.6359447004608295,"[[295, 790], [0, 930]]"
hgb_lr0.06_leaf31,sweep,0.005169413509334921,0.5432258064516129,0.607940446650124,0.6359447004608295,"[[295, 790], [0, 930]]"
hgb_lr0.02_leaf15,sweep,0.10135150170105768,0.5530645161290323,0.607940446650124,0.6358678955453149,"[[296, 789], [1, 929]]"
ada300,sweep,0.49488133587400035,0.5466129032258065,0.607940446650124,0.6358678955453149,"[[296, 789], [1, 929]]"
qda001,sweep,7.015948027592422e-05,0.5724193548387096,0.607940446650124,0.6346390168970815,"[[312, 773], [17, 913]]"
hgb_lr0.06_leaf63,sweep,0.9995965090708974,0.5385483870967742,0.607940446650124,0.5776497695852535,"[[1054, 31], [759, 171]]"
gb_lr0.05_d2,sweep,0.8954635365941838,0.5369354838709678,0.607940446650124,0.5761136712749616,"[[1074, 11], [779, 151]]"
gb_lr0.03_d3,sweep,0.10413520967292314,0.5532258064516129,0.6074441687344914,0.635483870967742,"[[294, 791], [0, 930]]"
hgb_lr0.04_leaf15,sweep,0.9596832493079767,0.5443548387096774,0.6074441687344914,0.5762672811059908,"[[1065, 20], [771, 159]]"
gb_lr0.03_d3,sweep,0.9063776382210991,0.5438709677419354,0.6074441687344914,0.5754992319508448,"[[1075, 10], [781, 149]]"
gb_lr0.03_d2,sweep,0.867628246117018,0.5414516129032259,0.6074441687344914,0.5751152073732719,"[[1080, 5], [786, 144]]"
gb_lr0.03_d2,sweep,0.1475383394549145,0.5533870967741935,0.6069478908188586,0.6350230414746544,"[[293, 792], [0, 930]]"
hgb_lr0.06_leaf63,sweep,0.99960581202798,0.5391935483870968,0.6069478908188586,0.5764976958525345,"[[1055, 30], [762, 168]]"
hgb_lr0.02_leaf63,sweep,0.972401447274352,0.5401612903225806,0.6069478908188586,0.5761904761904761,"[[1059, 26], [766, 164]]"
hgb_lr0.06_leaf15,sweep,0.9804093378408952,0.5467741935483871,0.6069478908188586,0.5755760368663595,"[[1067, 18], [774, 156]]"
hgb_lr0.06_leaf63,sweep,0.0005619156992338403,0.5524193548387096,0.6064516129032258,0.6345622119815668,"[[292, 793], [0, 930]]"
ada600,sweep,0.5042965253349416,0.5591935483870968,0.6064516129032258,0.576036866359447,"[[1054, 31], [762, 168]]"
hgb_lr0.02_leaf15,sweep,0.9108743631061309,0.545,0.6064516129032258,0.575268817204301,"[[1064, 21], [772, 158]]"
gb_lr0.05_d2,sweep,0.8966880023484767,0.5369354838709678,0.6064516129032258,0.5745007680491552,"[[1074, 11], [782, 148]]"
gb_lr0.05_d1,sweep,0.8297775039896745,0.5474193548387096,0.6064516129032258,0.5738863287250384,"[[1082, 3], [790, 140]]"
hgb_lr0.08_leaf31,sweep,0.9986999809396537,0.5487096774193548,0.605955334987593,0.5754992319508448,"[[1054, 31], [763, 167]]"
ada600,sweep,0.5042981798107873,0.5591935483870968,0.605955334987593,0.5754992319508448,"[[1054, 31], [763, 167]]"
gb_lr0.03_d1,sweep,0.800877519863342,0.5445161290322581,0.605955334987593,0.5733486943164362,"[[1082, 3], [791, 139]]"
hgb_lr0.08_leaf63,sweep,9.810732844081022e-05,0.5533870967741935,0.6054590570719603,0.6336405529953917,"[[290, 795], [0, 930]]"
gb_lr0.03_d1,sweep,0.20535363352710095,0.5566129032258065,0.6054590570719603,0.6336405529953917,"[[290, 795], [0, 930]]"
gb_lr0.05_d1,sweep,0.8310412896544035,0.5475806451612903,0.6054590570719603,0.5727342549923194,"[[1083, 2], [793, 137]]"
"mlp(64,)",sweep,0.004621225431747733,0.5420967741935484,0.6049627791563276,0.6331797235023041,"[[289, 796], [0, 930]]"
gb_lr0.08_d2,sweep,0.0869438463841976,0.5435483870967742,0.6049627791563276,0.6328725038402458,"[[293, 792], [4, 926]]"
lda,sweep,0.8986830005407334,0.5617741935483871,0.6049627791563276,0.5760368663594471,"[[1033, 52], [744, 186]]"
lda,sweep,0.8998818642616272,0.5611290322580645,0.6049627791563276,0.5758832565284178,"[[1035, 50], [746, 184]]"
hgb_lr0.08_leaf15,sweep,0.02251067585175408,0.5498387096774193,0.6044665012406948,0.6327188940092165,"[[288, 797], [0, 930]]"
nusvc03,sweep,5.417609631085884e-05,0.5501612903225807,0.6044665012406948,0.6327188940092165,"[[288, 797], [0, 930]]"
hgb_lr0.08_leaf31,sweep,0.9987306697160291,0.5485483870967742,0.6044665012406948,0.5738863287250384,"[[1054, 31], [766, 164]]"
nusvc03,sweep,0.9999999999974188,0.5624193548387096,0.6044665012406948,0.5725038402457757,"[[1072, 13], [784, 146]]"
gb_lr0.03_d1,sweep,0.8014511923835078,0.5445161290322581,0.6044665012406948,0.5717357910906298,"[[1082, 3], [794, 136]]"
gb_lr0.08_d1,sweep,0.8531550405248316,0.5451612903225806,0.6044665012406948,0.5717357910906298,"[[1082, 3], [794, 136]]"
hgb_lr0.06_leaf15,sweep,0.024340236124474703,0.5433870967741935,0.603970223325062,0.6322580645161291,"[[287, 798], [0, 930]]"
ada600,sweep,0.49652552573693365,0.5469354838709677,0.603970223325062,0.6322580645161291,"[[287, 798], [0, 930]]"
qda001,sweep,5.638270229595751e-05,0.5714516129032258,0.603970223325062,0.6311059907834101,"[[302, 783], [15, 915]]"
qda001,sweep,0.9999999962852335,0.55,0.603970223325062,0.5766513056835637,"[[1011, 74], [724, 206]]"
hgb_lr0.04_leaf31,sweep,0.9869590568262113,0.547741935483871,0.603970223325062,0.572273425499232,"[[1068, 17], [781, 149]]"
hgb_lr0.08_leaf15,sweep,0.990416075082454,0.5516129032258065,0.603970223325062,0.572273425499232,"[[1068, 17], [781, 149]]"
gb_lr0.08_d2,sweep,0.08338624280477297,0.542258064516129,0.6034739454094293,0.6315668202764977,"[[289, 796], [3, 927]]"
qda001,sweep,0.9999999969166238,0.5498387096774193,0.6034739454094293,0.5760368663594471,"[[1012, 73], [726, 204]]"
gb_lr0.05_d3,sweep,0.9407977997561789,0.5461290322580645,0.6034739454094293,0.571505376344086,"[[1071, 14], [785, 145]]"
"mlp(64,)",sweep,0.9997323979854583,0.5358064516129032,0.6034739454094293,0.571505376344086,"[[1071, 14], [785, 145]]"
gb_lr0.03_d2,sweep,0.87082108344073,0.5411290322580645,0.6034739454094293,0.5707373271889401,"[[1081, 4], [795, 135]]"
gb_lr0.08_d2,sweep,0.9285844704599215,0.5380645161290323,0.6034739454094293,0.5707373271889401,"[[1081, 4], [795, 135]]"
hgb_lr0.08_leaf31,sweep,0.0017045340247551718,0.5419354838709678,0.6029776674937966,0.631336405529954,"[[285, 800], [0, 930]]"
hgb_lr0.08_leaf31,sweep,0.9988680765511868,0.547741935483871,0.6024813895781638,0.5712749615975422,"[[1060, 25], [776, 154]]"
hgb_lr0.02_leaf15,sweep,0.9123409592615591,0.5446774193548387,0.6024813895781638,0.5708909370199693,"[[1065, 20], [781, 149]]"
hgb_lr0.02_leaf31,sweep,0.9495583908045695,0.5448387096774193,0.6024813895781638,0.5706605222734256,"[[1068, 17], [784, 146]]"
hgb_lr0.04_leaf15,sweep,0.9626390927041749,0.5451612903225806,0.6024813895781638,0.5705837173579109,"[[1069, 16], [785, 145]]"
hgb_lr0.04_leaf15,sweep,0.9637198561684415,0.5451612903225806,0.6024813895781638,0.5705069124423963,"[[1070, 15], [786, 144]]"
hgb_lr0.04_leaf31,sweep,0.987252334940656,0.5475806451612903,0.6024813895781638,0.5705069124423963,"[[1070, 15], [786, 144]]"
hgb_lr0.04_leaf63,sweep,0.9976549111096567,0.5379032258064517,0.6024813895781638,0.5705069124423963,"[[1070, 15], [786, 144]]"
hgb_lr0.06_leaf31,sweep,0.9969140908482153,0.5448387096774193,0.6024813895781638,0.5705069124423963,"[[1070, 15], [786, 144]]"
gb_lr0.08_d3,sweep,0.9615804158571206,0.537258064516129,0.6024813895781638,0.5705069124423963,"[[1070, 15], [786, 144]]"
"mlp(128,)",sweep,0.9992241232395173,0.5429032258064516,0.6024813895781638,0.5705069124423963,"[[1070, 15], [786, 144]]"
gb_lr0.08_d2,sweep,0.9289142514721777,0.5380645161290323,0.6024813895781638,0.5696620583717358,"[[1081, 4], [797, 133]]"
lda,sweep,0.9042357721328735,0.5591935483870968,0.601985111662531,0.5722734254992319,"[[1040, 45], [757, 173]]"
"mlp(128,)",sweep,0.002358627993380652,0.5269354838709678,0.6014888337468982,0.6299539170506913,"[[282, 803], [0, 930]]"
gnb,sweep,3.8193932499380984e-66,0.5537096774193548,0.6014888337468982,0.6299539170506913,"[[282, 803], [0, 930]]"
hgb_lr0.02_leaf63,sweep,0.9734536649653285,0.5398387096774193,0.6014888337468982,0.5702764976958525,"[[1059, 26], [777, 153]]"
hgb_lr0.08_leaf63,sweep,0.9999673820923595,0.5401612903225806,0.6014888337468982,0.5702764976958525,"[[1059, 26], [777, 153]]"
hgb_lr0.08_leaf63,sweep,0.9999677913046545,0.5396774193548387,0.6014888337468982,0.5702764976958525,"[[1059, 26], [777, 153]]"
hgb_lr0.02_leaf63,sweep,0.9740860887956625,0.5396774193548387,0.6014888337468982,0.5701228878648233,"[[1061, 24], [779, 151]]"
ada300,sweep,0.5066456907529018,0.5408064516129032,0.6014888337468982,0.5695852534562212,"[[1068, 17], [786, 144]]"
hgb_lr0.02_leaf31,sweep,0.9504230712993943,0.5440322580645162,0.6014888337468982,0.5695084485407066,"[[1069, 16], [787, 143]]"
hgb_lr0.06_leaf15,sweep,0.9820798480695341,0.5448387096774193,0.6014888337468982,0.5695084485407066,"[[1069, 16], [787, 143]]"
"mlp(64, 32)",sweep,0.9999994873523712,0.5411290322580645,0.6014888337468982,0.5695084485407066,"[[1069, 16], [787, 143]]"
hgb_lr0.04_leaf63,sweep,0.9976770734840854,0.5375806451612903,0.6014888337468982,0.5694316436251919,"[[1070, 15], [788, 142]]"
gb_lr0.05_d2,sweep,0.9047011550834222,0.5369354838709678,0.6014888337468982,0.5687403993855606,"[[1079, 6], [797, 133]]"
ada100,sweep,0.5152195499891362,0.5385483870967742,0.6014888337468982,0.5687403993855606,"[[1079, 6], [797, 133]]"
hgb_lr0.06_leaf31,sweep,0.9970912784419071,0.5453225806451613,0.6009925558312655,0.5685867895545315,"[[1074, 11], [793, 137]]"
gb_lr0.05_d2,sweep,0.903760099826334,0.5370967741935484,0.6009925558312655,0.5683563748079877,"[[1077, 8], [796, 134]]"
qda001,sweep,0.9999999981954725,0.5480645161290323,0.6004962779156328,0.572273425499232,"[[1019, 66], [739, 191]]"
qda001,sweep,0.9999999983241306,0.5482258064516129,0.6004962779156328,0.5721966205837173,"[[1020, 65], [740, 190]]"
hgb_lr0.06_leaf63,sweep,0.9996685162475054,0.5374193548387097,0.6004962779156328,0.5692780337941628,"[[1058, 27], [778, 152]]"
hgb_lr0.06_leaf63,sweep,0.9996685239958066,0.5374193548387097,0.6004962779156328,0.5692780337941628,"[[1058, 27], [778, 152]]"
hgb_lr0.08_leaf15,sweep,0.9910176129480714,0.5501612903225807,0.6004962779156328,0.5685099846390169,"[[1068, 17], [788, 142]]"
ada300,sweep,0.5066788945754077,0.5401612903225806,0.6004962779156328,0.5685099846390169,"[[1068, 17], [788, 142]]"
qda001,sweep,3.64905608096127e-05,0.5682258064516129,0.6,0.6278801843317973,"[[288, 797], [9, 921]]"
qda001,sweep,0.9999999988627373,0.547258064516129,0.6,0.5710445468509985,"[[1028, 57], [749, 181]]"
gb_lr0.08_d3,sweep,0.9620755814508396,0.5374193548387097,0.6,0.5678187403993855,"[[1070, 15], [791, 139]]"
hgb_lr0.02_leaf31,sweep,0.047074580108402854,0.5490322580645162,0.5990074441687345,0.6276497695852534,"[[277, 808], [0, 930]]"
hgb_lr0.02_leaf63,sweep,0.019247244829282934,0.5483870967741935,0.5990074441687345,0.6276497695852534,"[[277, 808], [0, 930]]"
hgb_lr0.04_leaf15,sweep,0.046572124397660605,0.5464516129032259,0.5990074441687345,0.6276497695852534,"[[277, 808], [0, 930]]"
hgb_lr0.04_leaf31,sweep,0.01619696920070379,0.5437096774193548,0.5990074441687345,0.6276497695852534,"[[277, 808], [0, 930]]"
hgb_lr0.04_leaf63,sweep,0.0024069116481667666,0.5462903225806451,0.5990074441687345,0.6276497695852534,"[[277, 808], [0, 930]]"
hgb_lr0.06_leaf15,sweep,0.021677934228793286,0.5403225806451613,0.5990074441687345,0.6276497695852534,"[[277, 808], [0, 930]]"
hgb_lr0.06_leaf31,sweep,0.003645053936791132,0.5382258064516129,0.5990074441687345,0.6276497695852534,"[[277, 808], [0, 930]]"
hgb_lr0.06_leaf63,sweep,0.00036526817939339004,0.5467741935483871,0.5990074441687345,0.6276497695852534,"[[277, 808], [0, 930]]"
hgb_lr0.08_leaf15,sweep,0.019458745012327465,0.5461290322580645,0.5990074441687345,0.6276497695852534,"[[277, 808], [0, 930]]"
hgb_lr0.08_leaf31,sweep,0.001447143365644811,0.5390322580645162,0.5990074441687345,0.6276497695852534,"[[277, 808], [0, 930]]"
hgb_lr0.08_leaf63,sweep,6.941954272772545e-05,0.5487096774193548,0.5990074441687345,0.6276497695852534,"[[277, 808], [0, 930]]"
gb_lr0.03_d2,sweep,0.14140365611032857,0.5511290322580645,0.5990074441687345,0.6276497695852534,"[[277, 808], [0, 930]]"
gb_lr0.03_d3,sweep,0.09677682809040972,0.5488709677419354,0.5990074441687345,0.6276497695852534,"[[277, 808], [0, 930]]"
gb_lr0.05_d2,sweep,0.10813952746738924,0.5490322580645162,0.5990074441687345,0.6276497695852534,"[[277, 808], [0, 930]]"
gb_lr0.05_d3,sweep,0.06866223586127987,0.5462903225806451,0.5990074441687345,0.6276497695852534,"[[277, 808], [0, 930]]"
gb_lr0.08_d1,sweep,0.17576158904522513,0.5509677419354839,0.5990074441687345,0.6276497695852534,"[[277, 808], [0, 930]]"
gb_lr0.08_d3,sweep,0.04231283951108659,0.542258064516129,0.5990074441687345,0.6276497695852534,"[[277, 808], [0, 930]]"
ada100,sweep,0.4882415770628849,0.5435483870967742,0.5990074441687345,0.6276497695852534,"[[277, 808], [0, 930]]"
ada300,sweep,0.49439591699523155,0.5411290322580645,0.5990074441687345,0.6276497695852534,"[[277, 808], [0, 930]]"
ada600,sweep,0.4962649889413577,0.5437096774193548,0.5990074441687345,0.6276497695852534,"[[277, 808], [0, 930]]"
"mlp(64,)",sweep,0.003976900303270664,0.5390322580645162,0.5990074441687345,0.6276497695852534,"[[277, 808], [0, 930]]"
"mlp(128,)",sweep,0.0021463613076135512,0.5241935483870968,0.5990074441687345,0.6276497695852534,"[[277, 808], [0, 930]]"
"mlp(64, 32)",sweep,3.7493762835219954e-05,0.5395161290322581,0.5990074441687345,0.6276497695852534,"[[277, 808], [0, 930]]"
lda,sweep,0.09670256032049655,0.5309677419354839,0.5990074441687345,0.6276497695852534,"[[277, 808], [0, 930]]"
gnb,sweep,1.1308426650367891e-66,0.5533870967741935,0.5990074441687345,0.6276497695852534,"[[277, 808], [0, 930]]"
nusvc03,sweep,3.435724932398117e-05,0.5469354838709677,0.5990074441687345,0.6276497695852534,"[[277, 808], [0, 930]]"
"mlp(64, 32)",sweep,0.9999996423721313,0.54,0.5990074441687345,0.5665130568356375,"[[1073, 12], [796, 134]]"
nusvc03,sweep,0.9999999999981893,0.5606451612903226,0.5990074441687345,0.5665130568356375,"[[1073, 12], [796, 134]]"
hgb_lr0.04_leaf31,sweep,0.01577631084488199,0.5432258064516129,0.5985111662531017,0.6271889400921659,"[[276, 809], [0, 930]]"
gb_lr0.03_d1,sweep,0.20142011680302518,0.5556451612903226,0.5985111662531017,0.6271889400921659,"[[276, 809], [0, 930]]"
gb_lr0.08_d1,sweep,0.17508865265253928,0.550483870967742,0.5985111662531017,0.6271889400921659,"[[276, 809], [0, 930]]"
gb_lr0.08_d3,sweep,0.04184055246468184,0.5416129032258065,0.5985111662531017,0.6271889400921659,"[[276, 809], [0, 930]]"
hgb_lr0.08_leaf31,sweep,0.9990278357422667,0.5475806451612903,0.5985111662531017,0.5665130568356375,"[[1066, 19], [790, 140]]"
hgb_lr0.06_leaf15,sweep,0.9824658771938691,0.545,0.5985111662531017,0.5662826420890937,"[[1069, 16], [793, 137]]"
"mlp(128,)",sweep,0.9993037561178207,0.5420967741935484,0.5985111662531017,0.5660522273425499,"[[1072, 13], [796, 134]]"
hgb_lr0.04_leaf15,sweep,0.9661715403859039,0.5456451612903226,0.5985111662531017,0.5658218125960062,"[[1075, 10], [799, 131]]"
hgb_lr0.04_leaf63,sweep,0.9980318774590007,0.5361290322580645,0.5985111662531017,0.5658218125960062,"[[1075, 10], [799, 131]]"
hgb_lr0.04_leaf63,sweep,0.998060283576818,0.5361290322580645,0.5985111662531017,0.5657450076804915,"[[1076, 9], [800, 130]]"
gb_lr0.03_d3,sweep,0.9119687434629089,0.5420967741935484,0.5985111662531017,0.5657450076804915,"[[1076, 9], [800, 130]]"
hgb_lr0.02_leaf15,sweep,0.08698664525251473,0.547741935483871,0.598014888337469,0.6266513056835638,"[[276, 809], [1, 929]]"
qda001,sweep,3.5654865443293555e-05,0.5680645161290323,0.598014888337469,0.626036866359447,"[[284, 801], [9, 921]]"
lda,sweep,0.9087847833633422,0.5590322580645162,0.598014888337469,0.5675115207373271,"[[1046, 39], [771, 159]]"
ada600,sweep,0.504541329267858,0.557258064516129,0.598014888337469,0.566589861751152,"[[1058, 27], [783, 147]]"
hgb_lr0.08_leaf31,sweep,0.9989809541101151,0.5480645161290323,0.598014888337469,0.5662826420890937,"[[1062, 23], [787, 143]]"
gb_lr0.05_d3,sweep,0.9447402505688692,0.5456451612903226,0.598014888337469,0.5652841781874041,"[[1075, 10], [800, 130]]"
gb_lr0.03_d3,sweep,0.9121821429579698,0.5420967741935484,0.598014888337469,0.5652073732718894,"[[1076, 9], [801, 129]]"
gb_lr0.05_d1,sweep,0.1950407858125857,0.5543548387096774,0.5975186104218362,0.6262672811059908,"[[274, 811], [0, 930]]"
ada600,sweep,0.504513559732036,0.5579032258064516,0.5975186104218362,0.5662826420890937,"[[1055, 30], [781, 149]]"
hgb_lr0.02_leaf15,sweep,0.9154202547784637,0.5440322580645162,0.5975186104218362,0.5655145929339478,"[[1065, 20], [791, 139]]"
hgb_lr0.08_leaf63,sweep,0.9999742479279176,0.5383870967741935,0.5975186104218362,0.5655145929339478,"[[1065, 20], [791, 139]]"
hgb_lr0.08_leaf15,sweep,0.9918144199086023,0.5495161290322581,0.5975186104218362,0.564900153609831,"[[1073, 12], [799, 131]]"
hgb_lr0.04_leaf15,sweep,0.9664890325665283,0.5446774193548387,0.5975186104218362,0.5647465437788018,"[[1075, 10], [801, 129]]"
hgb_lr0.06_leaf31,sweep,0.9972585529229314,0.5458064516129032,0.5975186104218362,0.5647465437788018,"[[1075, 10], [801, 129]]"
hgb_lr0.08_leaf15,sweep,0.9920491992852386,0.5482258064516129,0.5975186104218362,0.5647465437788018,"[[1075, 10], [801, 129]]"
gb_lr0.05_d3,sweep,0.9449932536222484,0.5458064516129032,0.5975186104218362,0.5647465437788018,"[[1075, 10], [801, 129]]"
nusvc03,sweep,0.9999999999984678,0.5596774193548387,0.5975186104218362,0.5647465437788018,"[[1075, 10], [801, 129]]"
gb_lr0.08_d1,sweep,0.8563387883149747,0.5445161290322581,0.5975186104218362,0.5642089093701996,"[[1082, 3], [808, 122]]"
hgb_lr0.04_leaf15,sweep,0.043815892169204985,0.5438709677419354,0.5970223325062035,0.6258064516129032,"[[273, 812], [0, 930]]"
lda,sweep,0.09540234589576721,0.53,0.5965260545905707,0.6253456221198157,"[[272, 813], [0, 930]]"
lda,sweep,0.9089471401214599,0.5591935483870968,0.5965260545905707,0.5658986175115207,"[[1046, 39], [774, 156]]"
"mlp(64,)",sweep,0.999784670829773,0.5338709677419354,0.5965260545905707,0.5637480798771122,"[[1074, 11], [802, 128]]"
"mlp(64,)",sweep,0.9997858679771423,0.5335483870967742,0.5965260545905707,0.5637480798771122,"[[1074, 11], [802, 128]]"
"mlp(128,)",sweep,0.9993826971054077,0.540483870967742,0.5965260545905707,0.5637480798771122,"[[1074, 11], [802, 128]]"
gb_lr0.05_d1,sweep,0.8385191059533761,0.5451612903225806,0.5965260545905707,0.5629800307219662,"[[1084, 1], [812, 118]]"
gb_lr0.08_d2,sweep,0.07978142748495683,0.5396774193548387,0.596029776674938,0.6246543778801843,"[[274, 811], [3, 927]]"
"mlp(64,)",sweep,0.0033569754000753165,0.5358064516129032,0.5955334987593052,0.6244239631336406,"[[270, 815], [0, 930]]"
"mlp(64, 32)",sweep,3.2497467251960184e-05,0.5374193548387097,0.5955334987593052,0.6244239631336406,"[[270, 815], [0, 930]]"
qda001,sweep,0.9999999991757808,0.547258064516129,0.5955334987593052,0.5658218125960062,"[[1033, 52], [763, 167]]"
"mlp(64, 32)",sweep,0.9999997615814209,0.5379032258064517,0.5955334987593052,0.5625960061443933,"[[1075, 10], [805, 125]]"
gb_lr0.03_d1,sweep,0.8081495676618894,0.5416129032258065,0.5955334987593052,0.5619815668202764,"[[1083, 2], [813, 117]]"
gb_lr0.08_d2,sweep,0.9347649173441178,0.5380645161290323,0.5955334987593052,0.5619815668202764,"[[1083, 2], [813, 117]]"
ada600,sweep,0.4959641043049116,0.5396774193548387,0.5950372208436725,0.623963133640553,"[[269, 816], [0, 930]]"
qda001,sweep,0.999999999214249,0.5467741935483871,0.5950372208436725,0.5652841781874041,"[[1033, 52], [764, 166]]"
hgb_lr0.02_leaf31,sweep,0.9532378718368403,0.5420967741935484,0.5950372208436725,0.5623655913978495,"[[1071, 14], [802, 128]]"
hgb_lr0.08_leaf15,sweep,0.015579890149338986,0.5419354838709678,0.5945409429280397,0.6235023041474654,"[[268, 817], [0, 930]]"
hgb_lr0.02_leaf63,sweep,0.9761737689416147,0.5358064516129032,0.5945409429280397,0.5625192012288787,"[[1062, 23], [794, 136]]"
hgb_lr0.06_leaf63,sweep,0.9997245919475363,0.537258064516129,0.5945409429280397,0.5625192012288787,"[[1062, 23], [794, 136]]"
ada600,sweep,0.5047321540342625,0.5551612903225807,0.5945409429280397,0.5625192012288787,"[[1062, 23], [794, 136]]"
hgb_lr0.08_leaf63,sweep,0.9999769028327212,0.5390322580645162,0.5945409429280397,0.5622887864823348,"[[1065, 20], [797, 133]]"
hgb_lr0.02_leaf15,sweep,0.9179351945588722,0.5438709677419354,0.5945409429280397,0.5619815668202766,"[[1069, 16], [801, 129]]"
hgb_lr0.04_leaf31,sweep,0.9882771868062429,0.547258064516129,0.5945409429280397,0.5617511520737327,"[[1072, 13], [804, 126]]"
gb_lr0.08_d1,sweep,0.860925832016134,0.542258064516129,0.5945409429280397,0.5609831029185868,"[[1082, 3], [814, 116]]"
hgb_lr0.08_leaf31,sweep,0.9991793274021816,0.5462903225806451,0.5940446650124069,0.561520737327189,"[[1068, 17], [801, 129]]"
ada300,sweep,0.5068986085327979,0.5380645161290323,0.5940446650124069,0.5613671274961597,"[[1070, 15], [803, 127]]"
gb_lr0.05_d2,sweep,0.9119538894946626,0.5379032258064517,0.5940446650124069,0.5605222734254992,"[[1081, 4], [814, 116]]"
gb_lr0.03_d1,sweep,0.8093619543187398,0.5403225806451613,0.5940446650124069,0.56036866359447,"[[1083, 2], [816, 114]]"
gb_lr0.08_d2,sweep,0.93511393129331,0.5385483870967742,0.5940446650124069,0.56036866359447,"[[1083, 2], [816, 114]]"
gb_lr0.05_d1,sweep,0.18984821693576448,0.5535483870967742,0.5935483870967742,0.6225806451612903,"[[266, 819], [0, 930]]"
hgb_lr0.02_leaf63,sweep,0.9762717268697787,0.5356451612903226,0.5935483870967742,0.5613671274961598,"[[1063, 22], [797, 133]]"
hgb_lr0.02_leaf15,sweep,0.919785108860165,0.5416129032258065,0.5935483870967742,0.560752688172043,"[[1071, 14], [805, 125]]"
hgb_lr0.02_leaf31,sweep,0.9539275635284755,0.5419354838709678,0.5935483870967742,0.560752688172043,"[[1071, 14], [805, 125]]"
hgb_lr0.06_leaf15,sweep,0.983687352827786,0.5448387096774193,0.5935483870967742,0.560752688172043,"[[1071, 14], [805, 125]]"
gb_lr0.03_d2,sweep,0.8754772756557336,0.5411290322580645,0.5935483870967742,0.5599846390168971,"[[1081, 4], [815, 115]]"
gb_lr0.05_d2,sweep,0.912078947256278,0.537741935483871,0.5935483870967742,0.5599846390168971,"[[1081, 4], [815, 115]]"
hgb_lr0.02_leaf31,sweep,0.038457011612059215,0.5438709677419354,0.5930521091811415,0.6221198156682027,"[[265, 820], [0, 930]]"
hgb_lr0.04_leaf31,sweep,0.9884656397299635,0.5462903225806451,0.5930521091811415,0.5601382488479263,"[[1072, 13], [807, 123]]"
ada100,sweep,0.515759640941676,0.5367741935483871,0.5930521091811415,0.5595238095238095,"[[1080, 5], [815, 115]]"
hgb_lr0.02_leaf15,sweep,0.07686106234703644,0.5438709677419354,0.5925558312655087,0.6216589861751152,"[[264, 821], [0, 930]]"
ada600,sweep,0.5047916774311167,0.5561290322580645,0.5925558312655087,0.56036866359447,"[[1062, 23], [798, 132]]"
hgb_lr0.08_leaf31,sweep,0.9992665233471357,0.5451612903225806,0.5925558312655087,0.5597542242703533,"[[1070, 15], [806, 124]]"
gb_lr0.08_d3,sweep,0.9657206681606635,0.5361290322580645,0.5925558312655087,0.5597542242703533,"[[1070, 15], [806, 124]]"
ada300,sweep,0.5069494731986597,0.537741935483871,0.5925558312655087,0.5597542242703533,"[[1070, 15], [806, 124]]"
ada100,sweep,0.515905928555219,0.5369354838709678,0.5925558312655087,0.5589861751152074,"[[1080, 5], [816, 114]]"
nusvc03,sweep,0.9999999999995426,0.5569354838709677,0.5925558312655087,0.5589861751152074,"[[1080, 5], [816, 114]]"
gb_lr0.03_d2,sweep,0.87735340958299,0.5403225806451613,0.5925558312655087,0.5587557603686636,"[[1083, 2], [819, 111]]"
gb_lr0.05_d1,sweep,0.8417177076988399,0.5432258064516129,0.5925558312655087,0.558678955453149,"[[1084, 1], [820, 110]]"
gb_lr0.03_d1,sweep,0.19558413653830103,0.5537096774193548,0.5920595533498759,0.6211981566820276,"[[263, 822], [0, 930]]"
nusvc03,sweep,2.157469719699399e-05,0.542258064516129,0.5920595533498759,0.6211981566820276,"[[263, 822], [0, 930]]"
qda001,sweep,2.081202106862985e-05,0.5643548387096774,0.5920595533498759,0.6206605222734255,"[[270, 815], [7, 923]]"
nusvc03,sweep,0.9999999999995013,0.5569354838709677,0.5920595533498759,0.5586021505376344,"[[1078, 7], [815, 115]]"
hgb_lr0.06_leaf63,sweep,0.00028276978821586057,0.5435483870967742,0.5915632754342431,0.62073732718894,"[[262, 823], [0, 930]]"
gb_lr0.05_d3,sweep,0.06575002565719061,0.5438709677419354,0.5915632754342431,0.62073732718894,"[[262, 823], [0, 930]]"
hgb_lr0.06_leaf63,sweep,0.9997373229618098,0.5369354838709678,0.5915632754342431,0.5592933947772658,"[[1062, 23], [800, 130]]"
gb_lr0.08_d3,sweep,0.9665739840413449,0.5362903225806451,0.5915632754342431,0.5586021505376344,"[[1071, 14], [809, 121]]"
hgb_lr0.04_leaf15,sweep,0.9700386759392748,0.5441935483870968,0.5915632754342431,0.558294930875576,"[[1075, 10], [813, 117]]"
ada300,sweep,0.4939287058440757,0.5383870967741935,0.5910669975186105,0.6202764976958526,"[[261, 824], [0, 930]]"
hgb_lr0.02_leaf63,sweep,0.0162956783252849,0.5438709677419354,0.5905707196029777,0.619815668202765,"[[260, 825], [0, 930]]"
hgb_lr0.04_leaf63,sweep,0.0020303951808710668,0.5438709677419354,0.5905707196029777,0.619815668202765,"[[260, 825], [0, 930]]"
hgb_lr0.08_leaf31,sweep,0.0010396661928787265,0.5333870967741936,0.5905707196029777,0.619815668202765,"[[260, 825], [0, 930]]"
qda001,sweep,1.9947095553977102e-05,0.5641935483870968,0.5905707196029777,0.6192780337941628,"[[267, 818], [7, 923]]"
lda,sweep,0.9134842542171479,0.5570967741935484,0.5905707196029777,0.5592933947772657,"[[1048, 37], [788, 142]]"
hgb_lr0.02_leaf63,sweep,0.9772594907702112,0.5346774193548387,0.5905707196029777,0.5577572964669739,"[[1068, 17], [808, 122]]"
hgb_lr0.08_leaf63,sweep,0.9999813258618645,0.5385483870967742,0.5905707196029777,0.5577572964669739,"[[1068, 17], [808, 122]]"
hgb_lr0.08_leaf15,sweep,0.9933668290666089,0.5467741935483871,0.5905707196029777,0.5570660522273425,"[[1077, 8], [817, 113]]"
hgb_lr0.04_leaf63,sweep,0.9983273061678468,0.5343548387096774,0.5905707196029777,0.556989247311828,"[[1078, 7], [818, 112]]"
hgb_lr0.08_leaf15,sweep,0.9936065181754428,0.5464516129032259,0.5905707196029777,0.556989247311828,"[[1078, 7], [818, 112]]"
gb_lr0.05_d3,sweep,0.9479945487914844,0.5438709677419354,0.5905707196029777,0.556989247311828,"[[1078, 7], [818, 112]]"
hgb_lr0.06_leaf31,sweep,0.0028447867402666277,0.5340322580645162,0.5900744416873449,0.6193548387096774,"[[259, 826], [0, 930]]"
"mlp(128,)",sweep,0.9995195090293885,0.5390322580645162,0.5900744416873449,0.5565284178187404,"[[1077, 8], [818, 112]]"
ada100,sweep,0.4865511246622143,0.5408064516129032,0.5895781637717121,0.6188940092165899,"[[258, 827], [0, 930]]"
lda,sweep,0.9167730362892151,0.5551612903225807,0.5895781637717121,0.5579877112135176,"[[1051, 34], [793, 137]]"
hgb_lr0.06_leaf63,sweep,0.9997748216858051,0.5369354838709678,0.5895781637717121,0.5567588325652841,"[[1067, 18], [809, 121]]"
hgb_lr0.06_leaf31,sweep,0.9977051236735297,0.5448387096774193,0.5895781637717121,0.5560675883256528,"[[1076, 9], [818, 112]]"
hgb_lr0.06_leaf31,sweep,0.9977168340012676,0.5446774193548387,0.5895781637717121,0.5559907834101382,"[[1077, 8], [819, 111]]"
"mlp(128,)",sweep,0.999528196811676,0.5385483870967742,0.5895781637717121,0.5559907834101382,"[[1077, 8], [819, 111]]"
gb_lr0.08_d1,sweep,0.865634548131371,0.5409677419354839,0.5895781637717121,0.5556067588325653,"[[1082, 3], [824, 106]]"
hgb_lr0.02_leaf15,sweep,0.07331709767069065,0.5412903225806451,0.5890818858560795,0.6184331797235023,"[[257, 828], [0, 930]]"
hgb_lr0.02_leaf31,sweep,0.033287570382824386,0.5375806451612903,0.5890818858560795,0.6184331797235023,"[[257, 828], [0, 930]]"
hgb_lr0.02_leaf63,sweep,0.01568405381726208,0.5416129032258065,0.5890818858560795,0.6184331797235023,"[[257, 828], [0, 930]]"
hgb_lr0.04_leaf15,sweep,0.037666238577706644,0.5401612903225806,0.5890818858560795,0.6184331797235023,"[[257, 828], [0, 930]]"
hgb_lr0.04_leaf31,sweep,0.012032693475581845,0.537258064516129,0.5890818858560795,0.6184331797235023,"[[257, 828], [0, 930]]"
hgb_lr0.04_leaf63,sweep,0.0020089806436429103,0.5437096774193548,0.5890818858560795,0.6184331797235023,"[[257, 828], [0, 930]]"
hgb_lr0.06_leaf15,sweep,0.018211805548914425,0.537258064516129,0.5890818858560795,0.6184331797235023,"[[257, 828], [0, 930]]"
hgb_lr0.06_leaf31,sweep,0.002792456407323811,0.5335483870967742,0.5890818858560795,0.6184331797235023,"[[257, 828], [0, 930]]"
hgb_lr0.06_leaf63,sweep,0.000263868798125728,0.5425806451612903,0.5890818858560795,0.6184331797235023,"[[257, 828], [0, 930]]"
hgb_lr0.08_leaf15,sweep,0.013488890169473945,0.5390322580645162,0.5890818858560795,0.6184331797235023,"[[257, 828], [0, 930]]"
hgb_lr0.08_leaf31,sweep,0.0010006288276493446,0.5324193548387097,0.5890818858560795,0.6184331797235023,"[[257, 828], [0, 930]]"
hgb_lr0.08_leaf63,sweep,3.946066718197989e-05,0.5441935483870968,0.5890818858560795,0.6184331797235023,"[[257, 828], [0, 930]]"
gb_lr0.03_d2,sweep,0.13186923657797237,0.5475806451612903,0.5890818858560795,0.6184331797235023,"[[257, 828], [0, 930]]"
gb_lr0.03_d3,sweep,0.09294713272295148,0.545,0.5890818858560795,0.6184331797235023,"[[257, 828], [0, 930]]"
gb_lr0.05_d1,sweep,0.186282334214176,0.552258064516129,0.5890818858560795,0.6184331797235023,"[[257, 828], [0, 930]]"
gb_lr0.05_d2,sweep,0.10231161064512524,0.5462903225806451,0.5890818858560795,0.6184331797235023,"[[257, 828], [0, 930]]"
gb_lr0.08_d1,sweep,0.1627357674157287,0.5480645161290323,0.5890818858560795,0.6184331797235023,"[[257, 828], [0, 930]]"
gb_lr0.08_d3,sweep,0.03874975643295917,0.5370967741935484,0.5890818858560795,0.6184331797235023,"[[257, 828], [0, 930]]"
ada100,sweep,0.4865051100953216,0.5409677419354839,0.5890818858560795,0.6184331797235023,"[[257, 828], [0, 930]]"
ada300,sweep,0.4938844924275591,0.5379032258064517,0.5890818858560795,0.6184331797235023,"[[257, 828], [0, 930]]"
ada600,sweep,0.4957207332517672,0.5364516129032258,0.5890818858560795,0.6184331797235023,"[[257, 828], [0, 930]]"
"mlp(64,)",sweep,0.0028861662954092026,0.532258064516129,0.5890818858560795,0.6184331797235023,"[[257, 828], [0, 930]]"
"mlp(128,)",sweep,0.0015950798803940416,0.520483870967742,0.5890818858560795,0.6184331797235023,"[[257, 828], [0, 930]]"
"mlp(64, 32)",sweep,2.6374880055664114e-05,0.5353225806451613,0.5890818858560795,0.6184331797235023,"[[257, 828], [0, 930]]"
lda,sweep,0.08924529662132263,0.5246774193548387,0.5890818858560795,0.6184331797235023,"[[257, 828], [0, 930]]"
gnb,sweep,5.453748252758498e-69,0.5479032258064516,0.5890818858560795,0.6184331797235023,"[[257, 828], [0, 930]]"
nusvc03,sweep,1.4628513886209627e-05,0.5380645161290323,0.5890818858560795,0.6184331797235023,"[[257, 828], [0, 930]]"
qda001,sweep,0.9999999996062601,0.5462903225806451,0.5890818858560795,0.5585253456221199,"[[1037, 48], [780, 150]]"
hgb_lr0.08_leaf63,sweep,3.888419707894702e-05,0.5438709677419354,0.5885856079404467,0.6179723502304147,"[[256, 829], [0, 930]]"
gb_lr0.03_d1,sweep,0.19466829837604993,0.5532258064516129,0.5885856079404467,0.6179723502304147,"[[256, 829], [0, 930]]"
gb_lr0.05_d3,sweep,0.06470990852472175,0.5430645161290323,0.5885856079404467,0.6179723502304147,"[[256, 829], [0, 930]]"
"mlp(128,)",sweep,0.001564331233175471,0.5196774193548387,0.5885856079404467,0.6179723502304147,"[[256, 829], [0, 930]]"
hgb_lr0.02_leaf15,sweep,0.9231248520923813,0.5401612903225806,0.5885856079404467,0.5552227342549924,"[[1073, 12], [817, 113]]"
hgb_lr0.02_leaf31,sweep,0.956336144536622,0.5417741935483871,0.5885856079404467,0.5549923195084485,"[[1076, 9], [820, 110]]"
hgb_lr0.04_leaf15,sweep,0.9710283040666368,0.5438709677419354,0.5885856079404467,0.5549923195084485,"[[1076, 9], [820, 110]]"
gb_lr0.03_d3,sweep,0.915919122772241,0.5420967741935484,0.5885856079404467,0.5549923195084485,"[[1076, 9], [820, 110]]"
"mlp(64,)",sweep,0.9998219039440155,0.5309677419354839,0.5885856079404467,0.5549923195084485,"[[1076, 9], [820, 110]]"
gb_lr0.05_d3,sweep,0.9494240979378687,0.5435483870967742,0.5885856079404467,0.5548387096774193,"[[1078, 7], [822, 108]]"
qda001,sweep,0.9999999996437929,0.5461290322580645,0.5880893300248139,0.5573732718894009,"[[1038, 47], [783, 147]]"
qda001,sweep,0.9999999998684157,0.5462903225806451,0.5880893300248139,0.5561443932411674,"[[1054, 31], [799, 131]]"
hgb_lr0.06_leaf15,sweep,0.9848419699538776,0.5445161290322581,0.5880893300248139,0.5547619047619048,"[[1072, 13], [817, 113]]"
hgb_lr0.08_leaf31,sweep,0.9993545046300761,0.5429032258064516,0.5880893300248139,0.5547619047619048,"[[1072, 13], [817, 113]]"
ada300,sweep,0.5071910919171433,0.5369354838709678,0.5880893300248139,0.5546850998463901,"[[1073, 12], [818, 112]]"
hgb_lr0.04_leaf63,sweep,0.9983809544222584,0.5338709677419354,0.5880893300248139,0.5543010752688172,"[[1078, 7], [823, 107]]"
gb_lr0.03_d2,sweep,0.8829359930679685,0.5398387096774193,0.5880893300248139,0.553763440860215,"[[1085, 0], [830, 100]]"
gb_lr0.05_d1,sweep,0.8459513989350107,0.542741935483871,0.5880893300248139,0.553763440860215,"[[1085, 0], [830, 100]]"
gb_lr0.08_d2,sweep,0.9408940308854998,0.537258064516129,0.5880893300248139,0.553763440860215,"[[1085, 0], [830, 100]]"
qda001,sweep,0.9999999999009508,0.5445161290322581,0.5875930521091811,0.5555299539170507,"[[1055, 30], [801, 129]]"
ada600,sweep,0.5050816181449169,0.5559677419354838,0.5875930521091811,0.554915514592934,"[[1063, 22], [809, 121]]"
hgb_lr0.06_leaf63,sweep,0.9997932354389877,0.5351612903225806,0.5875930521091811,0.554531490015361,"[[1068, 17], [814, 116]]"
qda001,sweep,0.9999999997814617,0.5462903225806451,0.5866004962779157,0.5552995391705069,"[[1044, 41], [792, 138]]"
ada600,sweep,0.505124575756542,0.5561290322580645,0.5866004962779157,0.553763440860215,"[[1064, 21], [812, 118]]"
hgb_lr0.04_leaf31,sweep,0.9892923568721532,0.5461290322580645,0.5866004962779157,0.5529953917050692,"[[1074, 11], [822, 108]]"
hgb_lr0.06_leaf15,sweep,0.9855910894870321,0.5437096774193548,0.5866004962779157,0.5529953917050692,"[[1074, 11], [822, 108]]"
gb_lr0.08_d3,sweep,0.9689904827837452,0.5370967741935484,0.5866004962779157,0.5529953917050692,"[[1074, 11], [822, 108]]"
ada300,sweep,0.5072150467469452,0.5374193548387097,0.5866004962779157,0.5529953917050692,"[[1074, 11], [822, 108]]"
hgb_lr0.02_leaf31,sweep,0.9580321028419173,0.5409677419354839,0.5866004962779157,0.5526113671274961,"[[1079, 6], [827, 103]]"
gb_lr0.08_d2,sweep,0.9414168075884797,0.5370967741935484,0.5866004962779157,0.5521505376344086,"[[1085, 0], [833, 97]]"
gb_lr0.08_d2,sweep,0.07152654064059565,0.5353225806451613,0.5861042183622829,0.6154377880184332,"[[254, 831], [3, 927]]"
gb_lr0.03_d1,sweep,0.8141516200008823,0.5374193548387097,0.5861042183622829,0.5517665130568357,"[[1083, 2], [832, 98]]"
gb_lr0.05_d2,sweep,0.9166612326414632,0.5375806451612903,0.5861042183622829,0.5517665130568357,"[[1083, 2], [832, 98]]"
gb_lr0.08_d1,sweep,0.8700716750338892,0.54,0.5861042183622829,0.5517665130568357,"[[1083, 2], [832, 98]]"
hgb_lr0.02_leaf15,sweep,0.9243886595032066,0.5390322580645162,0.5856079404466501,0.5519969278033794,"[[1073, 12], [823, 107]]"
hgb_lr0.08_leaf31,sweep,0.9994029327562302,0.5424193548387096,0.5856079404466501,0.5519969278033794,"[[1073, 12], [823, 107]]"
gb_lr0.03_d3,sweep,0.09083186538647008,0.5438709677419354,0.5851116625310173,0.6147465437788019,"[[249, 836], [0, 930]]"
lda,sweep,0.0874945407062769,0.5230645161290323,0.5851116625310173,0.6147465437788019,"[[249, 836], [0, 930]]"
gb_lr0.03_d3,sweep,0.9172633409673008,0.542258064516129,0.5851116625310173,0.5512288786482334,"[[1076, 9], [827, 103]]"
gb_lr0.05_d2,sweep,0.9169697015470885,0.537741935483871,0.5851116625310173,0.5506912442396313,"[[1083, 2], [834, 96]]"
lda,sweep,0.9194816914081574,0.5533870967741935,0.5846153846153846,0.5525345622119815,"[[1052, 33], [804, 126]]"
ada600,sweep,0.505454813573532,0.5538709677419354,0.5846153846153846,0.5511520737327189,"[[1070, 15], [822, 108]]"
gb_lr0.05_d2,sweep,0.09844829439921449,0.5438709677419354,0.5841191066997519,0.6138248847926268,"[[247, 838], [0, 930]]"
qda001,sweep,1.4032575203381854e-05,0.5611290322580645,0.5841191066997519,0.6134408602150537,"[[252, 833], [5, 925]]"
hgb_lr0.08_leaf63,sweep,0.9999851585748019,0.5367741935483871,0.5841191066997519,0.5506912442396313,"[[1069, 16], [822, 108]]"
hgb_lr0.02_leaf63,sweep,0.9785647760717352,0.5345161290322581,0.5841191066997519,0.5505376344086022,"[[1071, 14], [824, 106]]"
hgb_lr0.04_leaf31,sweep,0.9900562308630803,0.5458064516129032,0.5841191066997519,0.5501536098310291,"[[1076, 9], [829, 101]]"
hgb_lr0.04_leaf15,sweep,0.9732756025465134,0.542258064516129,0.5841191066997519,0.5500768049155146,"[[1077, 8], [830, 100]]"
hgb_lr0.02_leaf31,sweep,0.9613809072603356,0.5390322580645162,0.5841191066997519,0.5497695852534562,"[[1081, 4], [834, 96]]"
gb_lr0.05_d3,sweep,0.9526281188158064,0.5425806451612903,0.5841191066997519,0.5497695852534562,"[[1081, 4], [834, 96]]"
"mlp(64,)",sweep,0.0025987462799530485,0.5282258064516129,0.5836228287841191,0.6133640552995392,"[[246, 839], [0, 930]]"
qda001,sweep,0.9999999999505836,0.5445161290322581,0.5836228287841191,0.5507680491551459,"[[1061, 24], [815, 115]]"
hgb_lr0.02_leaf63,sweep,0.9785852115897181,0.5343548387096774,0.5836228287841191,0.5499999999999999,"[[1071, 14], [825, 105]]"
ada600,sweep,0.5055104890460985,0.5532258064516129,0.5836228287841191,0.5499999999999999,"[[1071, 14], [825, 105]]"
hgb_lr0.08_leaf15,sweep,0.9944829877143021,0.545483870967742,0.5836228287841191,0.5494623655913978,"[[1078, 7], [832, 98]]"
nusvc03,sweep,0.999999999999853,0.5538709677419354,0.5836228287841191,0.5492319508448541,"[[1081, 4], [835, 95]]"
"mlp(64, 32)",sweep,0.9999998807907104,0.535,0.5831265508684863,0.5491551459293394,"[[1075, 10], [830, 100]]"
ada100,sweep,0.5164577556294959,0.5346774193548387,0.5831265508684863,0.5487711213517665,"[[1080, 5], [835, 95]]"
nusvc03,sweep,0.9999999999998436,0.5538709677419354,0.5831265508684863,0.5487711213517665,"[[1080, 5], [835, 95]]"
lda,sweep,0.9229048938751221,0.5509677419354839,0.5826302729528536,0.5497695852534562,"[[1060, 25], [816, 114]]"
hgb_lr0.06_leaf63,sweep,0.9998173760833302,0.5332258064516129,0.5826302729528536,0.5490015360983103,"[[1070, 15], [826, 104]]"
gb_lr0.08_d3,sweep,0.9704123261865285,0.5367741935483871,0.5826302729528536,0.5486943164362519,"[[1074, 11], [830, 100]]"
hgb_lr0.02_leaf31,sweep,0.029011753138252088,0.5340322580645162,0.5821339950372209,0.6119815668202765,"[[243, 842], [0, 930]]"
gb_lr0.03_d2,sweep,0.12687404252177448,0.5438709677419354,0.5821339950372209,0.6119815668202765,"[[243, 842], [0, 930]]"
gb_lr0.08_d3,sweep,0.03651975603529898,0.5324193548387097,0.5821339950372209,0.6119815668202765,"[[243, 842], [0, 930]]"
hgb_lr0.04_leaf63,sweep,0.9985716393869369,0.532258064516129,0.5821339950372209,0.5477726574500767,"[[1079, 6], [836, 94]]"
hgb_lr0.06_leaf31,sweep,0.9980746304814652,0.5419354838709678,0.5821339950372209,0.5477726574500767,"[[1079, 6], [836, 94]]"
hgb_lr0.08_leaf15,sweep,0.9946643529911511,0.545,0.5821339950372209,0.5477726574500767,"[[1079, 6], [836, 94]]"
gb_lr0.03_d2,sweep,0.8856265203939154,0.5393548387096774,0.5821339950372209,0.5473118279569893,"[[1085, 0], [842, 88]]"
qda001,sweep,0.9999999999621676,0.5438709677419354,0.5816377171215881,0.5486175115207373,"[[1061, 24], [819, 111]]"
hgb_lr0.08_leaf63,sweep,0.9999863512769043,0.5362903225806451,0.5816377171215881,0.5480030721966206,"[[1069, 16], [827, 103]]"
gb_lr0.05_d1,sweep,0.8517002021208115,0.5398387096774193,0.5816377171215881,0.5467741935483871,"[[1085, 0], [843, 87]]"
hgb_lr0.04_leaf31,sweep,0.009595539643857173,0.5337096774193548,0.5811414392059553,0.6110599078341014,"[[241, 844], [0, 930]]"
hgb_lr0.04_leaf31,sweep,0.9906408649444531,0.5440322580645162,0.5811414392059553,0.5467741935483871,"[[1078, 7], [837, 93]]"
gb_lr0.03_d3,sweep,0.9206058181256254,0.5425806451612903,0.5811414392059553,0.5467741935483871,"[[1078, 7], [837, 93]]"
hgb_lr0.02_leaf31,sweep,0.9620960602300686,0.5380645161290323,0.5811414392059553,0.5465437788018433,"[[1081, 4], [840, 90]]"
hgb_lr0.06_leaf15,sweep,0.01528561041554895,0.5340322580645162,0.5806451612903226,0.6105990783410138,"[[240, 845], [0, 930]]"
"mlp(64, 32)",sweep,1.80961863607081e-05,0.5298387096774193,0.5806451612903226,0.6105990783410138,"[[240, 845], [0, 930]]"
hgb_lr0.06_leaf31,sweep,0.9981497955002294,0.5412903225806451,0.5806451612903226,0.5461597542242703,"[[1079, 6], [839, 91]]"
ada100,sweep,0.516732293781321,0.5338709677419354,0.5806451612903226,0.5460829493087558,"[[1080, 5], [840, 90]]"
hgb_lr0.08_leaf15,sweep,0.010410805510198252,0.5333870967741936,0.5801488833746898,0.6101382488479262,"[[239, 846], [0, 930]]"
nusvc03,sweep,6.38228583679049e-06,0.5330645161290323,0.5801488833746898,0.6101382488479262,"[[239, 846], [0, 930]]"
hgb_lr0.08_leaf31,sweep,0.9995059207714942,0.54,0.5801488833746898,0.5460061443932411,"[[1074, 11], [835, 95]]"
hgb_lr0.02_leaf15,sweep,0.9276113769790616,0.537741935483871,0.5801488833746898,0.5457757296466974,"[[1077, 8], [838, 92]]"
hgb_lr0.02_leaf15,sweep,0.9282016627259136,0.5382258064516129,0.5801488833746898,0.5457757296466974,"[[1077, 8], [838, 92]]"
hgb_lr0.04_leaf15,sweep,0.9741906402298421,0.5401612903225806,0.5801488833746898,0.5457757296466974,"[[1077, 8], [838, 92]]"
ada300,sweep,0.5076310610685121,0.5364516129032258,0.5801488833746898,0.5457757296466974,"[[1077, 8], [838, 92]]"
"mlp(64,)",sweep,0.9998625650405883,0.5283870967741936,0.5801488833746898,0.5457757296466974,"[[1077, 8], [838, 92]]"
"mlp(128,)",sweep,0.9996656207084655,0.5358064516129032,0.5801488833746898,0.5457757296466974,"[[1077, 8], [838, 92]]"
hgb_lr0.02_leaf15,sweep,0.06313014541557785,0.5364516129032258,0.5796526054590571,0.6096774193548387,"[[238, 847], [0, 930]]"
hgb_lr0.02_leaf31,sweep,0.028004135625688976,0.5330645161290323,0.5796526054590571,0.6096774193548387,"[[238, 847], [0, 930]]"
hgb_lr0.02_leaf63,sweep,0.01282027977088158,0.5353225806451613,0.5796526054590571,0.6096774193548387,"[[238, 847], [0, 930]]"
hgb_lr0.04_leaf15,sweep,0.03186968822820788,0.5362903225806451,0.5796526054590571,0.6096774193548387,"[[238, 847], [0, 930]]"
hgb_lr0.04_leaf31,sweep,0.009377082525508913,0.5330645161290323,0.5796526054590571,0.6096774193548387,"[[238, 847], [0, 930]]"
hgb_lr0.04_leaf63,sweep,0.0015471640235125708,0.5393548387096774,0.5796526054590571,0.6096774193548387,"[[238, 847], [0, 930]]"
hgb_lr0.06_leaf15,sweep,0.015011911363765177,0.5338709677419354,0.5796526054590571,0.6096774193548387,"[[238, 847], [0, 930]]"
hgb_lr0.06_leaf31,sweep,0.0020111260656170567,0.5283870967741936,0.5796526054590571,0.6096774193548387,"[[238, 847], [0, 930]]"
hgb_lr0.06_leaf63,sweep,0.00016456723522673684,0.5362903225806451,0.5796526054590571,0.6096774193548387,"[[238, 847], [0, 930]]"
hgb_lr0.08_leaf15,sweep,0.010144350477836966,0.5325806451612903,0.5796526054590571,0.6096774193548387,"[[238, 847], [0, 930]]"
hgb_lr0.08_leaf31,sweep,0.0007112501711796349,0.5279032258064517,0.5796526054590571,0.6096774193548387,"[[238, 847], [0, 930]]"
hgb_lr0.08_leaf63,sweep,2.1333903118052802e-05,0.5379032258064517,0.5796526054590571,0.6096774193548387,"[[238, 847], [0, 930]]"
gb_lr0.03_d1,sweep,0.1848595191735966,0.5475806451612903,0.5796526054590571,0.6096774193548387,"[[238, 847], [0, 930]]"
gb_lr0.03_d2,sweep,0.12490929007069403,0.5430645161290323,0.5796526054590571,0.6096774193548387,"[[238, 847], [0, 930]]"
gb_lr0.03_d3,sweep,0.08607031264954335,0.54,0.5796526054590571,0.6096774193548387,"[[238, 847], [0, 930]]"
gb_lr0.05_d1,sweep,0.1722757251415862,0.547258064516129,0.5796526054590571,0.6096774193548387,"[[238, 847], [0, 930]]"
gb_lr0.05_d3,sweep,0.05942149069179097,0.5382258064516129,0.5796526054590571,0.6096774193548387,"[[238, 847], [0, 930]]"
gb_lr0.08_d3,sweep,0.036022526614845195,0.5314516129032258,0.5796526054590571,0.6096774193548387,"[[238, 847], [0, 930]]"
ada100,sweep,0.4853962472477263,0.5409677419354839,0.5796526054590571,0.6096774193548387,"[[238, 847], [0, 930]]"
ada300,sweep,0.493119718480745,0.5343548387096774,0.5796526054590571,0.6096774193548387,"[[238, 847], [0, 930]]"
ada600,sweep,0.4952607188104781,0.5324193548387097,0.5796526054590571,0.6096774193548387,"[[238, 847], [0, 930]]"
"mlp(64,)",sweep,0.002346122560556978,0.525483870967742,0.5796526054590571,0.6096774193548387,"[[238, 847], [0, 930]]"
"mlp(128,)",sweep,0.0013086426545865833,0.5170967741935484,0.5796526054590571,0.6096774193548387,"[[238, 847], [0, 930]]"
"mlp(64, 32)",sweep,1.6870153028867182e-05,0.5283870967741936,0.5796526054590571,0.6096774193548387,"[[238, 847], [0, 930]]"
lda,sweep,0.08438948984146118,0.5203225806451612,0.5796526054590571,0.6096774193548387,"[[238, 847], [0, 930]]"
gnb,sweep,2.854102848685555e-70,0.5464516129032259,0.5796526054590571,0.6096774193548387,"[[238, 847], [0, 930]]"
nusvc03,sweep,5.99625047372602e-06,0.5327419354838709,0.5796526054590571,0.6096774193548387,"[[238, 847], [0, 930]]"
lda,sweep,0.9261012036204338,0.5498387096774193,0.5796526054590571,0.5463133640552995,"[[1063, 22], [825, 105]]"
hgb_lr0.06_leaf63,sweep,0.9998377283718193,0.5335483870967742,0.5796526054590571,0.5456989247311828,"[[1071, 14], [833, 97]]"
hgb_lr0.06_leaf15,sweep,0.9871223376743725,0.5412903225806451,0.5796526054590571,0.5453917050691245,"[[1075, 10], [837, 93]]"
ada300,sweep,0.5076561602953408,0.5358064516129032,0.5796526054590571,0.5452380952380952,"[[1077, 8], [839, 91]]"
"mlp(64,)",sweep,0.9998635661125184,0.5285483870967742,0.5796526054590571,0.5452380952380952,"[[1077, 8], [839, 91]]"
gb_lr0.03_d3,sweep,0.923301791631009,0.5419354838709678,0.5796526054590571,0.5450076804915515,"[[1080, 5], [842, 88]]"
gb_lr0.05_d2,sweep,0.09312919336693164,0.5395161290322581,0.5791563275434243,0.6092165898617512,"[[237, 848], [0, 930]]"
gb_lr0.08_d1,sweep,0.14922492375276422,0.5443548387096774,0.5791563275434243,0.6092165898617512,"[[237, 848], [0, 930]]"
ada600,sweep,0.4952437711189154,0.5320967741935484,0.5791563275434243,0.6092165898617512,"[[237, 848], [0, 930]]"
gb_lr0.08_d3,sweep,0.9724413772660331,0.5351612903225806,0.5791563275434243,0.5447772657450076,"[[1076, 9], [839, 91]]"
gb_lr0.08_d2,sweep,0.06953539953999277,0.5340322580645162,0.5786600496277916,0.6085253456221198,"[[239, 846], [3, 927]]"
gb_lr0.03_d1,sweep,0.8190519609310823,0.5362903225806451,0.5786600496277916,0.5437019969278034,"[[1083, 2], [847, 83]]"
ada600,sweep,0.5061005132380053,0.5487096774193548,0.5781637717121588,0.5439324116743471,"[[1073, 12], [838, 92]]"
hgb_lr0.06_leaf15,sweep,0.987476212443522,0.5398387096774193,0.5781637717121588,0.543778801843318,"[[1075, 10], [840, 90]]"
hgb_lr0.06_leaf63,sweep,0.9998530171025073,0.5337096774193548,0.5781637717121588,0.543778801843318,"[[1075, 10], [840, 90]]"
hgb_lr0.04_leaf31,sweep,0.9913607443395944,0.542258064516129,0.5781637717121588,0.543394777265745,"[[1080, 5], [845, 85]]"
gb_lr0.05_d3,sweep,0.9549295577176534,0.5412903225806451,0.5781637717121588,0.5433179723502304,"[[1081, 4], [846, 84]]"
gb_lr0.03_d2,sweep,0.8880424154195473,0.5396774193548387,0.5781637717121588,0.543010752688172,"[[1085, 0], [850, 80]]"
gb_lr0.05_d1,sweep,0.8551335939570801,0.5387096774193548,0.5781637717121588,0.543010752688172,"[[1085, 0], [850, 80]]"
gb_lr0.08_d2,sweep,0.9449702589689913,0.5359677419354839,0.5781637717121588,0.543010752688172,"[[1085, 0], [850, 80]]"
gb_lr0.08_d1,sweep,0.1483436835715702,0.5429032258064516,0.577667493796526,0.6078341013824885,"[[234, 851], [0, 930]]"
hgb_lr0.04_leaf15,sweep,0.030311556555632866,0.5340322580645162,0.5771712158808933,0.6073732718894009,"[[233, 852], [0, 930]]"
gb_lr0.08_d2,sweep,0.06876909959648798,0.5335483870967742,0.5771712158808933,0.6072196620583717,"[[235, 850], [2, 928]]"
hgb_lr0.02_leaf63,sweep,0.9802936397839705,0.5333870967741936,0.5771712158808933,0.5427803379416283,"[[1074, 11], [841, 89]]"
hgb_lr0.08_leaf31,sweep,0.9995500838053276,0.5395161290322581,0.5771712158808933,0.5427803379416283,"[[1074, 11], [841, 89]]"
"mlp(128,)",sweep,0.9996837072849274,0.5358064516129032,0.5771712158808933,0.5425499231950844,"[[1077, 8], [844, 86]]"
gb_lr0.05_d2,sweep,0.9212285606593508,0.5367741935483871,0.5771712158808933,0.5420122887864823,"[[1084, 1], [851, 79]]"
gb_lr0.08_d1,sweep,0.876907188101377,0.5388709677419354,0.5771712158808933,0.5420122887864823,"[[1084, 1], [851, 79]]"
gb_lr0.08_d1,sweep,0.8769252725137087,0.5388709677419354,0.5771712158808933,0.5420122887864823,"[[1084, 1], [851, 79]]"
hgb_lr0.06_leaf63,sweep,0.0001440901198812463,0.5340322580645162,0.5766749379652606,0.6069124423963134,"[[232, 853], [0, 930]]"
lda,sweep,0.9270886952877044,0.5496774193548387,0.5766749379652606,0.543010752688172,"[[1064, 21], [832, 98]]"
qda001,sweep,0.9999999999773284,0.5448387096774193,0.5766749379652606,0.543010752688172,"[[1064, 21], [832, 98]]"
gb_lr0.08_d3,sweep,0.974556662252771,0.535483870967742,0.5766749379652606,0.5418586789554531,"[[1079, 6], [847, 83]]"
hgb_lr0.02_leaf63,sweep,0.012319593420861214,0.5340322580645162,0.5761786600496278,0.6064516129032258,"[[231, 854], [0, 930]]"
gb_lr0.03_d1,sweep,0.17910579005285202,0.5438709677419354,0.5761786600496278,0.6064516129032258,"[[231, 854], [0, 930]]"
ada600,sweep,0.5062337949871046,0.5480645161290323,0.5761786600496278,0.5417818740399386,"[[1073, 12], [842, 88]]"
hgb_lr0.04_leaf63,sweep,0.9987204519049555,0.5330645161290323,0.5761786600496278,0.5411674347158218,"[[1081, 4], [850, 80]]"
hgb_lr0.02_leaf31,sweep,0.9645225543945999,0.5356451612903226,0.5761786600496278,0.5410138248847927,"[[1083, 2], [852, 78]]"
gb_lr0.03_d1,sweep,0.8199750451845559,0.5362903225806451,0.5761786600496278,0.5410138248847927,"[[1083, 2], [852, 78]]"
gb_lr0.05_d3,sweep,0.9567376904544186,0.5409677419354839,0.5761786600496278,0.5410138248847927,"[[1083, 2], [852, 78]]"
nusvc03,sweep,0.9999999999999636,0.5511290322580645,0.5761786600496278,0.5410138248847927,"[[1083, 2], [852, 78]]"
gb_lr0.05_d1,sweep,0.1682703551714397,0.5435483870967742,0.575682382133995,0.6059907834101382,"[[230, 855], [0, 930]]"
nusvc03,sweep,0.9999999999999662,0.5506451612903226,0.575682382133995,0.5404761904761904,"[[1083, 2], [853, 77]]"
nusvc03,sweep,0.9999999999999699,0.5501612903225807,0.575682382133995,0.5404761904761904,"[[1083, 2], [853, 77]]"
hgb_lr0.02_leaf15,sweep,0.059717282390242536,0.5340322580645162,0.5751861042183622,0.6055299539170507,"[[229, 856], [0, 930]]"
hgb_lr0.08_leaf63,sweep,0.9999896536396553,0.5367741935483871,0.5751861042183622,0.5407834101382488,"[[1072, 13], [843, 87]]"
hgb_lr0.02_leaf63,sweep,0.9808712359005726,0.5329032258064517,0.5751861042183622,0.5404761904761904,"[[1076, 9], [847, 83]]"
ada300,sweep,0.507946516396624,0.5351612903225806,0.5751861042183622,0.5400153609831029,"[[1082, 3], [853, 77]]"
"mlp(64,)",sweep,0.9998903263568878,0.5270967741935484,0.5751861042183622,0.5400153609831029,"[[1082, 3], [853, 77]]"
qda001,sweep,1.0564600632894574e-05,0.557741935483871,0.5746898263027296,0.6046850998463902,"[[233, 852], [5, 925]]"
hgb_lr0.08_leaf63,sweep,0.9999908426151713,0.5359677419354839,0.5746898263027296,0.5399385560675883,"[[1076, 9], [848, 82]]"
qda001,sweep,0.99999999998784,0.5425806451612903,0.5741935483870968,0.5400921658986175,"[[1067, 18], [840, 90]]"
hgb_lr0.04_leaf31,sweep,0.9921867851767734,0.542741935483871,0.5741935483870968,0.5390168970814132,"[[1081, 4], [854, 76]]"
hgb_lr0.04_leaf63,sweep,0.99882633039345,0.5317741935483871,0.5741935483870968,0.5390168970814132,"[[1081, 4], [854, 76]]"
ada300,sweep,0.5080644431173434,0.5341935483870968,0.5741935483870968,0.538863287250384,"[[1083, 2], [856, 74]]"
hgb_lr0.04_leaf63,sweep,0.001170982828731179,0.5340322580645162,0.573697270471464,0.6041474654377881,"[[226, 859], [0, 930]]"
hgb_lr0.04_leaf15,sweep,0.9767120861128524,0.5388709677419354,0.573697270471464,0.5385560675883256,"[[1080, 5], [854, 76]]"
ada300,sweep,0.4926310944189372,0.5320967741935484,0.5732009925558312,0.6036866359447004,"[[225, 860], [0, 930]]"
qda001,sweep,1.0254770080390135e-05,0.5575806451612904,0.5732009925558312,0.6033026113671275,"[[230, 855], [5, 925]]"
hgb_lr0.04_leaf15,sweep,0.9769957951316848,0.5379032258064517,0.5732009925558312,0.5380184331797235,"[[1080, 5], [855, 75]]"
hgb_lr0.06_leaf31,sweep,0.9985572668104742,0.5374193548387097,0.5732009925558312,0.5380184331797235,"[[1080, 5], [855, 75]]"
hgb_lr0.08_leaf15,sweep,0.9953866065341177,0.5429032258064516,0.5732009925558312,0.5380184331797235,"[[1080, 5], [855, 75]]"
gb_lr0.03_d3,sweep,0.9272383127306566,0.5419354838709678,0.5732009925558312,0.5380184331797235,"[[1080, 5], [855, 75]]"
gb_lr0.08_d3,sweep,0.9753133872653785,0.5362903225806451,0.5732009925558312,0.5380184331797235,"[[1080, 5], [855, 75]]"
ada100,sweep,0.5174311753497456,0.5338709677419354,0.5732009925558312,0.5380184331797235,"[[1080, 5], [855, 75]]"
gb_lr0.05_d2,sweep,0.9256106087327729,0.535483870967742,0.5732009925558312,0.5376344086021505,"[[1085, 0], [860, 70]]"
gb_lr0.08_d2,sweep,0.9485621949929058,0.5348387096774193,0.5732009925558312,0.5376344086021505,"[[1085, 0], [860, 70]]"
hgb_lr0.06_leaf31,sweep,0.0016765253090259532,0.5241935483870968,0.5722084367245658,0.6027649769585254,"[[223, 862], [0, 930]]"
hgb_lr0.08_leaf63,sweep,1.6279243858630095e-05,0.5340322580645162,0.5722084367245658,0.6027649769585254,"[[223, 862], [0, 930]]"
gb_lr0.05_d3,sweep,0.057113163561975405,0.5340322580645162,0.5722084367245658,0.6027649769585254,"[[223, 862], [0, 930]]"
ada100,sweep,0.48360879786635913,0.5340322580645162,0.5722084367245658,0.6027649769585254,"[[223, 862], [0, 930]]"
lda,sweep,0.9327363720417022,0.5470967741935484,0.5722084367245658,0.5377880184331797,"[[1069, 16], [846, 84]]"
qda001,sweep,0.9999999999911025,0.5419354838709678,0.5722084367245658,0.5377880184331797,"[[1069, 16], [846, 84]]"
hgb_lr0.02_leaf15,sweep,0.9334333043352144,0.5370967741935484,0.5722084367245658,0.5370199692780337,"[[1079, 6], [856, 74]]"
hgb_lr0.08_leaf31,sweep,0.9996387703161301,0.5382258064516129,0.5722084367245658,0.5370199692780337,"[[1079, 6], [856, 74]]"
hgb_lr0.08_leaf31,sweep,0.99964605190023,0.5379032258064517,0.5722084367245658,0.5370199692780337,"[[1079, 6], [856, 74]]"
"mlp(128,)",sweep,0.9997616099834442,0.5332258064516129,0.5722084367245658,0.5370199692780337,"[[1079, 6], [856, 74]]"
hgb_lr0.06_leaf31,sweep,0.9985748723694399,0.537258064516129,0.5722084367245658,0.5369431643625192,"[[1080, 5], [857, 73]]"
lda,sweep,0.9355986454248428,0.5464516129032259,0.571712158808933,0.5370199692780337,"[[1072, 13], [850, 80]]"
hgb_lr0.02_leaf15,sweep,0.9330840854968324,0.5370967741935484,0.571712158808933,0.5365591397849462,"[[1078, 7], [856, 74]]"
hgb_lr0.02_leaf63,sweep,0.9816557665587488,0.5329032258064517,0.5712158808933002,0.5360215053763441,"[[1078, 7], [857, 73]]"
hgb_lr0.06_leaf63,sweep,0.9998891479934284,0.5330645161290323,0.5712158808933002,0.5360215053763441,"[[1078, 7], [857, 73]]"
hgb_lr0.08_leaf63,sweep,0.9999921536655181,0.535,0.5712158808933002,0.5360215053763441,"[[1078, 7], [857, 73]]"
ada100,sweep,0.5177667265367486,0.5327419354838709,0.5712158808933002,0.5358678955453149,"[[1080, 5], [859, 71]]"
hgb_lr0.02_leaf31,sweep,0.965627690349668,0.535,0.5712158808933002,0.5356374807987712,"[[1083, 2], [862, 68]]"
gb_lr0.05_d2,sweep,0.08532825998419578,0.5330645161290323,0.5707196029776674,0.6013824884792627,"[[220, 865], [0, 930]]"
hgb_lr0.06_leaf63,sweep,0.9998910670005893,0.5327419354838709,0.5707196029776674,0.535483870967742,"[[1078, 7], [858, 72]]"
hgb_lr0.08_leaf15,sweep,0.9955944775611129,0.540483870967742,0.5707196029776674,0.5353302611367128,"[[1080, 5], [860, 70]]"
"mlp(64, 32)",sweep,1.0476024132731254e-05,0.5216129032258064,0.5702233250620348,0.6009216589861751,"[[219, 866], [0, 930]]"
hgb_lr0.06_leaf15,sweep,0.9892557155355779,0.537741935483871,0.5702233250620348,0.5350230414746544,"[[1077, 8], [858, 72]]"
hgb_lr0.04_leaf31,sweep,0.9929857625023195,0.5401612903225806,0.5702233250620348,0.5346390168970814,"[[1082, 3], [863, 67]]"
hgb_lr0.02_leaf15,sweep,0.05505659227224201,0.530483870967742,0.569727047146402,0.6004608294930875,"[[218, 867], [0, 930]]"
hgb_lr0.02_leaf31,sweep,0.025319854913977428,0.5301612903225806,0.569727047146402,0.6004608294930875,"[[218, 867], [0, 930]]"
hgb_lr0.02_leaf63,sweep,0.011040427737473857,0.5301612903225806,0.569727047146402,0.6004608294930875,"[[218, 867], [0, 930]]"
hgb_lr0.04_leaf15,sweep,0.024902091418189463,0.5312903225806451,0.569727047146402,0.6004608294930875,"[[218, 867], [0, 930]]"
hgb_lr0.04_leaf31,sweep,0.007418298108613553,0.5285483870967742,0.569727047146402,0.6004608294930875,"[[218, 867], [0, 930]]"
hgb_lr0.04_leaf63,sweep,0.0009724825033684234,0.5312903225806451,0.569727047146402,0.6004608294930875,"[[218, 867], [0, 930]]"
hgb_lr0.06_leaf15,sweep,0.012716017022463253,0.530483870967742,0.569727047146402,0.6004608294930875,"[[218, 867], [0, 930]]"
hgb_lr0.06_leaf31,sweep,0.00157592011379884,0.5232258064516129,0.569727047146402,0.6004608294930875,"[[218, 867], [0, 930]]"
hgb_lr0.06_leaf63,sweep,9.64969933771364e-05,0.5301612903225806,0.569727047146402,0.6004608294930875,"[[218, 867], [0, 930]]"
hgb_lr0.08_leaf15,sweep,0.008635734776119895,0.5311290322580645,0.569727047146402,0.6004608294930875,"[[218, 867], [0, 930]]"
hgb_lr0.08_leaf31,sweep,0.0005653978098627321,0.525,0.569727047146402,0.6004608294930875,"[[218, 867], [0, 930]]"
hgb_lr0.08_leaf63,sweep,1.298893415226794e-05,0.5311290322580645,0.569727047146402,0.6004608294930875,"[[218, 867], [0, 930]]"
gb_lr0.03_d2,sweep,0.1199566870767283,0.5391935483870968,0.569727047146402,0.6004608294930875,"[[218, 867], [0, 930]]"
gb_lr0.03_d3,sweep,0.07962143900177777,0.5340322580645162,0.569727047146402,0.6004608294930875,"[[218, 867], [0, 930]]"
gb_lr0.03_d3,sweep,0.07968585280509559,0.5340322580645162,0.569727047146402,0.6004608294930875,"[[218, 867], [0, 930]]"
gb_lr0.05_d1,sweep,0.15972339074847633,0.5395161290322581,0.569727047146402,0.6004608294930875,"[[218, 867], [0, 930]]"
gb_lr0.05_d2,sweep,0.08449466956093937,0.5329032258064517,0.569727047146402,0.6004608294930875,"[[218, 867], [0, 930]]"
gb_lr0.05_d3,sweep,0.05614477918924616,0.5325806451612903,0.569727047146402,0.6004608294930875,"[[218, 867], [0, 930]]"
gb_lr0.08_d3,sweep,0.03332646595587383,0.5283870967741936,0.569727047146402,0.6004608294930875,"[[218, 867], [0, 930]]"
ada100,sweep,0.4829882907149098,0.5327419354838709,0.569727047146402,0.6004608294930875,"[[218, 867], [0, 930]]"
ada300,sweep,0.49241177372439304,0.5303225806451612,0.569727047146402,0.6004608294930875,"[[218, 867], [0, 930]]"
ada600,sweep,0.49489815638829504,0.53,0.569727047146402,0.6004608294930875,"[[218, 867], [0, 930]]"
"mlp(64,)",sweep,0.001874164953827858,0.521774193548387,0.569727047146402,0.6004608294930875,"[[218, 867], [0, 930]]"
"mlp(128,)",sweep,0.0010536147840321064,0.5140322580645161,0.569727047146402,0.6004608294930875,"[[218, 867], [0, 930]]"
"mlp(64, 32)",sweep,1.0335256883990952e-05,0.5214516129032258,0.569727047146402,0.6004608294930875,"[[218, 867], [0, 930]]"
lda,sweep,0.07745509093999862,0.5151612903225806,0.569727047146402,0.6004608294930875,"[[218, 867], [0, 930]]"
gnb,sweep,5.938937391403477e-71,0.5458064516129032,0.569727047146402,0.6004608294930875,"[[218, 867], [0, 930]]"
nusvc03,sweep,2.822204506554308e-06,0.5279032258064517,0.569727047146402,0.6004608294930875,"[[218, 867], [0, 930]]"
gb_lr0.03_d3,sweep,0.9297161870129809,0.5417741935483871,0.569727047146402,0.5341781874039939,"[[1081, 4], [863, 67]]"
gb_lr0.03_d1,sweep,0.1731070121395482,0.5385483870967742,0.5692307692307692,0.6,"[[217, 868], [0, 930]]"
gb_lr0.08_d1,sweep,0.1395574754788565,0.5383870967741935,0.5692307692307692,0.6,"[[217, 868], [0, 930]]"
lda,sweep,0.9402628750085831,0.5451612903225806,0.5692307692307692,0.5340245775729646,"[[1076, 9], [859, 71]]"
hgb_lr0.06_leaf15,sweep,0.9893271739486513,0.5375806451612903,0.5692307692307692,0.5339477726574501,"[[1077, 8], [860, 70]]"
gb_lr0.08_d2,sweep,0.06347385754042016,0.5277419354838709,0.5687344913151364,0.5994623655913979,"[[217, 868], [1, 929]]"
ada600,sweep,0.5073366822563066,0.5433870967741935,0.5687344913151364,0.5334869431643625,"[[1076, 9], [860, 70]]"
gb_lr0.05_d3,sweep,0.961099371767655,0.5408064516129032,0.5687344913151364,0.5327956989247312,"[[1085, 0], [869, 61]]"
ada600,sweep,0.5072014195961947,0.5433870967741935,0.5682382133995038,0.533026113671275,"[[1075, 10], [860, 70]]"
qda001,sweep,0.9999999999965523,0.5395161290322581,0.5682382133995038,0.533026113671275,"[[1075, 10], [860, 70]]"
qda001,sweep,0.9999999999971818,0.5398387096774193,0.5682382133995038,0.5328725038402458,"[[1077, 8], [862, 68]]"
hgb_lr0.02_leaf31,sweep,0.96649292751757,0.5337096774193548,0.5682382133995038,0.532258064516129,"[[1085, 0], [870, 60]]"
gb_lr0.03_d1,sweep,0.8280200696617837,0.5340322580645162,0.5682382133995038,0.532258064516129,"[[1085, 0], [870, 60]]"
gb_lr0.03_d2,sweep,0.8960544737830705,0.5380645161290323,0.5682382133995038,0.532258064516129,"[[1085, 0], [870, 60]]"
gb_lr0.05_d1,sweep,0.864530270103194,0.5364516129032258,0.5682382133995038,0.532258064516129,"[[1085, 0], [870, 60]]"
gb_lr0.05_d2,sweep,0.9306664460817463,0.5345161290322581,0.5682382133995038,0.532258064516129,"[[1085, 0], [870, 60]]"
gb_lr0.05_d3,sweep,0.9612002630846799,0.5406451612903226,0.5682382133995038,0.532258064516129,"[[1085, 0], [870, 60]]"
gb_lr0.08_d1,sweep,0.8872008523687172,0.5359677419354839,0.5682382133995038,0.532258064516129,"[[1085, 0], [870, 60]]"
gb_lr0.08_d2,sweep,0.9504624764310202,0.5353225806451613,0.5682382133995038,0.532258064516129,"[[1085, 0], [870, 60]]"
hgb_lr0.08_leaf31,sweep,0.0005138797349867304,0.5241935483870968,0.5672456575682382,0.5981566820276498,"[[213, 872], [0, 930]]"
gb_lr0.03_d1,sweep,0.8291276871772821,0.5345161290322581,0.5672456575682382,0.5311827956989247,"[[1085, 0], [872, 58]]"
"mlp(64,)",sweep,0.0018109619580674915,0.5206451612903226,0.5667493796526054,0.5976958525345623,"[[212, 873], [0, 930]]"
lda,sweep,0.07670131724178791,0.5141935483870967,0.5667493796526054,0.5976958525345623,"[[212, 873], [0, 930]]"
gb_lr0.03_d2,sweep,0.896617531197554,0.5382258064516129,0.5667493796526054,0.5306451612903226,"[[1085, 0], [873, 57]]"
gb_lr0.08_d1,sweep,0.8893746103109539,0.535483870967742,0.5667493796526054,0.5306451612903226,"[[1085, 0], [873, 57]]"
hgb_lr0.02_leaf63,sweep,0.9827040415492632,0.5327419354838709,0.5662531017369727,0.5306451612903226,"[[1078, 7], [867, 63]]"
hgb_lr0.02_leaf15,sweep,0.9374875033977574,0.5362903225806451,0.5662531017369727,0.5304147465437788,"[[1081, 4], [870, 60]]"
hgb_lr0.04_leaf63,sweep,0.9990557630744875,0.53,0.5662531017369727,0.5303379416282642,"[[1082, 3], [871, 59]]"
hgb_lr0.04_leaf31,sweep,0.9940133123340344,0.5375806451612903,0.5662531017369727,0.5302611367127495,"[[1083, 2], [872, 58]]"
hgb_lr0.04_leaf63,sweep,0.9990723226130963,0.53,0.5662531017369727,0.5302611367127495,"[[1083, 2], [872, 58]]"
hgb_lr0.08_leaf31,sweep,0.9997433315738575,0.5343548387096774,0.5662531017369727,0.5302611367127495,"[[1083, 2], [872, 58]]"
ada300,sweep,0.5084804356599799,0.5340322580645162,0.5662531017369727,0.5302611367127495,"[[1083, 2], [872, 58]]"
"mlp(64,)",sweep,0.9999163524627686,0.5256451612903226,0.5662531017369727,0.5302611367127495,"[[1083, 2], [872, 58]]"
qda001,sweep,6.88988638268503e-06,0.5559677419354838,0.56575682382134,0.5964669738863287,"[[214, 871], [4, 926]]"
gb_lr0.05_d1,sweep,0.8657673762136623,0.5367741935483871,0.56575682382134,0.5295698924731183,"[[1085, 0], [875, 55]]"
"mlp(64, 32)",sweep,1.0,0.5301612903225806,0.5652605459057072,0.5294162826420891,"[[1080, 5], [871, 59]]"
hgb_lr0.04_leaf15,sweep,0.9795479228017828,0.5341935483870968,0.5652605459057072,0.5292626728110599,"[[1082, 3], [873, 57]]"
gb_lr0.03_d3,sweep,0.9328279854168763,0.5401612903225806,0.5652605459057072,0.5292626728110599,"[[1082, 3], [873, 57]]"
gb_lr0.08_d3,sweep,0.9776988413634248,0.5362903225806451,0.5652605459057072,0.5292626728110599,"[[1082, 3], [873, 57]]"
hgb_lr0.08_leaf31,sweep,0.9997553643834477,0.5345161290322581,0.5652605459057072,0.5291858678955453,"[[1083, 2], [874, 56]]"
gb_lr0.08_d1,sweep,0.13476754273170044,0.5338709677419354,0.5647642679900744,0.595852534562212,"[[208, 877], [0, 930]]"
gb_lr0.08_d3,sweep,0.9780709556850192,0.5353225806451613,0.5647642679900744,0.5287250384024578,"[[1082, 3], [874, 56]]"
hgb_lr0.04_leaf31,sweep,0.006286137136968234,0.5241935483870968,0.5642679900744417,0.5953917050691244,"[[207, 878], [0, 930]]"
"mlp(128,)",sweep,0.9998273602962494,0.5314516129032258,0.5642679900744417,0.5283410138248849,"[[1080, 5], [873, 57]]"
hgb_lr0.02_leaf15,sweep,0.9381994332321036,0.5359677419354839,0.5642679900744417,0.5282642089093702,"[[1081, 4], [874, 56]]"
hgb_lr0.06_leaf31,sweep,0.998792495736963,0.535,0.5642679900744417,0.5282642089093702,"[[1081, 4], [874, 56]]"
hgb_lr0.08_leaf15,sweep,0.9962492244716044,0.5388709677419354,0.5642679900744417,0.5282642089093702,"[[1081, 4], [874, 56]]"
hgb_lr0.08_leaf63,sweep,0.9999944390928192,0.5330645161290323,0.5642679900744417,0.5282642089093702,"[[1081, 4], [874, 56]]"
ada100,sweep,0.5186182761807316,0.5312903225806451,0.5642679900744417,0.5282642089093702,"[[1081, 4], [874, 56]]"
qda001,sweep,0.9999999999991017,0.5395161290322581,0.5642679900744417,0.5282642089093702,"[[1081, 4], [874, 56]]"
"mlp(128,)",sweep,0.0009234394090482965,0.5125806451612903,0.563771712158809,0.5949308755760369,"[[206, 879], [0, 930]]"
hgb_lr0.08_leaf63,sweep,0.9999945330972692,0.5329032258064517,0.563771712158809,0.5276497695852534,"[[1082, 3], [876, 54]]"
hgb_lr0.04_leaf15,sweep,0.9802301931411522,0.5335483870967742,0.563771712158809,0.5275729646697388,"[[1083, 2], [877, 53]]"
hgb_lr0.04_leaf31,sweep,0.9944067207587649,0.535483870967742,0.563771712158809,0.5275729646697388,"[[1083, 2], [877, 53]]"
ada300,sweep,0.5086069380910565,0.5346774193548387,0.563771712158809,0.5274961597542243,"[[1084, 1], [878, 52]]"
gb_lr0.05_d1,sweep,0.1504622487558567,0.5338709677419354,0.5632754342431762,0.5944700460829493,"[[205, 880], [0, 930]]"
gb_lr0.08_d2,sweep,0.060816691124581684,0.5240322580645161,0.5632754342431762,0.5943932411674347,"[[206, 879], [1, 929]]"
hgb_lr0.02_leaf63,sweep,0.9836115450007467,0.5327419354838709,0.5632754342431762,0.5272657450076805,"[[1080, 5], [875, 55]]"
hgb_lr0.06_leaf15,sweep,0.9911776663777767,0.5358064516129032,0.5632754342431762,0.5272657450076805,"[[1080, 5], [875, 55]]"
hgb_lr0.06_leaf63,sweep,0.9999222723877932,0.5303225806451612,0.5632754342431762,0.5272657450076805,"[[1080, 5], [875, 55]]"
"mlp(128,)",sweep,0.9998376142501831,0.5306451612903226,0.5632754342431762,0.5272657450076805,"[[1080, 5], [875, 55]]"
hgb_lr0.06_leaf63,sweep,0.9999237141043329,0.5303225806451612,0.5632754342431762,0.5271889400921659,"[[1081, 4], [876, 54]]"
gb_lr0.05_d2,sweep,0.93342086525026,0.5343548387096774,0.5632754342431762,0.5268817204301075,"[[1085, 0], [880, 50]]"
gb_lr0.08_d2,sweep,0.9538184371400898,0.5340322580645162,0.5632754342431762,0.5268817204301075,"[[1085, 0], [880, 50]]"
lda,sweep,0.9449949710488319,0.5425806451612903,0.5627791563275434,0.5268817204301075,"[[1078, 7], [874, 56]]"
hgb_lr0.02_leaf31,sweep,0.9686460943531489,0.5332258064516129,0.5627791563275434,0.5263440860215054,"[[1085, 0], [881, 49]]"
hgb_lr0.08_leaf15,sweep,0.9967623354987578,0.5351612903225806,0.5622828784119107,0.526036866359447,"[[1082, 3], [879, 51]]"
ada600,sweep,0.5165511893913948,0.5364516129032258,0.5612903225806452,0.5252688172043011,"[[1078, 7], [877, 53]]"
lda,sweep,0.9477096219062805,0.5401612903225806,0.5612903225806452,0.5252688172043011,"[[1078, 7], [877, 53]]"
gb_lr0.05_d3,sweep,0.05134649912673671,0.5241935483870968,0.5607940446650124,0.5921658986175116,"[[200, 885], [0, 930]]"
ada100,sweep,0.5191483992857641,0.5303225806451612,0.5607940446650124,0.5244239631336405,"[[1082, 3], [882, 48]]"
"mlp(64,)",sweep,0.9999255561351776,0.5258064516129032,0.5607940446650124,0.5242703533026114,"[[1084, 1], [884, 46]]"
hgb_lr0.06_leaf15,sweep,0.01064020382205475,0.5241935483870968,0.5602977667493797,0.591705069124424,"[[199, 886], [0, 930]]"
hgb_lr0.08_leaf15,sweep,0.006313667823605751,0.5241935483870968,0.5602977667493797,0.591705069124424,"[[199, 886], [0, 930]]"
gb_lr0.03_d1,sweep,0.16316592564015264,0.5338709677419354,0.5602977667493797,0.591705069124424,"[[199, 886], [0, 930]]"
gnb,sweep,1.287784566324196e-72,0.5438709677419354,0.5602977667493797,0.591705069124424,"[[199, 886], [0, 930]]"
hgb_lr0.02_leaf15,sweep,0.049669748781122874,0.5258064516129032,0.5598014888337469,0.5912442396313364,"[[198, 887], [0, 930]]"
hgb_lr0.02_leaf31,sweep,0.021172104687712485,0.5243548387096775,0.5598014888337469,0.5912442396313364,"[[198, 887], [0, 930]]"
hgb_lr0.02_leaf63,sweep,0.008918115954000634,0.5245161290322581,0.5598014888337469,0.5912442396313364,"[[198, 887], [0, 930]]"
hgb_lr0.04_leaf15,sweep,0.022031281879191844,0.5288709677419355,0.5598014888337469,0.5912442396313364,"[[198, 887], [0, 930]]"
hgb_lr0.04_leaf31,sweep,0.0055275351562600475,0.5227419354838709,0.5598014888337469,0.5912442396313364,"[[198, 887], [0, 930]]"
hgb_lr0.04_leaf63,sweep,0.0006939941677988909,0.5259677419354839,0.5598014888337469,0.5912442396313364,"[[198, 887], [0, 930]]"
hgb_lr0.06_leaf15,sweep,0.010599570427527452,0.5237096774193548,0.5598014888337469,0.5912442396313364,"[[198, 887], [0, 930]]"
hgb_lr0.06_leaf31,sweep,0.0010426758145300006,0.5179032258064517,0.5598014888337469,0.5912442396313364,"[[198, 887], [0, 930]]"
hgb_lr0.06_leaf63,sweep,5.49373579348748e-05,0.5248387096774193,0.5598014888337469,0.5912442396313364,"[[198, 887], [0, 930]]"
hgb_lr0.08_leaf15,sweep,0.006252425705816897,0.5241935483870968,0.5598014888337469,0.5912442396313364,"[[198, 887], [0, 930]]"
hgb_lr0.08_leaf31,sweep,0.0003482040930989213,0.5201612903225806,0.5598014888337469,0.5912442396313364,"[[198, 887], [0, 930]]"
hgb_lr0.08_leaf63,sweep,7.352573710761835e-06,0.5258064516129032,0.5598014888337469,0.5912442396313364,"[[198, 887], [0, 930]]"
gb_lr0.03_d2,sweep,0.11166443896745755,0.5348387096774193,0.5598014888337469,0.5912442396313364,"[[198, 887], [0, 930]]"
gb_lr0.03_d3,sweep,0.07425197188521593,0.5253225806451612,0.5598014888337469,0.5912442396313364,"[[198, 887], [0, 930]]"
gb_lr0.05_d1,sweep,0.1474307678481916,0.5303225806451612,0.5598014888337469,0.5912442396313364,"[[198, 887], [0, 930]]"
gb_lr0.05_d2,sweep,0.08096355692540817,0.5291935483870968,0.5598014888337469,0.5912442396313364,"[[198, 887], [0, 930]]"
gb_lr0.05_d3,sweep,0.05121243930663668,0.5237096774193548,0.5598014888337469,0.5912442396313364,"[[198, 887], [0, 930]]"
gb_lr0.08_d1,sweep,0.12649114459885688,0.5306451612903226,0.5598014888337469,0.5912442396313364,"[[198, 887], [0, 930]]"
gb_lr0.08_d3,sweep,0.03142801995350481,0.5240322580645161,0.5598014888337469,0.5912442396313364,"[[198, 887], [0, 930]]"
ada100,sweep,0.4806728286676637,0.5301612903225806,0.5598014888337469,0.5912442396313364,"[[198, 887], [0, 930]]"
ada300,sweep,0.4915751016745895,0.5269354838709678,0.5598014888337469,0.5912442396313364,"[[198, 887], [0, 930]]"
ada600,sweep,0.4944826747432376,0.5270967741935484,0.5598014888337469,0.5912442396313364,"[[198, 887], [0, 930]]"
"mlp(64,)",sweep,0.0014894808498676865,0.516774193548387,0.5598014888337469,0.5912442396313364,"[[198, 887], [0, 930]]"
"mlp(128,)",sweep,0.0008822844930225983,0.5119354838709678,0.5598014888337469,0.5912442396313364,"[[198, 887], [0, 930]]"
"mlp(64, 32)",sweep,7.769565182752558e-06,0.5190322580645161,0.5598014888337469,0.5912442396313364,"[[198, 887], [0, 930]]"
lda,sweep,0.07309096490740775,0.5087096774193548,0.5598014888337469,0.5912442396313364,"[[198, 887], [0, 930]]"
gnb,sweep,1.1835486238973345e-72,0.5438709677419354,0.5598014888337469,0.5912442396313364,"[[198, 887], [0, 930]]"
nusvc03,sweep,1.3686803595577364e-06,0.5241935483870968,0.5598014888337469,0.5912442396313364,"[[198, 887], [0, 930]]"
nusvc03,sweep,1.4469499717871576e-06,0.5245161290322581,0.5598014888337469,0.5912442396313364,"[[198, 887], [0, 930]]"
hgb_lr0.06_leaf15,sweep,0.9920680470439549,0.5348387096774193,0.5598014888337469,0.5234254992319509,"[[1081, 4], [883, 47]]"
qda001,sweep,0.999999999999779,0.5370967741935484,0.5598014888337469,0.5232718894009216,"[[1083, 2], [885, 45]]"
hgb_lr0.02_leaf31,sweep,0.0209691597323975,0.5241935483870968,0.5593052109181141,0.5907834101382489,"[[197, 888], [0, 930]]"
gb_lr0.03_d1,sweep,0.161562576867281,0.5329032258064517,0.5593052109181141,0.5907834101382489,"[[197, 888], [0, 930]]"
gb_lr0.08_d2,sweep,0.9594895937739443,0.5332258064516129,0.5593052109181141,0.5225806451612903,"[[1085, 0], [888, 42]]"
hgb_lr0.02_leaf63,sweep,0.008830193178223995,0.5241935483870968,0.5588089330024814,0.5903225806451613,"[[196, 889], [0, 930]]"
hgb_lr0.06_leaf63,sweep,5.191046608400902e-05,0.5241935483870968,0.5588089330024814,0.5903225806451613,"[[196, 889], [0, 930]]"
gb_lr0.08_d3,sweep,0.03132440809006383,0.5238709677419355,0.5588089330024814,0.5903225806451613,"[[196, 889], [0, 930]]"
ada600,sweep,0.5167351073145044,0.535483870967742,0.5588089330024814,0.5225806451612903,"[[1078, 7], [882, 48]]"
gb_lr0.03_d1,sweep,0.8396071392787725,0.5309677419354839,0.5588089330024814,0.5220430107526882,"[[1085, 0], [889, 41]]"
hgb_lr0.02_leaf15,sweep,0.04823325240481397,0.5241935483870968,0.5583126550868487,0.5898617511520737,"[[195, 890], [0, 930]]"
gb_lr0.03_d2,sweep,0.11061451963279642,0.5340322580645162,0.5583126550868487,0.5898617511520737,"[[195, 890], [0, 930]]"
gb_lr0.08_d2,sweep,0.059537780239582345,0.5235483870967742,0.5583126550868487,0.5897849462365591,"[[196, 889], [1, 929]]"
hgb_lr0.02_leaf31,sweep,0.9697188745458403,0.5327419354838709,0.5583126550868487,0.521505376344086,"[[1085, 0], [890, 40]]"
hgb_lr0.08_leaf15,sweep,0.997463201648054,0.5320967741935484,0.5583126550868487,0.521505376344086,"[[1085, 0], [890, 40]]"
gb_lr0.03_d2,sweep,0.9046707186385544,0.5362903225806451,0.5583126550868487,0.521505376344086,"[[1085, 0], [890, 40]]"
gb_lr0.05_d1,sweep,0.8726928427888833,0.5346774193548387,0.5583126550868487,0.521505376344086,"[[1085, 0], [890, 40]]"
gb_lr0.05_d2,sweep,0.936279787052213,0.5340322580645162,0.5583126550868487,0.521505376344086,"[[1085, 0], [890, 40]]"
gb_lr0.05_d3,sweep,0.9658121009404871,0.537258064516129,0.5583126550868487,0.521505376344086,"[[1085, 0], [890, 40]]"
gb_lr0.05_d3,sweep,0.9659156691542368,0.5370967741935484,0.5583126550868487,0.521505376344086,"[[1085, 0], [890, 40]]"
gb_lr0.08_d1,sweep,0.8949318276074743,0.5327419354838709,0.5583126550868487,0.521505376344086,"[[1085, 0], [890, 40]]"
gb_lr0.08_d2,sweep,0.960527085988165,0.5329032258064517,0.5583126550868487,0.521505376344086,"[[1085, 0], [890, 40]]"
ada300,sweep,0.5091772860790179,0.5343548387096774,0.5583126550868487,0.521505376344086,"[[1085, 0], [890, 40]]"
lda,sweep,0.9533627232551575,0.5382258064516129,0.5578163771712159,0.5213517665130568,"[[1080, 5], [886, 44]]"
hgb_lr0.02_leaf63,sweep,0.9855348359574178,0.5296774193548387,0.5578163771712159,0.5211981566820276,"[[1082, 3], [888, 42]]"
hgb_lr0.06_leaf31,sweep,0.9989339389008556,0.5329032258064517,0.5578163771712159,0.5211981566820276,"[[1082, 3], [888, 42]]"
gb_lr0.03_d3,sweep,0.07305730721798787,0.5241935483870968,0.5573200992555831,0.5889400921658986,"[[193, 892], [0, 930]]"
hgb_lr0.02_leaf15,sweep,0.9439529988434023,0.5332258064516129,0.5573200992555831,0.5205069124423963,"[[1084, 1], [891, 39]]"
hgb_lr0.02_leaf15,sweep,0.9444145243625564,0.5329032258064517,0.5573200992555831,0.5205069124423963,"[[1084, 1], [891, 39]]"
hgb_lr0.04_leaf31,sweep,0.9953855442506998,0.532258064516129,0.5573200992555831,0.5205069124423963,"[[1084, 1], [891, 39]]"
hgb_lr0.04_leaf63,sweep,0.9992278457741114,0.5290322580645161,0.5573200992555831,0.5205069124423963,"[[1084, 1], [891, 39]]"
hgb_lr0.08_leaf31,sweep,0.9998371294108299,0.5317741935483871,0.5573200992555831,0.5205069124423963,"[[1084, 1], [891, 39]]"
gb_lr0.03_d3,sweep,0.9368386708360278,0.537741935483871,0.5573200992555831,0.5205069124423963,"[[1084, 1], [891, 39]]"
"mlp(64,)",sweep,0.999944622039795,0.5253225806451612,0.5573200992555831,0.5205069124423963,"[[1084, 1], [891, 39]]"
hgb_lr0.04_leaf63,sweep,0.0006171672348833983,0.5240322580645161,0.5568238213399503,0.588479262672811,"[[192, 893], [0, 930]]"
hgb_lr0.08_leaf63,sweep,5.435954041615693e-06,0.5241935483870968,0.5568238213399503,0.588479262672811,"[[192, 893], [0, 930]]"
gb_lr0.08_d3,sweep,0.9818598663095695,0.5329032258064517,0.5568238213399503,0.5201228878648233,"[[1082, 3], [890, 40]]"
hgb_lr0.04_leaf15,sweep,0.9823539181661805,0.5329032258064517,0.5563275434243177,0.5195084485407065,"[[1083, 2], [892, 38]]"
hgb_lr0.06_leaf31,sweep,0.9989897847876213,0.532258064516129,0.5563275434243177,0.5195084485407065,"[[1083, 2], [892, 38]]"
hgb_lr0.08_leaf63,sweep,0.9999965311637358,0.53,0.5563275434243177,0.5195084485407065,"[[1083, 2], [892, 38]]"
ada100,sweep,0.5199229062712624,0.5298387096774193,0.5563275434243177,0.5195084485407065,"[[1083, 2], [892, 38]]"
ada600,sweep,0.5178728198153155,0.5329032258064517,0.5563275434243177,0.5195084485407065,"[[1083, 2], [892, 38]]"
qda001,sweep,0.9999999999999166,0.5348387096774193,0.5563275434243177,0.5195084485407065,"[[1083, 2], [892, 38]]"
ada300,sweep,0.5093828480611526,0.5345161290322581,0.5563275434243177,0.5193548387096775,"[[1085, 0], [894, 36]]"
qda001,sweep,4.550849032520321e-06,0.5529032258064516,0.5558312655086849,0.5872503840245776,"[[194, 891], [4, 926]]"
gb_lr0.03_d3,sweep,0.9376896335189752,0.5374193548387097,0.5558312655086849,0.5188940092165899,"[[1084, 1], [894, 36]]"
gb_lr0.03_d2,sweep,0.9064949829948807,0.535483870967742,0.5558312655086849,0.5188172043010753,"[[1085, 0], [895, 35]]"
hgb_lr0.02_leaf63,sweep,0.9862243841089682,0.5290322580645161,0.5553349875930521,0.5185099846390169,"[[1082, 3], [893, 37]]"
hgb_lr0.06_leaf15,sweep,0.9932170726010427,0.5332258064516129,0.5553349875930521,0.5185099846390169,"[[1082, 3], [893, 37]]"
hgb_lr0.06_leaf63,sweep,0.9999502209213004,0.5282258064516129,0.5553349875930521,0.5185099846390169,"[[1082, 3], [893, 37]]"
gb_lr0.08_d3,sweep,0.9826402555702619,0.5324193548387097,0.5553349875930521,0.5185099846390169,"[[1082, 3], [893, 37]]"
lda,sweep,0.9565105939149856,0.537258064516129,0.5553349875930521,0.5185099846390169,"[[1082, 3], [893, 37]]"
"mlp(64,)",sweep,0.001252917666360735,0.5125806451612903,0.5548387096774193,0.5866359447004609,"[[188, 897], [0, 930]]"
qda001,sweep,4.2447406349530484e-06,0.5525806451612904,0.5548387096774193,0.5863287250384025,"[[192, 893], [4, 926]]"
"mlp(128,)",sweep,0.9999015518188477,0.53,0.5548387096774193,0.518125960061444,"[[1080, 5], [892, 38]]"
gb_lr0.03_d1,sweep,0.8425520733479859,0.5309677419354839,0.5543424317617865,0.5172043010752688,"[[1085, 0], [898, 32]]"
"mlp(128,)",sweep,0.9999047580242157,0.5298387096774193,0.5533498759305211,0.5165130568356375,"[[1080, 5], [895, 35]]"
gb_lr0.05_d1,sweep,0.8791480137840751,0.5320967741935484,0.5533498759305211,0.5161290322580645,"[[1085, 0], [900, 30]]"
ada100,sweep,0.5208287717160449,0.5291935483870968,0.5528535980148883,0.5155913978494624,"[[1085, 0], [901, 29]]"
lda,sweep,0.07045459792017936,0.5054838709677419,0.5523573200992555,0.584331797235023,"[[183, 902], [0, 930]]"
gb_lr0.05_d2,sweep,0.9415897020783608,0.5341935483870968,0.5523573200992555,0.5150537634408602,"[[1085, 0], [902, 28]]"
gb_lr0.08_d1,sweep,0.9048704669812163,0.5327419354838709,0.5523573200992555,0.5150537634408602,"[[1085, 0], [902, 28]]"
hgb_lr0.04_leaf63,sweep,0.9993639183971017,0.5279032258064517,0.5518610421836229,0.5145929339477726,"[[1084, 1], [902, 28]]"
hgb_lr0.04_leaf15,sweep,0.018880214009687576,0.5241935483870968,0.5513647642679901,0.5834101382488479,"[[181, 904], [0, 930]]"
gb_lr0.05_d2,sweep,0.07485705231037411,0.5241935483870968,0.5513647642679901,0.5834101382488479,"[[181, 904], [0, 930]]"
hgb_lr0.04_leaf31,sweep,0.004045810493055785,0.5145161290322581,0.5508684863523573,0.5829493087557603,"[[180, 905], [0, 930]]"
hgb_lr0.08_leaf15,sweep,0.9980974860910048,0.5295161290322581,0.5508684863523573,0.5134408602150538,"[[1085, 0], [905, 25]]"
hgb_lr0.02_leaf15,sweep,0.043371374228885096,0.5182258064516129,0.5503722084367245,0.5824884792626728,"[[179, 906], [0, 930]]"
hgb_lr0.02_leaf31,sweep,0.018335570634049867,0.5190322580645161,0.5503722084367245,0.5824884792626728,"[[179, 906], [0, 930]]"
hgb_lr0.02_leaf63,sweep,0.007853114073092683,0.5216129032258064,0.5503722084367245,0.5824884792626728,"[[179, 906], [0, 930]]"
hgb_lr0.04_leaf15,sweep,0.018695397127855982,0.5240322580645161,0.5503722084367245,0.5824884792626728,"[[179, 906], [0, 930]]"
hgb_lr0.04_leaf31,sweep,0.004027847484551848,0.5143548387096775,0.5503722084367245,0.5824884792626728,"[[179, 906], [0, 930]]"
hgb_lr0.04_leaf63,sweep,0.0004505582447059681,0.52,0.5503722084367245,0.5824884792626728,"[[179, 906], [0, 930]]"
hgb_lr0.06_leaf15,sweep,0.00848646631597042,0.5179032258064517,0.5503722084367245,0.5824884792626728,"[[179, 906], [0, 930]]"
hgb_lr0.06_leaf31,sweep,0.0008599861665389165,0.5148387096774194,0.5503722084367245,0.5824884792626728,"[[179, 906], [0, 930]]"
hgb_lr0.06_leaf63,sweep,3.595514344954503e-05,0.5188709677419355,0.5503722084367245,0.5824884792626728,"[[179, 906], [0, 930]]"
hgb_lr0.08_leaf15,sweep,0.004793251533199073,0.5183870967741936,0.5503722084367245,0.5824884792626728,"[[179, 906], [0, 930]]"
hgb_lr0.08_leaf31,sweep,0.00025129500128654727,0.5159677419354839,0.5503722084367245,0.5824884792626728,"[[179, 906], [0, 930]]"
hgb_lr0.08_leaf63,sweep,3.2316653270434854e-06,0.5175806451612903,0.5503722084367245,0.5824884792626728,"[[179, 906], [0, 930]]"
gb_lr0.03_d2,sweep,0.10404077497673085,0.5274193548387097,0.5503722084367245,0.5824884792626728,"[[179, 906], [0, 930]]"
gb_lr0.03_d3,sweep,0.07085183488061757,0.5214516129032258,0.5503722084367245,0.5824884792626728,"[[179, 906], [0, 930]]"
gb_lr0.05_d1,sweep,0.13708692689722016,0.5258064516129032,0.5503722084367245,0.5824884792626728,"[[179, 906], [0, 930]]"
gb_lr0.05_d2,sweep,0.07419237990266725,0.5238709677419355,0.5503722084367245,0.5824884792626728,"[[179, 906], [0, 930]]"
gb_lr0.08_d1,sweep,0.11502292718742152,0.5251612903225806,0.5503722084367245,0.5824884792626728,"[[179, 906], [0, 930]]"
gb_lr0.08_d3,sweep,0.029227457452684045,0.5206451612903226,0.5503722084367245,0.5824884792626728,"[[179, 906], [0, 930]]"
ada100,sweep,0.47833433142206644,0.5256451612903226,0.5503722084367245,0.5824884792626728,"[[179, 906], [0, 930]]"
ada300,sweep,0.4909926312848532,0.5248387096774193,0.5503722084367245,0.5824884792626728,"[[179, 906], [0, 930]]"
ada600,sweep,0.4942325331997675,0.5245161290322581,0.5503722084367245,0.5824884792626728,"[[179, 906], [0, 930]]"
"mlp(64,)",sweep,0.0011626499582082033,0.5095161290322581,0.5503722084367245,0.5824884792626728,"[[179, 906], [0, 930]]"
"mlp(128,)",sweep,0.0006540028369054198,0.5083870967741936,0.5503722084367245,0.5824884792626728,"[[179, 906], [0, 930]]"
"mlp(64, 32)",sweep,6.025146348110866e-06,0.5161290322580645,0.5503722084367245,0.5824884792626728,"[[179, 906], [0, 930]]"
lda,sweep,0.06917706573605538,0.5046774193548387,0.5503722084367245,0.5824884792626728,"[[179, 906], [0, 930]]"
gnb,sweep,1.0666598072214467e-73,0.5424193548387096,0.5503722084367245,0.5824884792626728,"[[179, 906], [0, 930]]"
nusvc03,sweep,5.701319666768796e-07,0.5193548387096775,0.5503722084367245,0.5824884792626728,"[[179, 906], [0, 930]]"
gb_lr0.03_d1,sweep,0.15325460687822362,0.5269354838709678,0.5498759305210918,0.5820276497695852,"[[178, 907], [0, 930]]"
gb_lr0.05_d3,sweep,0.04665349032113698,0.5156451612903226,0.5498759305210918,0.5820276497695852,"[[178, 907], [0, 930]]"
hgb_lr0.04_leaf15,sweep,0.9850689348609311,0.5311290322580645,0.5498759305210918,0.5124423963133641,"[[1084, 1], [906, 24]]"
hgb_lr0.08_leaf63,sweep,0.999997668331657,0.5291935483870968,0.5498759305210918,0.5124423963133641,"[[1084, 1], [906, 24]]"
gb_lr0.08_d2,sweep,0.9674270322910781,0.5298387096774193,0.5498759305210918,0.5123655913978494,"[[1085, 0], [907, 23]]"
ada600,sweep,0.5189140377040798,0.5314516129032258,0.5498759305210918,0.5123655913978494,"[[1085, 0], [907, 23]]"
gb_lr0.05_d3,sweep,0.04625374240841012,0.5143548387096775,0.5493796526054591,0.5815668202764976,"[[177, 908], [0, 930]]"
gb_lr0.08_d2,sweep,0.0549642850545183,0.5161290322580645,0.5493796526054591,0.5814900153609831,"[[178, 907], [1, 929]]"
lda,sweep,0.9631893143177032,0.5338709677419354,0.5493796526054591,0.5119047619047619,"[[1084, 1], [907, 23]]"
hgb_lr0.02_leaf15,sweep,0.9508040723984788,0.5295161290322581,0.5493796526054591,0.5118279569892473,"[[1085, 0], [908, 22]]"
hgb_lr0.02_leaf63,sweep,0.9883250483278903,0.527258064516129,0.5493796526054591,0.5118279569892473,"[[1085, 0], [908, 22]]"
gb_lr0.08_d1,sweep,0.11321671542049187,0.5240322580645161,0.5488833746898263,0.5811059907834102,"[[176, 909], [0, 930]]"
ada100,sweep,0.47783976187966026,0.5241935483870968,0.5488833746898263,0.5811059907834102,"[[176, 909], [0, 930]]"
hgb_lr0.02_leaf15,sweep,0.9516910355464637,0.5298387096774193,0.5488833746898263,0.5112903225806451,"[[1085, 0], [909, 21]]"
hgb_lr0.02_leaf31,sweep,0.9753473855372402,0.530483870967742,0.5488833746898263,0.5112903225806451,"[[1085, 0], [909, 21]]"
hgb_lr0.02_leaf63,sweep,0.9887326633397214,0.5270967741935484,0.5488833746898263,0.5112903225806451,"[[1085, 0], [909, 21]]"
hgb_lr0.04_leaf31,sweep,0.9960015154196444,0.5301612903225806,0.5488833746898263,0.5112903225806451,"[[1085, 0], [909, 21]]"
hgb_lr0.04_leaf31,sweep,0.996087574709075,0.5301612903225806,0.5488833746898263,0.5112903225806451,"[[1085, 0], [909, 21]]"
hgb_lr0.04_leaf63,sweep,0.9994909751057898,0.527258064516129,0.5488833746898263,0.5112903225806451,"[[1085, 0], [909, 21]]"
hgb_lr0.08_leaf15,sweep,0.9983330138329525,0.5295161290322581,0.5488833746898263,0.5112903225806451,"[[1085, 0], [909, 21]]"
hgb_lr0.08_leaf63,sweep,0.9999979020815982,0.5293548387096774,0.5488833746898263,0.5112903225806451,"[[1085, 0], [909, 21]]"
gb_lr0.03_d1,sweep,0.8500723218950571,0.53,0.5488833746898263,0.5112903225806451,"[[1085, 0], [909, 21]]"
gb_lr0.03_d2,sweep,0.9125358710668517,0.5333870967741936,0.5488833746898263,0.5112903225806451,"[[1085, 0], [909, 21]]"
gb_lr0.03_d3,sweep,0.9435692982673265,0.5346774193548387,0.5488833746898263,0.5112903225806451,"[[1085, 0], [909, 21]]"
gb_lr0.05_d1,sweep,0.8840739781153156,0.5311290322580645,0.5488833746898263,0.5112903225806451,"[[1085, 0], [909, 21]]"
gb_lr0.05_d2,sweep,0.9453312930795875,0.5325806451612903,0.5488833746898263,0.5112903225806451,"[[1085, 0], [909, 21]]"
gb_lr0.05_d3,sweep,0.9715082626984054,0.5309677419354839,0.5488833746898263,0.5112903225806451,"[[1085, 0], [909, 21]]"
gb_lr0.08_d1,sweep,0.9115115815457854,0.5301612903225806,0.5488833746898263,0.5112903225806451,"[[1085, 0], [909, 21]]"
gb_lr0.08_d2,sweep,0.9682984970526131,0.5293548387096774,0.5488833746898263,0.5112903225806451,"[[1085, 0], [909, 21]]"
gb_lr0.08_d3,sweep,0.9859960228888737,0.5290322580645161,0.5488833746898263,0.5112903225806451,"[[1085, 0], [909, 21]]"
ada100,sweep,0.5221445066301055,0.5287096774193548,0.5488833746898263,0.5112903225806451,"[[1085, 0], [909, 21]]"
ada300,sweep,0.5100378684959554,0.5333870967741936,0.5488833746898263,0.5112903225806451,"[[1085, 0], [909, 21]]"
ada600,sweep,0.519331497260088,0.5308064516129032,0.5488833746898263,0.5112903225806451,"[[1085, 0], [909, 21]]"
"mlp(64,)",sweep,0.9999669981002808,0.5270967741935484,0.5488833746898263,0.5112903225806451,"[[1085, 0], [909, 21]]"
hgb_lr0.06_leaf31,sweep,0.0008402217493760791,0.5145161290322581,0.5483870967741935,0.5806451612903226,"[[175, 910], [0, 930]]"
gb_lr0.05_d3,sweep,0.9718225590460999,0.530483870967742,0.5483870967741935,0.510752688172043,"[[1085, 0], [910, 20]]"
hgb_lr0.04_leaf15,sweep,0.9865190582519894,0.53,0.5478908188585608,0.5102918586789554,"[[1084, 1], [910, 20]]"
hgb_lr0.06_leaf15,sweep,0.9945930716643621,0.53,0.5478908188585608,0.5102918586789554,"[[1084, 1], [910, 20]]"
hgb_lr0.06_leaf31,sweep,0.9993476834522295,0.5293548387096774,0.5478908188585608,0.5102918586789554,"[[1084, 1], [910, 20]]"
hgb_lr0.08_leaf31,sweep,0.9998853687656732,0.5296774193548387,0.5478908188585608,0.5102918586789554,"[[1084, 1], [910, 20]]"
"mlp(128,)",sweep,0.9999523735046387,0.5270967741935484,0.5478908188585608,0.5102918586789554,"[[1084, 1], [910, 20]]"
lda,sweep,0.9637589383125305,0.5341935483870968,0.5478908188585608,0.5102918586789554,"[[1084, 1], [910, 20]]"
qda001,sweep,0.9999999999999848,0.5333870967741936,0.5478908188585608,0.5102918586789554,"[[1084, 1], [910, 20]]"
hgb_lr0.06_leaf15,sweep,0.9946891697578755,0.5298387096774193,0.5478908188585608,0.5102150537634409,"[[1085, 0], [911, 19]]"
"mlp(64,)",sweep,0.999967815876007,0.5274193548387097,0.5478908188585608,0.5102150537634409,"[[1085, 0], [911, 19]]"
ada300,sweep,0.49081044407042257,0.5240322580645161,0.547394540942928,0.5797235023041475,"[[173, 912], [0, 930]]"
ada600,sweep,0.49413507376145377,0.5238709677419355,0.547394540942928,0.5797235023041475,"[[173, 912], [0, 930]]"
qda001,sweep,2.8422164279658476e-06,0.5491935483870968,0.547394540942928,0.5794930875576038,"[[176, 909], [3, 927]]"
hgb_lr0.06_leaf63,sweep,0.9999653344705615,0.5275806451612903,0.547394540942928,0.5098310291858679,"[[1083, 2], [910, 20]]"
hgb_lr0.08_leaf31,sweep,0.9998923372989144,0.5295161290322581,0.547394540942928,0.5097542242703533,"[[1084, 1], [911, 19]]"
hgb_lr0.02_leaf31,sweep,0.9756642167635396,0.530483870967742,0.547394540942928,0.5096774193548387,"[[1085, 0], [912, 18]]"
hgb_lr0.06_leaf63,sweep,0.999970351506685,0.5274193548387097,0.5468982630272953,0.5092933947772658,"[[1083, 2], [911, 19]]"
gb_lr0.08_d3,sweep,0.9866509056757237,0.5275806451612903,0.5468982630272953,0.5091397849462366,"[[1085, 0], [913, 17]]"
ada300,sweep,0.5105578505110215,0.5320967741935484,0.5464019851116625,0.5086021505376344,"[[1085, 0], [914, 16]]"
hgb_lr0.08_leaf15,sweep,0.003868463945486464,0.5145161290322581,0.5459057071960298,0.5783410138248848,"[[170, 915], [0, 930]]"
gb_lr0.03_d2,sweep,0.1005638132784674,0.5241935483870968,0.5459057071960298,0.5783410138248848,"[[170, 915], [0, 930]]"
gb_lr0.05_d1,sweep,0.1350591302551626,0.5237096774193548,0.5459057071960298,0.5783410138248848,"[[170, 915], [0, 930]]"
"mlp(128,)",sweep,0.999963651895523,0.5274193548387097,0.5459057071960298,0.5081413210445468,"[[1084, 1], [914, 16]]"
gb_lr0.03_d3,sweep,0.9475788505320895,0.5317741935483871,0.5459057071960298,0.5080645161290323,"[[1085, 0], [915, 15]]"
gb_lr0.03_d1,sweep,0.1503266235849954,0.5230645161290323,0.545409429280397,0.5778801843317972,"[[169, 916], [0, 930]]"
hgb_lr0.06_leaf31,sweep,0.9993753629158781,0.5288709677419355,0.545409429280397,0.5076036866359447,"[[1084, 1], [915, 15]]"
gb_lr0.03_d2,sweep,0.9176790797341808,0.5314516129032258,0.5449131513647643,0.5069892473118279,"[[1085, 0], [917, 13]]"
gb_lr0.05_d2,sweep,0.9500576163246204,0.5308064516129032,0.5449131513647643,0.5069892473118279,"[[1085, 0], [917, 13]]"
hgb_lr0.08_leaf31,sweep,0.00021526166237706884,0.5145161290322581,0.5444168734491315,0.5769585253456221,"[[167, 918], [0, 930]]"
"mlp(64, 32)",sweep,4.327516215562355e-06,0.5129032258064516,0.5444168734491315,0.5769585253456221,"[[167, 918], [0, 930]]"
hgb_lr0.08_leaf63,sweep,2.166738359722419e-06,0.5145161290322581,0.5439205955334988,0.5764976958525345,"[[166, 919], [0, 930]]"
hgb_lr0.06_leaf15,sweep,0.007376009790986716,0.5145161290322581,0.543424317617866,0.5760368663594471,"[[165, 920], [0, 930]]"
qda001,sweep,0.9999999999999949,0.532258064516129,0.543424317617866,0.505453149001536,"[[1084, 1], [919, 11]]"
lda,sweep,0.9728706550598144,0.5317741935483871,0.543424317617866,0.5053763440860215,"[[1085, 0], [920, 10]]"
hgb_lr0.06_leaf63,sweep,2.6227441287563326e-05,0.5145161290322581,0.5419354838709678,0.5746543778801844,"[[162, 923], [0, 930]]"
qda001,sweep,2.038751637154197e-06,0.5469354838709677,0.5419354838709678,0.5744239631336405,"[[165, 920], [3, 927]]"
gb_lr0.08_d2,sweep,0.053410664378226655,0.5145161290322581,0.541439205955335,0.5741167434715821,"[[162, 923], [1, 929]]"
hgb_lr0.02_leaf15,sweep,0.040066320938326794,0.5161290322580645,0.5404466501240694,0.5732718894009217,"[[159, 926], [0, 930]]"
hgb_lr0.02_leaf31,sweep,0.016894343448483222,0.5156451612903226,0.5404466501240694,0.5732718894009217,"[[159, 926], [0, 930]]"
hgb_lr0.02_leaf63,sweep,0.007161854414759708,0.5195161290322581,0.5404466501240694,0.5732718894009217,"[[159, 926], [0, 930]]"
hgb_lr0.04_leaf15,sweep,0.016603841306612844,0.5183870967741936,0.5404466501240694,0.5732718894009217,"[[159, 926], [0, 930]]"
hgb_lr0.04_leaf31,sweep,0.003515489951400216,0.5120967741935484,0.5404466501240694,0.5732718894009217,"[[159, 926], [0, 930]]"
hgb_lr0.04_leaf63,sweep,0.0003506355757999462,0.5159677419354839,0.5404466501240694,0.5732718894009217,"[[159, 926], [0, 930]]"
hgb_lr0.06_leaf15,sweep,0.006683805000873696,0.5129032258064516,0.5404466501240694,0.5732718894009217,"[[159, 926], [0, 930]]"
hgb_lr0.06_leaf31,sweep,0.0006564145631244861,0.5109677419354839,0.5404466501240694,0.5732718894009217,"[[159, 926], [0, 930]]"
hgb_lr0.06_leaf63,sweep,2.5106209449597114e-05,0.5137096774193548,0.5404466501240694,0.5732718894009217,"[[159, 926], [0, 930]]"
hgb_lr0.08_leaf15,sweep,0.00331585751892728,0.5124193548387097,0.5404466501240694,0.5732718894009217,"[[159, 926], [0, 930]]"
hgb_lr0.08_leaf31,sweep,0.0001816746816891413,0.5130645161290323,0.5404466501240694,0.5732718894009217,"[[159, 926], [0, 930]]"
hgb_lr0.08_leaf63,sweep,1.639258248008052e-06,0.5124193548387097,0.5404466501240694,0.5732718894009217,"[[159, 926], [0, 930]]"
gb_lr0.03_d2,sweep,0.09824102636886048,0.5227419354838709,0.5404466501240694,0.5732718894009217,"[[159, 926], [0, 930]]"
gb_lr0.03_d3,sweep,0.06641145502076128,0.5146774193548387,0.5404466501240694,0.5732718894009217,"[[159, 926], [0, 930]]"
gb_lr0.05_d1,sweep,0.1297711515077729,0.5183870967741936,0.5404466501240694,0.5732718894009217,"[[159, 926], [0, 930]]"
gb_lr0.05_d2,sweep,0.07074416630856448,0.5177419354838709,0.5404466501240694,0.5732718894009217,"[[159, 926], [0, 930]]"
gb_lr0.05_d3,sweep,0.0435679980508875,0.5109677419354839,0.5404466501240694,0.5732718894009217,"[[159, 926], [0, 930]]"
gb_lr0.08_d1,sweep,0.10858106971369492,0.521774193548387,0.5404466501240694,0.5732718894009217,"[[159, 926], [0, 930]]"
gb_lr0.08_d3,sweep,0.027810113893419065,0.5195161290322581,0.5404466501240694,0.5732718894009217,"[[159, 926], [0, 930]]"
ada100,sweep,0.4771891437309234,0.5230645161290323,0.5404466501240694,0.5732718894009217,"[[159, 926], [0, 930]]"
ada300,sweep,0.4903503474654116,0.5209677419354839,0.5404466501240694,0.5732718894009217,"[[159, 926], [0, 930]]"
ada600,sweep,0.49382418223541635,0.5209677419354839,0.5404466501240694,0.5732718894009217,"[[159, 926], [0, 930]]"
"mlp(64,)",sweep,0.0009004463467281304,0.5053225806451613,0.5404466501240694,0.5732718894009217,"[[159, 926], [0, 930]]"
"mlp(128,)",sweep,0.0005164573067100715,0.5038709677419355,0.5404466501240694,0.5732718894009217,"[[159, 926], [0, 930]]"
"mlp(128,)",sweep,0.0005174896800424903,0.5040322580645161,0.5404466501240694,0.5732718894009217,"[[159, 926], [0, 930]]"
"mlp(64, 32)",sweep,3.855312520863661e-06,0.5108064516129033,0.5404466501240694,0.5732718894009217,"[[159, 926], [0, 930]]"
lda,sweep,0.06715483252108097,0.5027419354838709,0.5404466501240694,0.5732718894009217,"[[159, 926], [0, 930]]"
gnb,sweep,6.228542837436689e-75,0.5401612903225806,0.5404466501240694,0.5732718894009217,"[[159, 926], [0, 930]]"
nusvc03,sweep,3.175368660648929e-07,0.515,0.5404466501240694,0.5732718894009217,"[[159, 926], [0, 930]]"
gb_lr0.03_d1,sweep,0.14963665698262826,0.5230645161290323,0.5399503722084368,0.5728110599078341,"[[158, 927], [0, 930]]"
hgb_lr0.02_leaf31,sweep,0.016448889195925652,0.5145161290322581,0.539454094292804,0.5723502304147465,"[[157, 928], [0, 930]]"
gb_lr0.03_d3,sweep,0.06632604289386593,0.5143548387096775,0.539454094292804,0.5723502304147465,"[[157, 928], [0, 930]]"
gb_lr0.08_d2,sweep,0.05213261323639985,0.5129032258064516,0.539454094292804,0.5722734254992319,"[[158, 927], [1, 929]]"
nusvc03,sweep,2.842963491509825e-07,0.5145161290322581,0.5384615384615384,0.5714285714285714,"[[155, 930], [0, 930]]"
qda001,sweep,1.6630464970618103e-06,0.545483870967742,0.537468982630273,0.5702764976958525,"[[156, 929], [3, 927]]"
hgb_lr0.04_leaf15,sweep,0.015101503159055353,0.5145161290322581,0.5364764267990074,0.5695852534562212,"[[151, 934], [0, 930]]"
hgb_lr0.04_leaf63,sweep,0.0003251532740320682,0.5145161290322581,0.5364764267990074,0.5695852534562212,"[[151, 934], [0, 930]]"
"mlp(64,)",sweep,0.0008020497835241258,0.5033870967741936,0.535483870967742,0.5686635944700461,"[[149, 936], [0, 930]]"
gb_lr0.05_d2,sweep,0.06823209390190774,0.5143548387096775,0.533498759305211,0.5668202764976958,"[[145, 940], [0, 930]]"
hgb_lr0.02_leaf15,sweep,0.03829334776871844,0.5145161290322581,0.5310173697270472,0.564516129032258,"[[140, 945], [0, 930]]"
gb_lr0.05_d3,sweep,0.040550663321043234,0.5046774193548387,0.5310173697270472,0.564516129032258,"[[140, 945], [0, 930]]"
hgb_lr0.02_leaf15,sweep,0.03803100653913949,0.5140322580645161,0.5305210918114144,0.5640552995391706,"[[139, 946], [0, 930]]"
hgb_lr0.02_leaf31,sweep,0.015483193493540142,0.5120967741935484,0.5305210918114144,0.5640552995391706,"[[139, 946], [0, 930]]"
hgb_lr0.02_leaf63,sweep,0.006338705567269401,0.5166129032258064,0.5305210918114144,0.5640552995391706,"[[139, 946], [0, 930]]"
hgb_lr0.04_leaf15,sweep,0.013604720995009,0.5108064516129033,0.5305210918114144,0.5640552995391706,"[[139, 946], [0, 930]]"
hgb_lr0.04_leaf31,sweep,0.0028133626238427017,0.5075806451612903,0.5305210918114144,0.5640552995391706,"[[139, 946], [0, 930]]"
hgb_lr0.04_leaf63,sweep,0.00026361378476328647,0.5112903225806451,0.5305210918114144,0.5640552995391706,"[[139, 946], [0, 930]]"
hgb_lr0.06_leaf15,sweep,0.005323816887212713,0.5064516129032258,0.5305210918114144,0.5640552995391706,"[[139, 946], [0, 930]]"
hgb_lr0.06_leaf31,sweep,0.0005030581179513623,0.5051612903225806,0.5305210918114144,0.5640552995391706,"[[139, 946], [0, 930]]"
hgb_lr0.06_leaf63,sweep,1.8536035162038513e-05,0.5114516129032258,0.5305210918114144,0.5640552995391706,"[[139, 946], [0, 930]]"
hgb_lr0.08_leaf15,sweep,0.0025964189246627054,0.5066129032258064,0.5305210918114144,0.5640552995391706,"[[139, 946], [0, 930]]"
hgb_lr0.08_leaf31,sweep,0.00012505314394896288,0.5085483870967742,0.5305210918114144,0.5640552995391706,"[[139, 946], [0, 930]]"
hgb_lr0.08_leaf63,sweep,1.1523296697111919e-06,0.5090322580645161,0.5305210918114144,0.5640552995391706,"[[139, 946], [0, 930]]"
gb_lr0.03_d1,sweep,0.14430967602701839,0.516774193548387,0.5305210918114144,0.5640552995391706,"[[139, 946], [0, 930]]"
gb_lr0.03_d3,sweep,0.06442286865830997,0.5114516129032258,0.5305210918114144,0.5640552995391706,"[[139, 946], [0, 930]]"
gb_lr0.05_d1,sweep,0.1259774957229575,0.5177419354838709,0.5305210918114144,0.5640552995391706,"[[139, 946], [0, 930]]"
gb_lr0.08_d1,sweep,0.10390157187568327,0.5177419354838709,0.5305210918114144,0.5640552995391706,"[[139, 946], [0, 930]]"
gb_lr0.08_d3,sweep,0.02644022848714372,0.5166129032258064,0.5305210918114144,0.5640552995391706,"[[139, 946], [0, 930]]"
ada100,sweep,0.4751857417247297,0.5175806451612903,0.5305210918114144,0.5640552995391706,"[[139, 946], [0, 930]]"
ada300,sweep,0.48975406118532866,0.5179032258064517,0.5305210918114144,0.5640552995391706,"[[139, 946], [0, 930]]"
ada600,sweep,0.4934053544084511,0.5179032258064517,0.5305210918114144,0.5640552995391706,"[[139, 946], [0, 930]]"
"mlp(64,)",sweep,0.0006602092742919921,0.5003225806451613,0.5305210918114144,0.5640552995391706,"[[139, 946], [0, 930]]"
"mlp(128,)",sweep,0.00040484041753225026,0.4990322580645161,0.5305210918114144,0.5640552995391706,"[[139, 946], [0, 930]]"
"mlp(64, 32)",sweep,2.6296959844330556e-06,0.5064516129032258,0.5305210918114144,0.5640552995391706,"[[139, 946], [0, 930]]"
lda,sweep,0.06230503852367401,0.4975806451612903,0.5305210918114144,0.5640552995391706,"[[139, 946], [0, 930]]"
gnb,sweep,2.5969416439544868e-77,0.5361290322580645,0.5305210918114144,0.5640552995391706,"[[139, 946], [0, 930]]"
nusvc03,sweep,1.6704252676601848e-07,0.5114516129032258,0.5305210918114144,0.5640552995391706,"[[139, 946], [0, 930]]"
hgb_lr0.06_leaf31,sweep,0.0004952049468397466,0.5046774193548387,0.5300248138957816,0.563594470046083,"[[138, 947], [0, 930]]"
gb_lr0.05_d3,sweep,0.040419620430468796,0.5038709677419355,0.5300248138957816,0.563594470046083,"[[138, 947], [0, 930]]"
gb_lr0.05_d2,sweep,0.06682702721641931,0.5112903225806451,0.5295285359801489,0.5631336405529954,"[[137, 948], [0, 930]]"
gb_lr0.08_d2,sweep,0.04875281591870285,0.5087096774193548,0.5295285359801489,0.5630568356374808,"[[138, 947], [1, 929]]"
gb_lr0.03_d2,sweep,0.09230485992889632,0.5161290322580645,0.5290322580645161,0.5626728110599079,"[[136, 949], [0, 930]]"
lda,sweep,0.061684031769633295,0.4966129032258065,0.5290322580645161,0.5626728110599079,"[[136, 949], [0, 930]]"
qda001,sweep,1.170821643215978e-06,0.5409677419354839,0.5285359801488834,0.5620583717357911,"[[137, 948], [2, 928]]"
gb_lr0.08_d3,sweep,0.026106243372490838,0.5140322580645161,0.5280397022332506,0.5617511520737327,"[[134, 951], [0, 930]]"
hgb_lr0.06_leaf15,sweep,0.004922610055731688,0.5046774193548387,0.5275434243176179,0.5612903225806452,"[[133, 952], [0, 930]]"
gb_lr0.03_d2,sweep,0.09130242080119562,0.5143548387096775,0.5270471464019851,0.5608294930875576,"[[132, 953], [0, 930]]"
"mlp(64, 32)",sweep,2.1953770425170655e-06,0.5037096774193548,0.5270471464019851,0.5608294930875576,"[[132, 953], [0, 930]]"
hgb_lr0.02_leaf63,sweep,0.0058774400315404944,0.5145161290322581,0.5265508684863524,0.56036866359447,"[[131, 954], [0, 930]]"
gb_lr0.03_d1,sweep,0.1430044535564479,0.5140322580645161,0.5265508684863524,0.56036866359447,"[[131, 954], [0, 930]]"
hgb_lr0.08_leaf15,sweep,0.002383712052334846,0.5046774193548387,0.5260545905707196,0.5599078341013825,"[[130, 955], [0, 930]]"
qda001,sweep,1.0830519032436261e-06,0.5401612903225806,0.5260545905707196,0.5597542242703533,"[[132, 953], [2, 928]]"
gb_lr0.08_d1,sweep,0.10139610922535094,0.5145161290322581,0.5250620347394541,0.5589861751152074,"[[128, 957], [0, 930]]"
gb_lr0.03_d3,sweep,0.06212301925988945,0.5045161290322581,0.5230769230769231,0.5571428571428572,"[[124, 961], [0, 930]]"
ada100,sweep,0.4737307030408013,0.5145161290322581,0.5220843672456575,0.556221198156682,"[[122, 963], [0, 930]]"
hgb_lr0.04_leaf31,sweep,0.002409022578859855,0.5046774193548387,0.5215880893300248,0.5557603686635945,"[[121, 964], [0, 930]]"
hgb_lr0.02_leaf15,sweep,0.03587448949825758,0.5120967741935484,0.5205955334987593,0.5548387096774193,"[[119, 966], [0, 930]]"
hgb_lr0.02_leaf31,sweep,0.014772854076575205,0.5111290322580645,0.5205955334987593,0.5548387096774193,"[[119, 966], [0, 930]]"
hgb_lr0.02_leaf63,sweep,0.0054215404358291626,0.5119354838709678,0.5205955334987593,0.5548387096774193,"[[119, 966], [0, 930]]"
hgb_lr0.04_leaf15,sweep,0.012218922899008158,0.5075806451612903,0.5205955334987593,0.5548387096774193,"[[119, 966], [0, 930]]"
hgb_lr0.04_leaf31,sweep,0.0023395845810479715,0.5038709677419355,0.5205955334987593,0.5548387096774193,"[[119, 966], [0, 930]]"
hgb_lr0.04_leaf63,sweep,0.00020065133732162534,0.5066129032258064,0.5205955334987593,0.5548387096774193,"[[119, 966], [0, 930]]"
hgb_lr0.06_leaf15,sweep,0.004511470711367556,0.5029032258064516,0.5205955334987593,0.5548387096774193,"[[119, 966], [0, 930]]"
hgb_lr0.06_leaf31,sweep,0.0004036846264593705,0.5009677419354839,0.5205955334987593,0.5548387096774193,"[[119, 966], [0, 930]]"
hgb_lr0.06_leaf63,sweep,1.2829174527615804e-05,0.5064516129032258,0.5205955334987593,0.5548387096774193,"[[119, 966], [0, 930]]"
hgb_lr0.08_leaf15,sweep,0.0022657835821168473,0.5040322580645161,0.5205955334987593,0.5548387096774193,"[[119, 966], [0, 930]]"
hgb_lr0.08_leaf31,sweep,9.085443463443282e-05,0.5046774193548387,0.5205955334987593,0.5548387096774193,"[[119, 966], [0, 930]]"
hgb_lr0.08_leaf31,sweep,9.183573443855841e-05,0.5048387096774194,0.5205955334987593,0.5548387096774193,"[[119, 966], [0, 930]]"
hgb_lr0.08_leaf63,sweep,7.223917043846932e-07,0.5048387096774194,0.5205955334987593,0.5548387096774193,"[[119, 966], [0, 930]]"
gb_lr0.03_d2,sweep,0.08773890093772331,0.5112903225806451,0.5205955334987593,0.5548387096774193,"[[119, 966], [0, 930]]"
gb_lr0.03_d3,sweep,0.061073291712371934,0.5027419354838709,0.5205955334987593,0.5548387096774193,"[[119, 966], [0, 930]]"
gb_lr0.05_d1,sweep,0.12191827799575485,0.5158064516129032,0.5205955334987593,0.5548387096774193,"[[119, 966], [0, 930]]"
gb_lr0.05_d2,sweep,0.06367332351088037,0.5074193548387097,0.5205955334987593,0.5548387096774193,"[[119, 966], [0, 930]]"
gb_lr0.08_d1,sweep,0.10004373864007467,0.5140322580645161,0.5205955334987593,0.5548387096774193,"[[119, 966], [0, 930]]"
gb_lr0.08_d2,sweep,0.0456683784125704,0.5059677419354839,0.5205955334987593,0.5548387096774193,"[[119, 966], [0, 930]]"
gb_lr0.08_d3,sweep,0.024466687226595438,0.5111290322580645,0.5205955334987593,0.5548387096774193,"[[119, 966], [0, 930]]"
ada100,sweep,0.47309953165057383,0.512258064516129,0.5205955334987593,0.5548387096774193,"[[119, 966], [0, 930]]"
ada300,sweep,0.48887645167146376,0.5145161290322581,0.5205955334987593,0.5548387096774193,"[[119, 966], [0, 930]]"
ada300,sweep,0.48888091845189635,0.5145161290322581,0.5205955334987593,0.5548387096774193,"[[119, 966], [0, 930]]"
ada600,sweep,0.49314074331474855,0.5148387096774194,0.5205955334987593,0.5548387096774193,"[[119, 966], [0, 930]]"
"mlp(64,)",sweep,0.0004796562802512199,0.49532258064516127,0.5205955334987593,0.5548387096774193,"[[119, 966], [0, 930]]"
"mlp(128,)",sweep,0.0003067495306022466,0.4959677419354839,0.5205955334987593,0.5548387096774193,"[[119, 966], [0, 930]]"
"mlp(64, 32)",sweep,1.8177017411744605e-06,0.5019354838709678,0.5205955334987593,0.5548387096774193,"[[119, 966], [0, 930]]"
lda,sweep,0.05832682171463967,0.49370967741935484,0.5205955334987593,0.5548387096774193,"[[119, 966], [0, 930]]"
qda001,sweep,6.968853368789997e-07,0.5359677419354839,0.5205955334987593,0.5548387096774193,"[[119, 966], [0, 930]]"
gnb,sweep,1.3251864674090162e-78,0.5340322580645162,0.5205955334987593,0.5548387096774193,"[[119, 966], [0, 930]]"
nusvc03,sweep,1.1480134238295398e-07,0.5088709677419355,0.5205955334987593,0.5548387096774193,"[[119, 966], [0, 930]]"
hgb_lr0.08_leaf63,sweep,7.052090148150268e-07,0.5046774193548387,0.5200992555831265,0.5543778801843318,"[[118, 967], [0, 930]]"
gb_lr0.03_d1,sweep,0.14152294300154072,0.5140322580645161,0.5200992555831265,0.5543778801843318,"[[118, 967], [0, 930]]"
gb_lr0.05_d3,sweep,0.03819771770412416,0.5003225806451613,0.5200992555831265,0.5543778801843318,"[[118, 967], [0, 930]]"
ada600,sweep,0.49309318980165673,0.5145161290322581,0.5200992555831265,0.5543778801843318,"[[118, 967], [0, 930]]"
gnb,sweep,1.2080240808432252e-78,0.5340322580645162,0.5191066997518611,0.5534562211981566,"[[116, 969], [0, 930]]"
hgb_lr0.04_leaf63,sweep,0.00018789113788949532,0.5046774193548387,0.5171215880893301,0.5516129032258065,"[[112, 973], [0, 930]]"
"mlp(128,)",sweep,0.0002586222413228825,0.49451612903225806,0.5166253101736973,0.5511520737327189,"[[111, 974], [0, 930]]"
gb_lr0.08_d2,sweep,0.04481500590588587,0.5046774193548387,0.5161290322580645,0.5506912442396313,"[[110, 975], [0, 930]]"
hgb_lr0.06_leaf63,sweep,1.0733900417017929e-05,0.5046774193548387,0.5156327543424317,0.5502304147465438,"[[109, 976], [0, 930]]"
gb_lr0.05_d2,sweep,0.06111341830285139,0.5045161290322581,0.515136476426799,0.5497695852534562,"[[108, 977], [0, 930]]"
qda001,sweep,4.780121522377356e-07,0.5325806451612903,0.515136476426799,0.5497695852534562,"[[108, 977], [0, 930]]"
gb_lr0.05_d1,sweep,0.11916101476695602,0.5145161290322581,0.5146401985111663,0.5493087557603686,"[[107, 978], [0, 930]]"
"mlp(64,)",sweep,0.0004063856236636638,0.49451612903225806,0.5146401985111663,0.5493087557603686,"[[107, 978], [0, 930]]"
hgb_lr0.02_leaf15,sweep,0.03240497733390828,0.5066129032258064,0.511166253101737,0.5460829493087558,"[[100, 985], [0, 930]]"
hgb_lr0.02_leaf31,sweep,0.013530316880461727,0.5091935483870967,0.511166253101737,0.5460829493087558,"[[100, 985], [0, 930]]"
hgb_lr0.02_leaf63,sweep,0.00466773827794529,0.506774193548387,0.511166253101737,0.5460829493087558,"[[100, 985], [0, 930]]"
hgb_lr0.04_leaf15,sweep,0.011008262534233036,0.5051612903225806,0.511166253101737,0.5460829493087558,"[[100, 985], [0, 930]]"
hgb_lr0.04_leaf31,sweep,0.0019668299853376103,0.5004838709677419,0.511166253101737,0.5460829493087558,"[[100, 985], [0, 930]]"
hgb_lr0.04_leaf63,sweep,0.00016451147409946704,0.5027419354838709,0.511166253101737,0.5460829493087558,"[[100, 985], [0, 930]]"
hgb_lr0.06_leaf15,sweep,0.00392021594956593,0.5,0.511166253101737,0.5460829493087558,"[[100, 985], [0, 930]]"
hgb_lr0.06_leaf31,sweep,0.00033241496534313204,0.49870967741935485,0.511166253101737,0.5460829493087558,"[[100, 985], [0, 930]]"
hgb_lr0.06_leaf63,sweep,9.672190779521875e-06,0.5032258064516129,0.511166253101737,0.5460829493087558,"[[100, 985], [0, 930]]"
hgb_lr0.08_leaf15,sweep,0.0018499633419736226,0.5,0.511166253101737,0.5460829493087558,"[[100, 985], [0, 930]]"
hgb_lr0.08_leaf31,sweep,7.597094047588537e-05,0.5019354838709678,0.511166253101737,0.5460829493087558,"[[100, 985], [0, 930]]"
hgb_lr0.08_leaf63,sweep,5.448983783392929e-07,0.502258064516129,0.511166253101737,0.5460829493087558,"[[100, 985], [0, 930]]"
gb_lr0.03_d1,sweep,0.1357650220743612,0.5111290322580645,0.511166253101737,0.5460829493087558,"[[100, 985], [0, 930]]"
gb_lr0.03_d2,sweep,0.08465883450374893,0.5082258064516129,0.511166253101737,0.5460829493087558,"[[100, 985], [0, 930]]"
gb_lr0.05_d2,sweep,0.05893345012136487,0.5035483870967742,0.511166253101737,0.5460829493087558,"[[100, 985], [0, 930]]"
gb_lr0.05_d3,sweep,0.03519958810418403,0.49612903225806454,0.511166253101737,0.5460829493087558,"[[100, 985], [0, 930]]"
gb_lr0.08_d1,sweep,0.09398858179106148,0.5093548387096775,0.511166253101737,0.5460829493087558,"[[100, 985], [0, 930]]"
gb_lr0.08_d2,sweep,0.04262165054968048,0.5003225806451613,0.511166253101737,0.5460829493087558,"[[100, 985], [0, 930]]"
gb_lr0.08_d3,sweep,0.023576583332675764,0.5080645161290323,0.511166253101737,0.5460829493087558,"[[100, 985], [0, 930]]"
ada100,sweep,0.47164864400268164,0.5083870967741936,0.511166253101737,0.5460829493087558,"[[100, 985], [0, 930]]"
ada300,sweep,0.48819861558177363,0.5098387096774194,0.511166253101737,0.5460829493087558,"[[100, 985], [0, 930]]"
ada600,sweep,0.4927329717379669,0.5111290322580645,0.511166253101737,0.5460829493087558,"[[100, 985], [0, 930]]"
"mlp(64,)",sweep,0.00034336764949839573,0.49290322580645163,0.511166253101737,0.5460829493087558,"[[100, 985], [0, 930]]"
"mlp(128,)",sweep,0.00021480107400566342,0.49193548387096775,0.511166253101737,0.5460829493087558,"[[100, 985], [0, 930]]"
"mlp(64, 32)",sweep,1.1024332641682127e-06,0.49612903225806454,0.511166253101737,0.5460829493087558,"[[100, 985], [0, 930]]"
lda,sweep,0.05262663531303406,0.48935483870967744,0.511166253101737,0.5460829493087558,"[[100, 985], [0, 930]]"
qda001,sweep,3.4147678452411994e-07,0.5295161290322581,0.511166253101737,0.5460829493087558,"[[100, 985], [0, 930]]"
gnb,sweep,1.3317082111893827e-79,0.5320967741935484,0.511166253101737,0.5460829493087558,"[[100, 985], [0, 930]]"
gb_lr0.03_d3,sweep,0.057477248673281606,0.49725806451612903,0.5101736972704715,0.5451612903225806,"[[98, 987], [0, 930]]"
gb_lr0.05_d1,sweep,0.11710986972638628,0.5124193548387097,0.5101736972704715,0.5451612903225806,"[[98, 987], [0, 930]]"
hgb_lr0.04_leaf15,sweep,0.010811655953077932,0.5046774193548387,0.5096774193548387,0.5447004608294931,"[[97, 988], [0, 930]]"
lda,sweep,0.05153147806972265,0.48870967741935484,0.5086848635235732,0.543778801843318,"[[95, 990], [0, 930]]"
gb_lr0.03_d3,sweep,0.056799549272401266,0.4946774193548387,0.5071960297766749,0.5423963133640552,"[[92, 993], [0, 930]]"
"mlp(64, 32)",sweep,8.294138358223789e-07,0.49483870967741933,0.5052109181141439,0.5405529953917051,"[[88, 997], [0, 930]]"
hgb_lr0.02_leaf63,sweep,0.004438694998391625,0.5046774193548387,0.5042183622828784,0.53963133640553,"[[86, 999], [0, 930]]"
qda001,sweep,2.2278067824656948e-07,0.5240322580645161,0.5042183622828784,0.53963133640553,"[[86, 999], [0, 930]]"
gb_lr0.05_d3,sweep,0.03455423703303587,0.49483870967741933,0.5027295285359802,0.5382488479262673,"[[83, 1002], [0, 930]]"
hgb_lr0.02_leaf15,sweep,0.029508920565410657,0.5046774193548387,0.5017369727047146,0.5373271889400921,"[[81, 1004], [0, 930]]"
gb_lr0.03_d2,sweep,0.08109459243589336,0.5046774193548387,0.5017369727047146,0.5373271889400921,"[[81, 1004], [0, 930]]"
ada100,sweep,0.4699652737819794,0.5046774193548387,0.5017369727047146,0.5373271889400921,"[[81, 1004], [0, 930]]"
hgb_lr0.02_leaf15,sweep,0.02947142443356959,0.5045161290322581,0.5012406947890818,0.5368663594470046,"[[80, 1005], [0, 930]]"
hgb_lr0.02_leaf31,sweep,0.012527193202300795,0.5070967741935484,0.5012406947890818,0.5368663594470046,"[[80, 1005], [0, 930]]"
hgb_lr0.02_leaf63,sweep,0.004256384174949057,0.5033870967741936,0.5012406947890818,0.5368663594470046,"[[80, 1005], [0, 930]]"
hgb_lr0.04_leaf15,sweep,0.009465295995694336,0.5009677419354839,0.5012406947890818,0.5368663594470046,"[[80, 1005], [0, 930]]"
hgb_lr0.04_leaf31,sweep,0.001691703212967582,0.49790322580645163,0.5012406947890818,0.5368663594470046,"[[80, 1005], [0, 930]]"
hgb_lr0.04_leaf63,sweep,0.00012336802423166968,0.4967741935483871,0.5012406947890818,0.5368663594470046,"[[80, 1005], [0, 930]]"
hgb_lr0.06_leaf15,sweep,0.003496977694152381,0.49806451612903224,0.5012406947890818,0.5368663594470046,"[[80, 1005], [0, 930]]"
hgb_lr0.06_leaf31,sweep,0.00027316023411379383,0.49548387096774194,0.5012406947890818,0.5368663594470046,"[[80, 1005], [0, 930]]"
hgb_lr0.06_leaf63,sweep,7.001689219707443e-06,0.5,0.5012406947890818,0.5368663594470046,"[[80, 1005], [0, 930]]"
hgb_lr0.08_leaf15,sweep,0.0014819904951372384,0.49532258064516127,0.5012406947890818,0.5368663594470046,"[[80, 1005], [0, 930]]"
hgb_lr0.08_leaf31,sweep,6.243777321937645e-05,0.49951612903225806,0.5012406947890818,0.5368663594470046,"[[80, 1005], [0, 930]]"
hgb_lr0.08_leaf63,sweep,4.346178901425179e-07,0.5001612903225806,0.5012406947890818,0.5368663594470046,"[[80, 1005], [0, 930]]"
gb_lr0.03_d1,sweep,0.13228588136140648,0.5085483870967742,0.5012406947890818,0.5368663594470046,"[[80, 1005], [0, 930]]"
gb_lr0.03_d2,sweep,0.08090844041973,0.5045161290322581,0.5012406947890818,0.5368663594470046,"[[80, 1005], [0, 930]]"
gb_lr0.05_d1,sweep,0.1134799982513109,0.5085483870967742,0.5012406947890818,0.5368663594470046,"[[80, 1005], [0, 930]]"
gb_lr0.05_d3,sweep,0.03412934114807765,0.4925806451612903,0.5012406947890818,0.5368663594470046,"[[80, 1005], [0, 930]]"
gb_lr0.08_d1,sweep,0.08852575844699911,0.5059677419354839,0.5012406947890818,0.5368663594470046,"[[80, 1005], [0, 930]]"
gb_lr0.08_d3,sweep,0.0221590531353262,0.5043548387096775,0.5012406947890818,0.5368663594470046,"[[80, 1005], [0, 930]]"
gb_lr0.08_d3,sweep,0.02221947963170708,0.5046774193548387,0.5012406947890818,0.5368663594470046,"[[80, 1005], [0, 930]]"
ada100,sweep,0.4698299406818029,0.5041935483870967,0.5012406947890818,0.5368663594470046,"[[80, 1005], [0, 930]]"
ada300,sweep,0.4874734628206485,0.5064516129032258,0.5012406947890818,0.5368663594470046,"[[80, 1005], [0, 930]]"
ada600,sweep,0.49228772574920665,0.5069354838709678,0.5012406947890818,0.5368663594470046,"[[80, 1005], [0, 930]]"
"mlp(64,)",sweep,0.00024566230168566105,0.4906451612903226,0.5012406947890818,0.5368663594470046,"[[80, 1005], [0, 930]]"
"mlp(128,)",sweep,0.0001665667537250556,0.4882258064516129,0.5012406947890818,0.5368663594470046,"[[80, 1005], [0, 930]]"
"mlp(64, 32)",sweep,6.71708958293493e-07,0.4935483870967742,0.5012406947890818,0.5368663594470046,"[[80, 1005], [0, 930]]"
lda,sweep,0.04745656792372465,0.48516129032258065,0.5012406947890818,0.5368663594470046,"[[80, 1005], [0, 930]]"
qda001,sweep,1.6568983680860553e-07,0.520483870967742,0.5012406947890818,0.5368663594470046,"[[80, 1005], [0, 930]]"
gnb,sweep,2.9840812628140084e-80,0.5306451612903226,0.5012406947890818,0.5368663594470046,"[[80, 1005], [0, 930]]"
gb_lr0.03_d3,sweep,0.055364901749013345,0.492258064516129,0.5007444168734492,0.536405529953917,"[[79, 1006], [0, 930]]"
gb_lr0.05_d2,sweep,0.055142821948156555,0.49806451612903224,0.5007444168734492,0.536405529953917,"[[79, 1006], [0, 930]]"
gb_lr0.08_d2,sweep,0.040315729977441,0.49725806451612903,0.5007444168734492,0.536405529953917,"[[79, 1006], [0, 930]]"
hgb_lr0.06_leaf31,sweep,0.00026744074009844116,0.49483870967741933,0.4992555831265509,0.5350230414746544,"[[76, 1009], [0, 930]]"
hgb_lr0.08_leaf15,sweep,0.0014235696031729304,0.49483870967741933,0.4992555831265509,0.5350230414746544,"[[76, 1009], [0, 930]]"
ada300,sweep,0.4873243517159247,0.5046774193548387,0.4992555831265509,0.5350230414746544,"[[76, 1009], [0, 930]]"
ada600,sweep,0.4921016275605641,0.5046774193548387,0.4977667493796526,0.5336405529953917,"[[73, 1012], [0, 930]]"
qda001,sweep,1.1283506013170749e-07,0.5148387096774194,0.4977667493796526,0.5336405529953917,"[[73, 1012], [0, 930]]"
hgb_lr0.04_leaf31,sweep,0.0015000364226725195,0.49483870967741933,0.49627791563275436,0.532258064516129,"[[70, 1015], [0, 930]]"
hgb_lr0.04_leaf63,sweep,0.00011459294746040617,0.49483870967741933,0.4947890818858561,0.5308755760368664,"[[67, 1018], [0, 930]]"
gb_lr0.08_d2,sweep,0.038144030303713564,0.49483870967741933,0.49330024813895784,0.5294930875576037,"[[64, 1021], [0, 930]]"
gb_lr0.03_d1,sweep,0.1301211477852352,0.5046774193548387,0.49280397022332506,0.5290322580645161,"[[63, 1022], [0, 930]]"
gb_lr0.08_d1,sweep,0.0866125766345134,0.5046774193548387,0.49230769230769234,0.5285714285714286,"[[62, 1023], [0, 930]]"
hgb_lr0.02_leaf31,sweep,0.011297204111935986,0.5046774193548387,0.49181141439205955,0.528110599078341,"[[61, 1024], [0, 930]]"
hgb_lr0.08_leaf31,sweep,4.624620154876825e-05,0.49483870967741933,0.49181141439205955,0.528110599078341,"[[61, 1024], [0, 930]]"
hgb_lr0.02_leaf15,sweep,0.02750035925190025,0.5016129032258064,0.4913151364764268,0.5276497695852534,"[[60, 1025], [0, 930]]"
hgb_lr0.02_leaf31,sweep,0.011231865684904994,0.5043548387096775,0.4913151364764268,0.5276497695852534,"[[60, 1025], [0, 930]]"
hgb_lr0.02_leaf63,sweep,0.003976800975666302,0.49983870967741933,0.4913151364764268,0.5276497695852534,"[[60, 1025], [0, 930]]"
hgb_lr0.04_leaf15,sweep,0.008210163979470506,0.49725806451612903,0.4913151364764268,0.5276497695852534,"[[60, 1025], [0, 930]]"
hgb_lr0.04_leaf31,sweep,0.0014345581510331207,0.4932258064516129,0.4913151364764268,0.5276497695852534,"[[60, 1025], [0, 930]]"
hgb_lr0.04_leaf63,sweep,0.00010599090230291463,0.49338709677419357,0.4913151364764268,0.5276497695852534,"[[60, 1025], [0, 930]]"
hgb_lr0.06_leaf15,sweep,0.003155198450208908,0.49629032258064515,0.4913151364764268,0.5276497695852534,"[[60, 1025], [0, 930]]"
hgb_lr0.06_leaf31,sweep,0.00021070635606618168,0.49032258064516127,0.4913151364764268,0.5276497695852534,"[[60, 1025], [0, 930]]"
hgb_lr0.06_leaf63,sweep,5.5379792397448485e-06,0.49790322580645163,0.4913151364764268,0.5276497695852534,"[[60, 1025], [0, 930]]"
hgb_lr0.08_leaf15,sweep,0.0012458950571899558,0.4932258064516129,0.4913151364764268,0.5276497695852534,"[[60, 1025], [0, 930]]"
hgb_lr0.08_leaf31,sweep,4.564065411142229e-05,0.49435483870967745,0.4913151364764268,0.5276497695852534,"[[60, 1025], [0, 930]]"
hgb_lr0.08_leaf63,sweep,3.022873876701323e-07,0.49709677419354836,0.4913151364764268,0.5276497695852534,"[[60, 1025], [0, 930]]"
gb_lr0.03_d2,sweep,0.07886810196222875,0.5019354838709678,0.4913151364764268,0.5276497695852534,"[[60, 1025], [0, 930]]"
gb_lr0.03_d3,sweep,0.053269958490677574,0.4898387096774194,0.4913151364764268,0.5276497695852534,"[[60, 1025], [0, 930]]"
gb_lr0.05_d1,sweep,0.10757414234776104,0.5046774193548387,0.4913151364764268,0.5276497695852534,"[[60, 1025], [0, 930]]"
gb_lr0.05_d1,sweep,0.1082536607677458,0.5046774193548387,0.4913151364764268,0.5276497695852534,"[[60, 1025], [0, 930]]"
gb_lr0.05_d2,sweep,0.05148341624562163,0.4946774193548387,0.4913151364764268,0.5276497695852534,"[[60, 1025], [0, 930]]"
gb_lr0.05_d2,sweep,0.05153808443911531,0.49483870967741933,0.4913151364764268,0.5276497695852534,"[[60, 1025], [0, 930]]"
gb_lr0.05_d3,sweep,0.03242026847081818,0.4906451612903226,0.4913151364764268,0.5276497695852534,"[[60, 1025], [0, 930]]"
gb_lr0.08_d1,sweep,0.08623203924209052,0.5045161290322581,0.4913151364764268,0.5276497695852534,"[[60, 1025], [0, 930]]"
gb_lr0.08_d2,sweep,0.037242701008782186,0.4941935483870968,0.4913151364764268,0.5276497695852534,"[[60, 1025], [0, 930]]"
gb_lr0.08_d3,sweep,0.019807019965821175,0.4964516129032258,0.4913151364764268,0.5276497695852534,"[[60, 1025], [0, 930]]"
ada100,sweep,0.46682450090587935,0.49693548387096775,0.4913151364764268,0.5276497695852534,"[[60, 1025], [0, 930]]"
ada300,sweep,0.4866511662791727,0.49983870967741933,0.4913151364764268,0.5276497695852534,"[[60, 1025], [0, 930]]"
"mlp(64,)",sweep,0.00016217416669242086,0.4864516129032258,0.4913151364764268,0.5276497695852534,"[[60, 1025], [0, 930]]"
"mlp(128,)",sweep,0.00011790922761429102,0.4854838709677419,0.4913151364764268,0.5276497695852534,"[[60, 1025], [0, 930]]"
"mlp(64, 32)",sweep,3.532253529556329e-07,0.48935483870967744,0.4913151364764268,0.5276497695852534,"[[60, 1025], [0, 930]]"
lda,sweep,0.04213292030692101,0.4820967741935484,0.4913151364764268,0.5276497695852534,"[[60, 1025], [0, 930]]"
qda001,sweep,7.331436556233419e-08,0.5103225806451613,0.4913151364764268,0.5276497695852534,"[[60, 1025], [0, 930]]"
gnb,sweep,3.9019899754620604e-81,0.5270967741935484,0.4913151364764268,0.5276497695852534,"[[60, 1025], [0, 930]]"
ada600,sweep,0.4917571670348075,0.5001612903225806,0.49081885856079405,0.5271889400921659,"[[59, 1026], [0, 930]]"
lda,sweep,0.041068108044564726,0.4811290322580645,0.48982630272952854,0.5262672811059907,"[[57, 1028], [0, 930]]"
gb_lr0.03_d1,sweep,0.128797205314211,0.5029032258064516,0.48933002481389576,0.5258064516129032,"[[56, 1029], [0, 930]]"
qda001,sweep,5.5772898246335246e-08,0.5064516129032258,0.48883374689826303,0.5253456221198156,"[[55, 1030], [0, 930]]"
ada100,sweep,0.4659845314534213,0.49435483870967745,0.48833746898263025,0.5248847926267282,"[[54, 1031], [0, 930]]"
"mlp(128,)",sweep,9.760016517248006e-05,0.485,0.48833746898263025,0.5248847926267282,"[[54, 1031], [0, 930]]"
hgb_lr0.06_leaf15,sweep,0.003017368334451566,0.49483870967741933,0.4878411910669975,0.5244239631336406,"[[53, 1032], [0, 930]]"
"mlp(64,)",sweep,0.0001311498149880208,0.485,0.4878411910669975,0.5244239631336406,"[[53, 1032], [0, 930]]"
gb_lr0.08_d3,sweep,0.019220629434023022,0.49483870967741933,0.486848635235732,0.5235023041474655,"[[51, 1034], [0, 930]]"
ada300,sweep,0.4861309300681853,0.49483870967741933,0.48635235732009924,0.5230414746543779,"[[50, 1035], [0, 930]]"
gnb,sweep,1.2751288462952253e-81,0.5241935483870968,0.4858560794044665,0.5225806451612903,"[[49, 1036], [0, 930]]"
hgb_lr0.08_leaf63,sweep,2.344737046558685e-07,0.49483870967741933,0.484863523573201,0.5216589861751152,"[[47, 1038], [0, 930]]"
hgb_lr0.06_leaf63,sweep,4.535631145342082e-06,0.49483870967741933,0.4843672456575682,0.5211981566820276,"[[46, 1039], [0, 930]]"
qda001,sweep,2.6892792496177012e-08,0.4982258064516129,0.4833746898263027,0.5202764976958525,"[[44, 1041], [0, 930]]"
ada600,sweep,0.4911711862307552,0.49483870967741933,0.48287841191067,0.5198156682027649,"[[43, 1042], [0, 930]]"
"mlp(64, 32)",sweep,1.74334455209646e-07,0.485,0.48287841191067,0.5198156682027649,"[[43, 1042], [0, 930]]"
hgb_lr0.02_leaf63,sweep,0.003583281058208319,0.49483870967741933,0.4818858560794045,0.5188940092165899,"[[41, 1044], [0, 930]]"
hgb_lr0.02_leaf15,sweep,0.022503307882484825,0.4959677419354839,0.4813895781637717,0.5184331797235023,"[[40, 1045], [0, 930]]"
hgb_lr0.02_leaf31,sweep,0.008960640834591502,0.49483870967741933,0.4813895781637717,0.5184331797235023,"[[40, 1045], [0, 930]]"
hgb_lr0.02_leaf31,sweep,0.009024329380254879,0.49548387096774194,0.4813895781637717,0.5184331797235023,"[[40, 1045], [0, 930]]"
hgb_lr0.02_leaf63,sweep,0.003554940660645491,0.4941935483870968,0.4813895781637717,0.5184331797235023,"[[40, 1045], [0, 930]]"
hgb_lr0.04_leaf15,sweep,0.0070604439270927945,0.495,0.4813895781637717,0.5184331797235023,"[[40, 1045], [0, 930]]"
hgb_lr0.04_leaf31,sweep,0.0012257093851864046,0.48935483870967744,0.4813895781637717,0.5184331797235023,"[[40, 1045], [0, 930]]"
hgb_lr0.04_leaf63,sweep,8.14567359739536e-05,0.48838709677419356,0.4813895781637717,0.5184331797235023,"[[40, 1045], [0, 930]]"
hgb_lr0.06_leaf15,sweep,0.0022679110914266888,0.4874193548387097,0.4813895781637717,0.5184331797235023,"[[40, 1045], [0, 930]]"
hgb_lr0.06_leaf31,sweep,0.00016404006818475874,0.48596774193548387,0.4813895781637717,0.5184331797235023,"[[40, 1045], [0, 930]]"
hgb_lr0.06_leaf63,sweep,4.228489450625926e-06,0.4938709677419355,0.4813895781637717,0.5184331797235023,"[[40, 1045], [0, 930]]"
hgb_lr0.08_leaf15,sweep,0.0010191140228011748,0.49016129032258066,0.4813895781637717,0.5184331797235023,"[[40, 1045], [0, 930]]"
hgb_lr0.08_leaf31,sweep,3.196284150243766e-05,0.4890322580645161,0.4813895781637717,0.5184331797235023,"[[40, 1045], [0, 930]]"
hgb_lr0.08_leaf63,sweep,1.8979534444151734e-07,0.4932258064516129,0.4813895781637717,0.5184331797235023,"[[40, 1045], [0, 930]]"
gb_lr0.03_d1,sweep,0.125343711602953,0.5016129032258064,0.4813895781637717,0.5184331797235023,"[[40, 1045], [0, 930]]"
gb_lr0.03_d2,sweep,0.07434229356900468,0.4956451612903226,0.4813895781637717,0.5184331797235023,"[[40, 1045], [0, 930]]"
gb_lr0.03_d3,sweep,0.05218947222040496,0.487258064516129,0.4813895781637717,0.5184331797235023,"[[40, 1045], [0, 930]]"
gb_lr0.05_d1,sweep,0.10168705414133618,0.49806451612903224,0.4813895781637717,0.5184331797235023,"[[40, 1045], [0, 930]]"
gb_lr0.05_d2,sweep,0.04786718764606344,0.49096774193548387,0.4813895781637717,0.5184331797235023,"[[40, 1045], [0, 930]]"
gb_lr0.08_d2,sweep,0.03428654223012475,0.48951612903225805,0.4813895781637717,0.5184331797235023,"[[40, 1045], [0, 930]]"
ada300,sweep,0.4855216037553064,0.4917741935483871,0.4813895781637717,0.5184331797235023,"[[40, 1045], [0, 930]]"
ada600,sweep,0.49102798691769617,0.49290322580645163,0.4813895781637717,0.5184331797235023,"[[40, 1045], [0, 930]]"
"mlp(64,)",sweep,8.113368462945797e-05,0.4814516129032258,0.4813895781637717,0.5184331797235023,"[[40, 1045], [0, 930]]"
"mlp(128,)",sweep,7.279436417738907e-05,0.48338709677419356,0.4813895781637717,0.5184331797235023,"[[40, 1045], [0, 930]]"
"mlp(64, 32)",sweep,1.3935329249079587e-07,0.4841935483870968,0.4813895781637717,0.5184331797235023,"[[40, 1045], [0, 930]]"
lda,sweep,0.032970604738593104,0.4790322580645161,0.4813895781637717,0.5184331797235023,"[[40, 1045], [0, 930]]"
qda001,sweep,1.860758244641892e-08,0.49516129032258066,0.4813895781637717,0.5184331797235023,"[[40, 1045], [0, 930]]"
gnb,sweep,2.7088635597672935e-82,0.5206451612903226,0.4813895781637717,0.5184331797235023,"[[40, 1045], [0, 930]]"
gb_lr0.08_d1,sweep,0.08018849735461794,0.5001612903225806,0.480893300248139,0.5179723502304148,"[[39, 1046], [0, 930]]"
hgb_lr0.04_leaf15,sweep,0.006850936409029671,0.49451612903225806,0.4803970223325062,0.5175115207373272,"[[38, 1047], [0, 930]]"
gb_lr0.05_d3,sweep,0.031021517967291298,0.4864516129032258,0.4803970223325062,0.5175115207373272,"[[38, 1047], [0, 930]]"
ada100,sweep,0.4623880793363254,0.485,0.4794044665012407,0.5165898617511521,"[[36, 1049], [0, 930]]"
ada100,sweep,0.46289356671571463,0.48629032258064514,0.4794044665012407,0.5165898617511521,"[[36, 1049], [0, 930]]"
hgb_lr0.02_leaf15,sweep,0.021613342562435734,0.49483870967741933,0.4784119106699752,0.5156682027649769,"[[34, 1051], [0, 930]]"
hgb_lr0.06_leaf31,sweep,0.0001539424195772328,0.485,0.4784119106699752,0.5156682027649769,"[[34, 1051], [0, 930]]"
hgb_lr0.06_leaf15,sweep,0.002105524417382382,0.485,0.47791563275434246,0.5152073732718894,"[[33, 1052], [0, 930]]"
gb_lr0.08_d1,sweep,0.07718908703935921,0.4941935483870968,0.47791563275434246,0.5152073732718894,"[[33, 1052], [0, 930]]"
qda001,sweep,9.727631084062823e-09,0.4896774193548387,0.47791563275434246,0.5152073732718894,"[[33, 1052], [0, 930]]"
gb_lr0.03_d2,sweep,0.07293315795664448,0.49483870967741933,0.4774193548387097,0.5147465437788018,"[[32, 1053], [0, 930]]"
gb_lr0.05_d1,sweep,0.09858092185224167,0.4940322580645161,0.47692307692307695,0.5142857142857142,"[[31, 1054], [0, 930]]"
gnb,sweep,2.256994047138906e-83,0.5145161290322581,0.47692307692307695,0.5142857142857142,"[[31, 1054], [0, 930]]"
hgb_lr0.02_leaf63,sweep,0.002990733573948253,0.485,0.47543424317617866,0.5129032258064516,"[[28, 1057], [0, 930]]"
hgb_lr0.08_leaf15,sweep,0.0008131186629196357,0.485,0.47543424317617866,0.5129032258064516,"[[28, 1057], [0, 930]]"
gb_lr0.08_d3,sweep,0.01848215728322304,0.4925806451612903,0.47543424317617866,0.5129032258064516,"[[28, 1057], [0, 930]]"
hgb_lr0.04_leaf31,sweep,0.0010009559423098627,0.485,0.4749379652605459,0.5124423963133641,"[[27, 1058], [0, 930]]"
gb_lr0.05_d3,sweep,0.030292091814636844,0.4848387096774194,0.47444168734491315,0.5119815668202765,"[[26, 1059], [0, 930]]"
ada300,sweep,0.48421984549087094,0.485,0.4739454094292804,0.511520737327189,"[[25, 1060], [0, 930]]"
gb_lr0.03_d1,sweep,0.11550936933582859,0.49435483870967745,0.47295285359801487,0.5105990783410138,"[[23, 1062], [0, 930]]"
gb_lr0.03_d3,sweep,0.04996897730676006,0.4848387096774194,0.47295285359801487,0.5105990783410138,"[[23, 1062], [0, 930]]"
gb_lr0.08_d2,sweep,0.031555461698723565,0.485,0.47295285359801487,0.5105990783410138,"[[23, 1062], [0, 930]]"
hgb_lr0.04_leaf63,sweep,6.592464463881448e-05,0.485,0.47245657568238214,0.5101382488479262,"[[22, 1063], [0, 930]]"
hgb_lr0.02_leaf15,sweep,0.018691353303707768,0.49032258064516127,0.47196029776674936,0.5096774193548387,"[[21, 1064], [0, 930]]"
hgb_lr0.02_leaf31,sweep,0.00736370292935848,0.49,0.47196029776674936,0.5096774193548387,"[[21, 1064], [0, 930]]"
hgb_lr0.02_leaf63,sweep,0.002826863028551295,0.48338709677419356,0.47196029776674936,0.5096774193548387,"[[21, 1064], [0, 930]]"
hgb_lr0.04_leaf15,sweep,0.004987859238528872,0.4870967741935484,0.47196029776674936,0.5096774193548387,"[[21, 1064], [0, 930]]"
hgb_lr0.04_leaf31,sweep,0.000924005203519912,0.4840322580645161,0.47196029776674936,0.5096774193548387,"[[21, 1064], [0, 930]]"
hgb_lr0.04_leaf63,sweep,6.436944797461065e-05,0.48451612903225805,0.47196029776674936,0.5096774193548387,"[[21, 1064], [0, 930]]"
hgb_lr0.06_leaf15,sweep,0.0017108820151889607,0.48193548387096774,0.47196029776674936,0.5096774193548387,"[[21, 1064], [0, 930]]"
hgb_lr0.06_leaf31,sweep,0.00012509676442858494,0.48161290322580647,0.47196029776674936,0.5096774193548387,"[[21, 1064], [0, 930]]"
hgb_lr0.06_leaf63,sweep,2.5767749995786507e-06,0.48612903225806453,0.47196029776674936,0.5096774193548387,"[[21, 1064], [0, 930]]"
hgb_lr0.08_leaf15,sweep,0.0007156318579503982,0.48258064516129034,0.47196029776674936,0.5096774193548387,"[[21, 1064], [0, 930]]"
hgb_lr0.08_leaf31,sweep,2.3297290970032618e-05,0.48612903225806453,0.47196029776674936,0.5096774193548387,"[[21, 1064], [0, 930]]"
hgb_lr0.08_leaf63,sweep,1.0103981878817711e-07,0.48612903225806453,0.47196029776674936,0.5096774193548387,"[[21, 1064], [0, 930]]"
gb_lr0.03_d1,sweep,0.11296694063461576,0.48661290322580647,0.47196029776674936,0.5096774193548387,"[[21, 1064], [0, 930]]"
gb_lr0.05_d3,sweep,0.029794611870792832,0.4838709677419355,0.47196029776674936,0.5096774193548387,"[[21, 1064], [0, 930]]"
ada100,sweep,0.458519786317306,0.48161290322580647,0.47196029776674936,0.5096774193548387,"[[21, 1064], [0, 930]]"
ada300,sweep,0.4837914657384232,0.4820967741935484,0.47196029776674936,0.5096774193548387,"[[21, 1064], [0, 930]]"
ada600,sweep,0.4900439847501155,0.485,0.47196029776674936,0.5096774193548387,"[[21, 1064], [0, 930]]"
ada600,sweep,0.49004565119963733,0.48516129032258065,0.47196029776674936,0.5096774193548387,"[[21, 1064], [0, 930]]"
"mlp(64,)",sweep,3.2106348444358444e-05,0.47919354838709677,0.47196029776674936,0.5096774193548387,"[[21, 1064], [0, 930]]"
"mlp(128,)",sweep,3.9973875682335344e-05,0.48080645161290325,0.47196029776674936,0.5096774193548387,"[[21, 1064], [0, 930]]"
"mlp(64, 32)",sweep,4.9369499066642673e-08,0.4790322580645161,0.47196029776674936,0.5096774193548387,"[[21, 1064], [0, 930]]"
lda,sweep,0.02445290483534336,0.47758064516129034,0.47196029776674936,0.5096774193548387,"[[21, 1064], [0, 930]]"
qda001,sweep,3.132041743231503e-09,0.48370967741935483,0.47196029776674936,0.5096774193548387,"[[21, 1064], [0, 930]]"
gnb,sweep,2.0236237026387312e-84,0.5074193548387097,0.47196029776674936,0.5096774193548387,"[[21, 1064], [0, 930]]"
gb_lr0.05_d1,sweep,0.09425858722468529,0.4888709677419355,0.47146401985111663,0.5092165898617511,"[[20, 1065], [0, 930]]"
gb_lr0.08_d1,sweep,0.0755151643827479,0.4932258064516129,0.47146401985111663,0.5092165898617511,"[[20, 1065], [0, 930]]"
hgb_lr0.06_leaf63,sweep,2.4206112929510825e-06,0.485,0.47096774193548385,0.5087557603686635,"[[19, 1066], [0, 930]]"
hgb_lr0.08_leaf63,sweep,9.289036027573186e-08,0.485,0.47096774193548385,0.5087557603686635,"[[19, 1066], [0, 930]]"
gb_lr0.03_d1,sweep,0.11266392673564828,0.4838709677419355,0.47096774193548385,0.5087557603686635,"[[19, 1066], [0, 930]]"
gb_lr0.03_d2,sweep,0.07066700193552472,0.4916129032258065,0.47096774193548385,0.5087557603686635,"[[19, 1066], [0, 930]]"
gb_lr0.08_d3,sweep,0.017940241486044308,0.49129032258064514,0.47096774193548385,0.5087557603686635,"[[19, 1066], [0, 930]]"
gb_lr0.05_d2,sweep,0.042980785966621464,0.485,0.4704714640198511,0.5082949308755761,"[[18, 1067], [0, 930]]"
gb_lr0.05_d2,sweep,0.044455302715104734,0.4856451612903226,0.4704714640198511,0.5082949308755761,"[[18, 1067], [0, 930]]"
gb_lr0.08_d2,sweep,0.031474826296865176,0.485,0.4704714640198511,0.5082949308755761,"[[18, 1067], [0, 930]]"
gb_lr0.03_d3,sweep,0.04973156406311236,0.4848387096774194,0.46997518610421835,0.5078341013824885,"[[17, 1068], [0, 930]]"
gnb,sweep,9.673957293494713e-85,0.5046774193548387,0.46997518610421835,0.5078341013824885,"[[17, 1068], [0, 930]]"
qda001,sweep,2.449795376620112e-09,0.4824193548387097,0.46898263027295284,0.5069124423963134,"[[15, 1070], [0, 930]]"
gb_lr0.05_d1,sweep,0.0907461958401341,0.48451612903225805,0.4684863523573201,0.5064516129032258,"[[14, 1071], [0, 930]]"
hgb_lr0.02_leaf31,sweep,0.006289601914599613,0.485,0.46799007444168733,0.5059907834101383,"[[13, 1072], [0, 930]]"
hgb_lr0.02_leaf15,sweep,0.015321445380213902,0.485,0.4665012406947891,0.5046082949308756,"[[10, 1075], [0, 930]]"
hgb_lr0.08_leaf31,sweep,1.9600173271241924e-05,0.485,0.4665012406947891,0.5046082949308756,"[[10, 1075], [0, 930]]"
hgb_lr0.04_leaf15,sweep,0.0042284955499168305,0.485,0.4660049627791563,0.504147465437788,"[[9, 1076], [0, 930]]"
gb_lr0.08_d1,sweep,0.0684961505242514,0.485,0.4660049627791563,0.504147465437788,"[[9, 1076], [0, 930]]"
gb_lr0.08_d3,sweep,0.016418135127788027,0.485,0.4660049627791563,0.504147465437788,"[[9, 1076], [0, 930]]"
gb_lr0.03_d2,sweep,0.06619634377733317,0.485,0.4655086848635236,0.5036866359447004,"[[8, 1077], [0, 930]]"
gnb,sweep,4.1236302511614424e-88,0.485,0.46153846153846156,0.5,"[[0, 1085], [0, 930]]"
gnb,sweep,2.1043590596390674e-86,0.49483870967741933,0.46153846153846156,0.5,"[[0, 1085], [0, 930]]"
nusvc03,sweep,1.0000000994736041e-07,0.475,0.46153846153846156,0.5,"[[0, 1085], [0, 930]]"
